frame,t,nose_x,nose_y,nose_c,l_eye_x,l_eye_y,l_eye_c,r_eye_x,r_eye_y,r_eye_c,l_ear_x,l_ear_y,l_ear_c,r_ear_x,r_ear_y,r_ear_c,l_shoulder_x,l_shoulder_y,l_shoulder_c,r_shoulder_x,r_shoulder_y,r_shoulder_c,l_elbow_x,l_elbow_y,l_elbow_c,r_elbow_x,r_elbow_y,r_elbow_c,l_wrist_x,l_wrist_y,l_wrist_c,r_wrist_x,r_wrist_y,r_wrist_c,l_hip_x,l_hip_y,l_hip_c,r_hip_x,r_hip_y,r_hip_c,l_knee_x,l_knee_y,l_knee_c,r_knee_x,r_knee_y,r_knee_c,l_ankle_x,l_ankle_y,l_ankle_c,r_ankle_x,r_ankle_y,r_ankle_c
0,0.0,1285.3,536.1,0.0,1275.7,541.1,0.0,1278.0,537.3,0.0,1256.0,541.9,0.0,1263.3,521.7,0.0,1236.2,515.4,0.998,1271.6,477.5,0.999,1227.2,452.8,0.991,1356.3,469.1,0.991,1162.4,417.0,0.975,1462.3,428.7,0.966,1223.9,350.9,0.999,1249.4,325.4,0.999,1273.6,335.5,0.997,1282.6,310.3,0.997,1316.2,148.5,0.984,1328.4,157.2,0.986
3,0.12,1274.7,555.0,0.0,1266.2,559.3,0.0,1272.8,556.1,0.0,1245.4,558.3,0.0,1266.1,541.6,0.0,1185.7,538.5,0.996,1288.5,510.8,0.998,1050.9,471.3,0.987,1369.7,493.9,0.988,959.3,448.5,0.968,1494.1,475.3,0.957,1184.5,392.3,0.997,1234.9,375.6,0.0,1263.4,351.9,0.991,1301.5,338.9,0.993,1352.5,173.9,0.957,1376.0,179.4,0.965
6,0.24,1277.6,563.1,0.0,1267.7,565.4,0.0,1275.2,566.0,0.0,1247.9,558.9,0.0,1269.8,551.5,0.0,1194.8,546.2,0.0,1289.4,513.1,0.998,1053.1,478.1,0.992,1363.4,501.2,0.989,927.3,452.5,0.979,1492.0,488.7,0.966,1201.6,403.4,0.998,1249.3,383.4,0.0,1273.9,341.6,0.995,1305.6,318.7,0.995,1359.7,143.6,0.974,1387.0,151.5,0.978
9,0.36,1276.3,569.2,0.0,1260.9,578.1,0.0,1276.9,576.7,0.0,1240.5,580.9,0.0,1279.6,559.6,0.0,1200.6,560.0,0.0,1294.4,494.4,0.996,1112.1,468.3,0.967,1357.2,480.8,0.972,1053.8,429.6,0.921,1509.3,523.6,0.91,1214.8,406.0,0.99,1265.2,362.3,0.991,1239.5,315.8,0.976,1282.2,271.5,0.981,1334.6,147.0,0.919,1388.0,154.2,0.937
12,0.48,1194.0,406.2,0.0,1192.6,415.7,0.0,1186.2,397.8,0.0,1179.8,469.5,0.0,1168.3,413.9,0.0,1187.8,511.7,0.997,1140.0,464.2,0.997,1229.1,443.2,0.0,1066.8,465.6,0.985,1252.9,360.3,0.952,1024.0,442.2,0.948,1211.4,513.7,0.999,1210.7,495.2,0.0,1287.4,351.8,0.992,1287.3,389.7,0.991,1415.2,168.0,0.926,1420.2,267.8,0.913
15,0.6,1205.1,565.9,0.0,1202.7,579.0,0.0,1207.0,567.2,0.0,1212.8,597.0,0.0,1227.4,556.1,0.0,1190.9,576.8,0.997,1273.1,493.5,0.993,989.4,458.0,0.991,1267.1,426.3,0.962,845.1,437.3,0.971,1337.7,483.5,0.917,1293.0,397.1,0.999,1333.2,346.3,0.998,1312.0,311.7,0.997,1330.6,270.5,0.996,1405.6,147.5,0.987,1404.5,145.4,0.984
18,0.72,1184.7,563.3,0.0,1170.1,574.3,0.0,1188.2,577.4,0.0,1171.3,586.4,0.0,1219.7,581.8,0.0,1152.0,553.7,0.996,1288.8,513.7,0.997,958.5,418.2,0.988,1344.5,477.3,0.977,865.8,422.0,0.973,1511.4,528.8,0.944,1244.9,374.1,0.994,1306.4,346.8,0.994,1236.5,333.0,0.989,1283.1,305.4,0.987,1369.1,139.5,0.955,1408.1,144.2,0.955
21,0.84,1168.6,562.2,0.0,1159.8,569.6,0.0,1178.1,578.4,0.0,1171.9,568.0,0.0,1224.1,586.3,0.0,1140.1,537.0,0.991,1307.9,529.6,0.998,964.8,460.5,0.97,1433.9,523.7,0.991,825.1,450.9,0.952,1536.0,511.2,0.974,1146.7,326.7,0.989,1224.5,319.0,0.994,1134.9,307.1,0.977,1203.8,299.0,0.987,1189.9,147.9,0.95,1238.8,166.9,0.97
24,0.96,1170.0,563.1,0.0,1166.3,571.0,0.0,1171.6,574.1,0.0,1192.0,585.2,0.0,1213.0,579.1,0.0,1202.7,545.1,0.991,1288.3,515.8,0.996,1080.9,466.3,0.947,1351.6,469.5,0.971,975.1,444.5,0.879,1466.6,487.9,0.91,1254.1,340.8,0.984,1298.9,323.0,0.989,1235.1,282.9,0.967,1263.2,268.5,0.978,1335.3,130.3,0.912,1356.2,126.6,0.936
27,1.08,1200.4,576.8,0.0,1189.0,579.6,0.0,1199.3,587.8,0.0,1191.2,576.6,0.0,1216.5,590.7,0.0,1202.2,533.6,0.997,1255.5,527.7,0.999,1199.5,492.4,0.0,1343.8,493.3,0.992,1257.5,491.7,0.954,1517.9,491.8,0.965,1214.0,341.5,0.997,1245.3,339.7,0.998,1239.2,310.6,0.986,1262.9,329.8,0.989,1296.6,159.1,0.942,1328.9,193.6,0.957
30,1.2,1171.4,561.3,0.0,1162.6,568.6,0.0,1181.2,577.3,0.0,1172.9,569.8,0.0,1226.8,585.1,0.0,1140.0,547.6,0.992,1304.5,522.7,0.999,952.4,495.2,0.977,1407.9,493.0,0.994,811.7,508.5,0.96,1501.3,494.7,0.981,1161.0,349.4,0.995,1234.7,335.9,0.998,1186.9,326.9,0.987,1252.4,331.5,0.993,1249.9,157.9,0.958,1299.0,195.6,0.975
33,1.32,1185.2,574.4,0.0,1174.3,576.1,0.0,1185.9,586.7,0.0,1184.9,572.2,0.0,1214.4,587.6,0.0,1203.2,533.7,0.996,1274.0,515.6,0.999,1219.4,487.8,0.976,1403.0,468.0,0.991,1232.4,498.7,0.932,1501.1,462.5,0.964,1228.0,343.6,0.993,1264.1,333.1,0.996,1246.5,322.7,0.975,1275.4,326.6,0.985,1295.8,170.1,0.91,1323.3,203.1,0.943
36,1.44,1172.3,571.1,0.0,1162.9,573.9,0.0,1175.4,582.7,0.0,1173.7,569.1,0.0,1208.4,582.8,0.0,1158.8,535.4,0.995,1276.4,517.8,0.998,1039.5,506.5,0.983,1388.2,471.6,0.992,901.5,507.6,0.963,1495.6,448.0,0.973,1174.4,339.0,0.997,1229.8,333.5,0.998,1211.4,329.7,0.991,1256.8,348.3,0.994,1296.3,190.3,0.963,1336.7,234.2,0.975
39,1.56,1150.5,567.3,0.0,1146.2,572.2,0.0,1160.4,579.1,0.0,1169.5,569.3,0.0,1212.4,581.3,0.0,1136.7,542.5,0.982,1299.3,528.3,0.997,954.7,503.5,0.96,1419.8,506.7,0.992,834.2,509.0,0.942,1529.2,484.8,0.975,1140.4,355.0,0.985,1214.2,349.0,0.993,1172.4,319.5,0.966,1240.3,326.6,0.984,1288.4,190.9,0.901,1331.4,228.5,0.945
42,1.68,1206.9,575.9,0.0,1191.0,577.2,0.0,1197.1,581.1,0.0,1178.1,565.1,0.0,1191.1,580.1,0.0,1191.1,528.6,0.903,1224.8,533.9,0.965,1359.7,470.8,0.892,1414.3,498.3,0.962,1498.5,439.9,0.898,1518.5,448.3,0.954,1209.5,343.8,0.935,1238.9,346.0,0.962,1229.8,282.2,0.884,1256.9,279.4,0.931,1321.3,148.8,0.764,1335.9,160.6,0.845
45,1.8,1170.1,556.6,0.0,1153.6,565.4,0.0,1177.2,578.4,0.0,1121.5,580.3,0.0,1178.1,601.9,0.0,1079.0,542.0,0.997,1242.4,546.1,0.983,949.4,521.0,0.992,1329.2,418.1,0.96,862.8,457.5,0.98,1367.4,323.2,0.949,1218.9,388.3,0.999,1299.2,399.2,0.998,1282.6,372.8,0.998,1388.7,367.0,0.997,1315.0,258.2,0.998,1429.9,256.0,0.997
48,1.92,1205.2,553.8,0.0,1184.1,562.8,0.0,1208.8,577.1,0.0,1134.6,580.3,0.0,1190.9,611.8,0.0,1084.6,534.4,0.996,1244.4,554.9,0.986,987.4,500.5,0.989,1353.8,412.1,0.957,899.4,450.9,0.972,1363.6,316.1,0.939,1211.6,385.0,0.997,1289.8,406.6,0.995,1298.4,376.2,0.995,1404.6,370.6,0.992,1324.1,271.9,0.994,1440.7,266.5,0.993
51,2.04,1146.6,551.8,0.0,1140.0,556.8,0.0,1167.5,577.0,0.0,1135.5,551.2,0.0,1203.2,596.9,0.0,1103.7,491.6,0.97,1261.1,538.2,0.934,960.8,487.9,0.953,1329.1,381.8,0.886,832.5,454.9,0.936,1355.0,232.5,0.901,1161.5,385.3,0.972,1234.5,421.1,0.958,1135.8,343.1,0.963,1237.7,351.0,0.941,1073.4,278.3,0.919,1207.4,260.7,0.894
54,2.16,1159.6,549.3,0.0,1147.5,563.2,0.0,1173.6,569.2,0.0,1132.7,579.9,0.0,1198.4,580.8,0.0,1106.3,530.5,0.991,1276.6,525.9,0.991,990.3,501.5,0.964,1391.6,419.1,0.984,883.4,428.5,0.942,1427.2,371.3,0.973,1251.0,384.6,0.995,1331.2,383.6,0.996,1269.6,386.2,0.991,1373.8,362.8,0.993,1297.6,285.3,0.988,1412.7,257.7,0.99
57,2.28,1243.4,552.2,0.0,1226.6,560.1,0.0,1247.8,568.1,0.0,1171.8,574.6,0.0,1219.6,590.9,0.0,1099.1,528.2,0.99,1239.6,548.9,0.905,949.9,493.4,0.983,1316.2,457.2,0.806,830.7,457.7,0.955,1417.0,397.2,0.797,1177.9,401.1,0.99,1242.9,420.3,0.97,1270.2,405.6,0.982,1347.3,409.0,0.952,1307.4,293.5,0.982,1403.2,298.8,0.968
60,2.4,1150.6,541.0,0.0,1147.4,547.8,0.0,1168.6,564.6,0.0,1148.2,552.7,0.0,1195.6,592.3,0.0,1137.6,494.9,0.976,1209.7,528.0,0.906,1013.4,482.7,0.953,1104.9,452.8,0.725,838.9,456.7,0.931,916.2,397.4,0.738,1207.7,352.1,0.954,1247.9,376.8,0.895,1207.9,351.7,0.945,1271.1,349.2,0.881,1130.7,261.5,0.924,1228.0,260.7,0.874
63,2.52,1196.2,545.5,0.0,1188.0,547.9,0.0,1210.7,574.2,0.0,1171.8,548.0,0.0,1227.6,613.7,0.0,1124.9,498.7,0.987,1268.9,548.1,0.877,987.5,509.1,0.972,1329.0,415.8,0.645,854.2,458.3,0.938,1350.8,286.3,0.668,1189.8,338.5,0.969,1260.7,378.7,0.9,1219.1,319.5,0.945,1313.7,330.2,0.842,1206.3,216.1,0.921,1330.8,218.6,0.843
66,2.64,1179.5,528.0,0.0,1177.7,537.5,0.0,1199.6,542.0,0.0,1171.4,535.5,0.0,1222.8,547.1,0.0,1151.4,498.8,0.98,1249.2,497.0,0.949,1005.3,497.4,0.956,1186.6,391.3,0.871,848.8,457.1,0.948,1095.1,290.4,0.0,1242.6,391.0,0.967,1290.8,398.6,0.947,1188.6,386.1,0.964,1256.9,394.1,0.943,1041.7,291.1,0.908,1134.8,307.8,0.876
69,2.76,1209.5,530.3,0.0,1198.3,543.6,0.0,1222.3,548.1,0.0,1163.2,562.8,0.0,1223.8,566.3,0.0,1095.9,503.3,0.993,1272.2,529.7,0.936,922.1,486.8,0.983,1358.5,437.8,0.857,806.4,449.8,0.958,1445.9,396.9,0.846,1217.4,366.1,0.991,1299.1,387.5,0.975,1259.4,351.4,0.983,1362.0,351.8,0.96,1312.2,259.0,0.981,1427.7,237.9,0.968
72,2.88,1179.2,515.3,0.0,1167.8,526.9,0.0,1190.9,534.6,0.0,1140.8,544.7,0.0,1200.3,552.2,0.0,1096.1,491.4,0.983,1260.8,511.5,0.936,936.8,486.9,0.961,1340.9,435.2,0.906,836.8,458.4,0.923,1440.3,409.2,0.879,1246.4,349.1,0.982,1323.5,365.7,0.971,1272.1,341.4,0.959,1368.2,337.0,0.941,1339.3,242.1,0.957,1450.2,219.3,0.946
75,3.0,1229.7,517.5,0.0,1217.4,522.8,0.0,1231.4,523.5,0.0,1169.8,531.9,0.0,1200.9,527.1,0.0,1100.3,506.8,0.983,1209.3,514.0,0.894,919.9,488.5,0.967,1219.5,483.4,0.802,809.3,457.4,0.932,1367.2,480.8,0.808,1209.4,388.9,0.0,1261.5,397.0,0.949,1319.4,403.4,0.971,1370.6,402.1,0.943,1364.2,293.8,0.98,1423.3,276.7,0.969
78,3.12,1155.2,360.4,0.0,1158.3,354.0,0.0,1153.6,357.2,0.0,1154.3,357.2,0.0,1143.2,361.9,0.0,1144.0,391.9,0.991,1118.3,421.9,0.989,1173.4,388.8,0.948,1064.6,463.3,0.931,1271.0,303.4,0.929,1000.9,399.2,0.9,1305.1,444.0,0.989,1301.8,463.6,0.989,1335.4,432.2,0.985,1346.9,442.7,0.985,1457.0,356.4,0.988,1460.4,365.8,0.989
81,3.24,1261.8,520.7,0.0,1254.8,530.8,0.0,1268.2,529.4,0.0,1214.2,542.8,0.0,1243.6,539.7,0.0,1144.9,492.9,0.988,1227.0,507.7,0.947,993.7,444.4,0.965,1187.3,412.6,0.797,859.0,408.3,0.936,1195.9,371.5,0.81,1238.3,383.7,0.0,1279.2,400.9,0.953,1320.3,397.9,0.974,1369.7,410.0,0.947,1350.9,323.7,0.98,1412.9,314.9,0.97
84,3.36,1175.1,515.5,0.0,1172.0,514.3,0.0,1178.2,527.6,0.0,1168.9,508.1,0.0,1180.2,537.7,0.0,1146.0,488.6,0.98,1205.9,510.5,0.962,1022.0,449.6,0.915,1190.4,408.8,0.84,868.9,452.4,0.855,1189.2,323.6,0.809,1315.4,374.7,0.941,1348.5,398.4,0.919,1343.7,364.9,0.913,1372.1,377.0,0.885,1366.2,272.1,0.922,1389.9,283.1,0.906
87,3.48,1255.3,503.5,0.0,1252.3,506.4,0.0,1258.2,516.9,0.0,1228.2,510.8,0.0,1241.3,536.9,0.0,1179.6,496.9,0.976,1232.4,516.0,0.926,1042.7,446.1,0.941,1150.2,414.0,0.748,890.7,396.4,0.894,1006.3,346.5,0.704,1275.6,404.1,0.957,1308.3,424.3,0.922,1315.8,345.1,0.933,1356.7,357.9,0.876,1324.1,267.1,0.931,1359.8,269.6,0.9
90,3.6,1258.7,534.2,0.0,1255.0,537.2,0.0,1258.9,533.4,0.0,1256.1,531.1,0.0,1267.9,517.4,0.0,1229.7,500.3,0.996,1301.2,484.5,0.99,1064.0,423.1,0.993,1330.9,443.1,0.963,863.7,416.5,0.982,1397.0,441.6,0.924,1271.9,366.6,0.998,1306.1,358.9,0.997,1253.9,309.0,0.996,1266.1,305.1,0.994,1268.5,180.2,0.986,1273.9,181.2,0.982
93,3.72,1218.6,507.2,0.0,1214.9,514.4,0.0,1222.4,512.7,0.0,1222.3,523.7,0.0,1246.3,506.8,0.0,1205.2,502.6,0.997,1292.0,461.2,0.998,1026.5,435.4,0.987,1296.4,405.9,0.988,869.9,388.8,0.965,1295.1,389.5,0.965,1245.7,372.0,0.998,1287.1,347.1,0.999,1191.9,312.1,0.994,1227.3,293.2,0.995,1184.3,186.2,0.983,1217.4,178.9,0.986
96,3.84,1249.3,536.4,0.0,1244.3,540.3,0.0,1250.3,539.2,0.0,1244.8,537.2,0.0,1260.8,526.4,0.0,1227.1,514.1,0.0,1286.9,470.1,0.995,1070.7,436.3,0.987,1274.0,397.0,0.973,897.8,389.6,0.97,1245.5,353.3,0.944,1269.3,371.4,0.998,1298.3,347.5,0.997,1244.5,336.9,0.0,1261.7,316.3,0.989,1222.6,189.5,0.968,1239.6,190.9,0.967
99,3.96,1224.9,514.6,0.0,1219.3,518.8,0.0,1229.2,519.4,0.0,1235.6,525.1,0.0,1263.6,513.5,0.0,1222.3,514.5,0.0,1341.0,472.7,0.997,1088.1,421.9,0.949,1424.7,436.7,0.99,979.3,387.4,0.928,1447.3,359.9,0.97,1288.1,370.6,0.991,1344.5,344.5,0.996,1268.6,319.8,0.974,1317.7,283.1,0.988,1301.6,174.8,0.923,1325.3,181.3,0.956
102,4.08,1256.2,537.3,0.0,1249.8,533.7,0.0,1253.0,531.1,0.0,1253.8,506.1,0.0,1256.4,504.1,0.0,1273.4,475.5,0.986,1303.3,472.5,0.996,1330.2,429.7,0.96,1412.7,455.9,0.987,1327.9,403.2,0.946,1451.0,435.9,0.971,1287.8,325.7,0.996,1307.7,322.2,0.998,1312.1,304.4,0.992,1321.7,299.3,0.995,1326.4,160.0,0.976,1319.3,164.1,0.986
105,4.2,1259.6,518.6,0.0,1257.8,523.4,0.0,1268.1,521.8,0.0,1263.3,499.1,0.0,1290.1,504.8,0.0,1255.0,459.0,0.969,1305.3,460.8,0.974,1144.7,409.7,0.929,1275.3,407.0,0.925,965.9,396.4,0.947,1219.6,366.5,0.924,1235.5,367.0,0.978,1257.1,368.9,0.978,1155.8,374.6,0.971,1171.7,379.8,0.972,1101.7,297.4,0.95,1125.9,287.4,0.956
108,4.32,1253.5,511.9,0.0,1251.1,515.1,0.0,1258.3,513.3,0.0,1269.4,516.6,0.0,1290.7,500.5,0.0,1239.5,506.2,0.0,1353.5,460.2,0.995,1068.4,435.1,0.968,1436.6,444.7,0.982,910.4,413.5,0.95,1553.8,457.0,0.949,1251.9,364.1,0.987,1304.0,333.7,0.991,1197.0,323.8,0.981,1231.9,294.5,0.986,1265.0,183.1,0.961,1282.0,185.1,0.972
111,4.44,1288.1,523.4,0.0,1279.6,525.7,0.0,1284.2,519.8,0.0,1274.6,521.3,0.0,1287.5,499.8,0.0,1265.7,487.8,0.983,1335.3,478.3,0.99,1268.4,406.0,0.945,1464.3,449.6,0.952,1216.6,364.4,0.904,1553.4,428.0,0.876,1274.7,344.7,0.983,1313.9,338.3,0.985,1280.6,302.8,0.967,1310.6,296.5,0.971,1347.3,167.5,0.896,1358.8,165.6,0.0
114,4.56,1241.0,512.8,0.0,1235.9,515.5,0.0,1234.1,513.7,0.0,1249.6,513.5,0.0,1242.3,514.2,0.0,1303.9,478.2,0.989,1280.6,472.9,0.974,1420.6,431.1,0.976,1370.2,430.6,0.931,1524.0,420.6,0.946,1495.0,404.8,0.906,1304.5,318.3,0.99,1307.6,315.4,0.986,1301.5,238.2,0.962,1290.4,235.1,0.95,1281.2,135.7,0.905,1271.2,144.0,0.895
117,4.68,1238.8,496.1,0.0,1233.5,501.8,0.0,1234.4,500.7,0.0,1244.8,514.2,0.0,1246.9,509.0,0.0,1279.1,484.7,0.984,1283.2,478.4,0.997,1342.8,426.0,0.959,1352.0,443.1,0.995,1421.0,395.3,0.929,1456.9,418.0,0.985,1306.6,342.8,0.997,1320.5,338.3,0.999,1308.6,270.1,0.989,1314.0,262.7,0.996,1322.3,156.9,0.96,1330.0,158.9,0.979
120,4.8,1266.6,510.5,0.0,1257.8,513.9,0.0,1263.4,510.1,0.0,1251.0,514.0,0.0,1265.3,505.7,0.0,1248.2,495.7,0.973,1320.1,491.2,0.993,1259.5,409.9,0.949,1439.8,443.7,0.985,1248.2,372.0,0.942,1512.4,393.0,0.965,1257.4,370.4,0.992,1299.0,366.8,0.995,1300.5,303.7,0.98,1334.9,293.9,0.988,1328.5,168.7,0.919,1340.3,166.0,0.948
123,4.92,1242.3,507.5,0.0,1228.5,510.4,0.0,1242.8,516.4,0.0,1221.8,505.7,0.0,1255.9,515.6,0.0,1224.1,473.3,0.981,1318.9,486.1,0.997,1219.4,363.1,0.937,1442.8,462.7,0.99,1161.4,296.7,0.923,1461.0,399.2,0.971,1250.3,347.1,0.0,1300.6,350.7,0.997,1275.8,302.5,0.976,1326.2,290.8,0.989,1247.2,175.7,0.917,1289.7,189.1,0.956
126,5.04,1227.5,510.9,0.0,1224.1,514.2,0.0,1230.4,515.0,0.0,1233.5,516.0,0.0,1250.3,515.0,0.0,1242.1,510.0,0.981,1299.9,478.8,0.996,1212.5,471.3,0.951,1363.2,405.0,0.989,1089.7,452.3,0.941,1324.6,334.6,0.974,1267.4,381.0,0.997,1299.8,363.9,0.999,1192.7,339.9,0.996,1216.4,316.5,0.998,1126.5,199.0,0.993,1144.4,197.0,0.996
129,5.16,1233.4,516.1,0.0,1222.6,517.2,0.0,1234.8,524.2,0.0,1228.9,511.0,0.0,1257.2,524.1,0.0,1242.6,488.7,0.92,1318.6,470.9,0.983,1267.9,423.1,0.821,1414.3,411.4,0.959,1240.1,389.6,0.0,1366.3,371.2,0.929,1283.9,341.0,0.972,1324.5,327.8,0.986,1255.6,317.2,0.97,1298.9,290.6,0.985,1284.5,198.1,0.939,1313.1,197.2,0.966
132,5.28,1236.8,502.0,0.0,1227.2,503.2,0.0,1232.1,509.3,0.0,1236.1,506.0,0.0,1247.9,511.6,0.0,1271.0,478.5,0.97,1305.6,480.5,0.993,1330.1,407.1,0.86,1404.6,430.8,0.973,1270.3,377.9,0.812,1354.7,375.3,0.935,1309.1,354.8,0.981,1333.0,354.4,0.991,1308.8,308.7,0.959,1327.4,302.2,0.98,1327.9,187.9,0.886,1341.2,197.3,0.935
135,5.4,1152.2,387.9,0.0,1157.0,389.8,0.0,1150.6,390.7,0.0,1179.3,413.4,0.0,1171.8,417.7,0.0,1188.8,442.0,0.961,1184.8,440.2,0.985,1039.8,411.9,0.967,1022.9,453.6,0.986,882.6,417.8,0.965,849.6,442.5,0.978,1250.1,416.7,0.997,1254.5,427.0,0.998,1280.7,376.8,0.991,1277.8,422.7,0.993,1352.3,196.9,0.952,1338.6,291.4,0.96
138,5.52,1131.1,452.2,0.0,1126.5,445.1,0.0,1130.3,458.6,0.0,1155.5,431.6,0.0,1167.8,467.0,0.0,1212.1,430.2,0.974,1249.2,475.5,0.986,1241.4,384.8,0.955,1317.5,521.5,0.96,1224.8,345.7,0.948,1270.0,506.8,0.948,1271.1,387.9,0.992,1292.7,421.8,0.993,1339.0,343.5,0.973,1363.6,403.4,0.975,1373.1,162.0,0.863,1388.7,291.4,0.878
141,5.64,1225.1,494.9,0.0,1218.0,494.6,0.0,1220.7,504.3,0.0,1233.9,495.6,0.0,1240.2,512.9,0.0,1282.5,476.2,0.98,1277.6,464.6,0.994,1398.3,454.4,0.932,1382.4,460.8,0.981,1453.6,454.4,0.873,1467.1,466.1,0.95,1304.2,319.7,0.976,1311.8,308.0,0.988,1287.0,306.6,0.925,1283.5,281.2,0.958,1295.2,157.9,0.804,1303.9,152.7,0.875
144,5.76,1225.5,497.3,0.0,1229.7,503.0,0.0,1231.8,504.8,0.0,1252.7,510.9,0.0,1267.0,509.7,0.0,1234.1,503.9,0.994,1297.4,460.4,0.993,1023.3,428.2,0.99,1235.6,419.6,0.98,848.9,428.2,0.985,1175.9,431.4,0.975,1273.5,391.0,0.999,1300.6,365.3,0.998,1257.5,356.8,0.997,1269.8,322.4,0.997,1316.9,196.8,0.989,1316.7,197.9,0.989
147,5.88,1204.7,489.9,0.0,1208.9,502.5,0.0,1212.6,498.8,0.0,1240.6,532.5,0.0,1260.7,506.2,0.0,1226.8,522.6,0.99,1307.9,459.2,0.996,1023.3,443.1,0.954,1280.7,409.4,0.98,854.1,436.9,0.911,1291.2,408.8,0.943,1264.1,388.1,0.989,1303.1,350.1,0.993,1204.1,322.1,0.974,1228.2,289.8,0.983,1281.4,175.6,0.929,1295.4,177.7,0.947
150,6.0,1233.8,486.7,0.0,1233.8,490.3,0.0,1234.8,492.4,0.0,1260.6,500.2,0.0,1271.7,493.4,0.0,1257.7,483.2,0.968,1307.5,467.8,0.974,1136.9,410.4,0.93,1298.3,451.2,0.922,962.0,401.4,0.924,1283.9,450.2,0.895,1295.9,386.8,0.97,1321.9,371.4,0.97,1240.2,382.8,0.96,1250.7,321.9,0.96,1385.4,298.0,0.885,1385.5,215.8,0.893
153,6.12,1285.7,537.4,0.0,1278.8,535.9,0.0,1284.3,541.2,0.0,1273.3,513.7,0.0,1287.0,527.2,0.0,1238.0,475.7,0.994,1301.4,470.6,0.983,1140.5,424.8,0.987,1366.1,433.6,0.929,994.0,429.9,0.98,1499.9,412.3,0.897,1217.2,327.9,0.994,1247.0,322.5,0.989,1217.7,353.9,0.993,1226.5,329.4,0.987,1287.6,271.1,0.979,1296.4,237.1,0.974
156,6.24,1235.7,499.2,0.0,1234.9,493.9,0.0,1231.6,505.9,0.0,1261.3,483.8,0.0,1257.9,513.3,0.0,1277.1,460.9,0.954,1285.7,463.4,0.967,1297.8,437.1,0.933,1341.5,460.8,0.944,1428.3,434.1,0.929,1522.1,444.4,0.928,1260.6,339.1,0.933,1264.7,333.5,0.948,1285.3,457.2,0.893,1278.6,395.2,0.903,1446.0,407.5,0.686,1428.4,315.2,0.726
159,6.36,1149.2,322.9,0.0,1157.4,311.5,0.0,1146.7,322.0,0.0,1199.6,306.5,0.0,1178.1,328.3,0.0,1234.0,351.7,0.968,1178.2,359.4,0.962,1174.2,350.3,0.95,1012.8,447.8,0.919,1063.4,334.0,0.949,836.7,445.9,0.913,1284.3,406.2,0.992,1263.2,409.7,0.99,1296.1,441.6,0.988,1267.9,432.3,0.984,1416.8,337.3,0.96,1383.5,356.1,0.956
162,6.48,1235.6,485.4,0.0,1240.0,490.4,0.0,1244.2,487.4,0.0,1264.6,495.8,0.0,1280.6,477.8,0.0,1235.8,499.1,0.99,1316.9,436.7,0.996,1051.1,444.7,0.974,1334.5,404.4,0.986,882.8,442.4,0.962,1370.3,364.0,0.969,1218.9,396.4,0.996,1255.3,358.2,0.997,1163.9,334.2,0.995,1183.2,294.9,0.996,1178.1,218.7,0.989,1185.1,223.1,0.992
165,6.6,1216.8,475.8,0.0,1215.2,478.9,0.0,1224.2,483.4,0.0,1236.5,479.9,0.0,1264.7,486.4,0.0,1220.1,465.3,0.973,1323.0,453.5,0.994,1097.8,440.3,0.95,1402.1,429.4,0.984,930.0,425.4,0.946,1460.0,393.6,0.962,1223.3,340.0,0.987,1269.9,332.2,0.993,1194.1,365.8,0.979,1232.3,351.0,0.986,1246.8,245.3,0.945,1280.8,241.8,0.962
168,6.72,1268.6,479.5,0.0,1269.0,481.3,0.0,1270.4,477.9,0.0,1277.3,479.8,0.0,1283.6,476.9,0.0,1266.7,473.7,0.925,1306.6,469.5,0.982,1254.9,423.5,0.86,1371.8,453.1,0.968,1240.8,375.9,0.866,1439.1,380.7,0.936,1219.6,393.0,0.966,1239.7,382.7,0.981,1206.7,435.4,0.943,1216.9,395.2,0.966,1188.9,372.0,0.889,1184.5,312.9,0.927
171,6.84,1230.8,500.5,0.0,1230.7,503.8,0.0,1230.8,500.3,0.0,1251.4,485.3,0.0,1256.9,485.4,0.0,1264.1,460.2,0.829,1285.9,447.0,0.862,1124.6,408.3,0.839,1212.4,407.1,0.845,995.1,421.3,0.92,1233.3,400.9,0.888,1268.9,389.7,0.97,1276.2,383.7,0.971,1242.1,409.9,0.976,1231.1,412.1,0.977,1298.7,372.0,0.952,1279.4,373.4,0.958
174,6.96,1251.7,458.3,0.0,1259.9,464.3,0.0,1263.5,456.3,0.0,1279.9,464.1,0.0,1293.8,449.2,0.0,1249.3,466.1,0.973,1286.0,411.4,0.97,1035.0,445.0,0.965,1128.5,414.7,0.943,822.3,408.9,0.966,940.9,396.0,0.947,1238.7,381.8,0.992,1253.2,345.9,0.991,1127.3,431.2,0.99,1138.5,386.8,0.988,1076.3,336.6,0.982,1082.1,301.3,0.981
177,7.08,1145.9,419.5,0.0,1145.4,419.8,0.0,1148.8,426.9,0.0,1164.5,426.1,0.0,1178.7,439.3,0.0,1165.2,443.2,0.97,1190.7,421.3,0.969,975.0,435.5,0.98,1023.2,436.0,0.967,798.3,429.8,0.978,837.8,432.9,0.966,1281.2,414.7,0.998,1293.4,406.5,0.997,1286.9,425.3,0.994,1302.2,416.3,0.992,1377.7,299.6,0.969,1397.8,326.3,0.967
180,7.2,1277.7,511.0,0.0,1276.4,520.5,0.0,1287.4,511.2,0.0,1270.1,516.8,0.0,1280.9,495.7,0.0,1236.9,485.9,0.986,1256.3,450.0,0.993,1242.4,448.5,0.972,1251.8,361.7,0.986,1243.9,380.6,0.967,1324.6,286.9,0.978,1284.9,367.4,0.999,1295.2,361.9,0.999,1330.1,396.4,0.999,1343.1,374.0,0.999,1443.3,320.9,0.998,1441.6,284.8,0.999
183,7.32,1228.2,345.1,0.0,1219.3,343.3,0.0,1230.1,337.4,0.0,1196.6,352.6,0.0,1230.6,343.9,0.0,1186.6,410.7,0.993,1270.5,372.5,0.994,1124.6,430.1,0.959,1301.7,311.0,0.979,1055.6,412.1,0.898,1345.5,211.0,0.946,1222.8,446.5,0.998,1289.7,430.4,0.998,1137.9,353.3,0.994,1319.4,335.4,0.996,1040.3,303.4,0.985,1314.1,287.7,0.988
186,7.44,1265.7,427.6,0.0,1260.5,433.9,0.0,1269.1,426.7,0.0,1241.3,438.6,0.0,1256.4,425.9,0.0,1235.6,428.1,0.981,1253.6,405.1,0.994,1206.1,398.3,0.927,1272.6,317.2,0.988,1145.2,340.3,0.867,1326.0,204.4,0.963,1249.7,396.8,0.998,1268.8,386.2,0.999,1144.0,367.9,0.992,1259.3,351.1,0.996,1054.4,280.2,0.98,1269.4,250.3,0.987
189,7.56,1237.5,338.6,0.0,1238.6,339.7,0.0,1239.8,332.6,0.0,1239.6,358.0,0.0,1250.4,342.7,0.0,1252.1,382.0,0.997,1282.2,356.3,0.994,1239.7,377.9,0.987,1306.0,309.9,0.982,1220.4,315.8,0.943,1344.3,210.7,0.925,1257.5,427.8,1.0,1282.0,411.7,1.0,1127.6,427.5,0.998,1217.9,408.5,0.997,1007.1,379.8,0.99,1152.9,351.6,0.99
192,7.68,1253.0,379.8,0.0,1249.0,385.8,0.0,1255.7,378.3,0.0,1226.6,402.7,0.0,1245.7,387.8,0.0,1210.3,405.5,0.995,1248.4,393.3,0.996,1159.2,381.6,0.988,1272.7,334.3,0.99,1028.9,373.9,0.97,1337.7,226.3,0.977,1254.4,410.4,1.0,1294.1,406.9,1.0,1170.6,404.5,0.999,1357.6,394.1,0.999,1115.3,377.4,0.993,1424.7,338.4,0.994
195,7.8,1255.2,388.9,0.0,1250.4,397.0,0.0,1265.1,387.7,0.0,1228.3,413.3,0.0,1262.3,391.3,0.0,1196.1,418.9,0.98,1252.7,384.6,0.982,1080.5,401.6,0.977,1290.4,313.5,0.975,918.3,377.9,0.946,1347.4,211.9,0.954,1244.3,411.2,0.998,1286.5,400.5,0.999,1202.8,384.6,0.995,1357.8,364.7,0.995,1165.2,351.5,0.984,1437.6,309.6,0.985
198,7.92,1205.8,328.5,0.0,1200.2,330.1,0.0,1213.9,325.1,0.0,1187.5,348.9,0.0,1223.4,335.6,0.0,1174.9,386.3,0.988,1226.1,357.1,0.985,1117.7,411.5,0.985,1284.8,320.7,0.968,965.8,384.2,0.962,1341.4,216.6,0.941,1266.0,418.3,0.999,1287.1,413.8,0.998,1320.4,370.6,0.996,1331.1,354.3,0.996,1439.3,369.3,0.989,1450.7,332.0,0.988
201,8.04,1181.0,322.5,0.0,1182.5,318.4,0.0,1189.1,317.6,0.0,1193.3,329.1,0.0,1213.0,321.7,0.0,1179.1,374.9,0.994,1251.0,345.0,0.0,1111.2,406.5,0.99,1303.0,304.5,0.949,1000.2,395.5,0.972,1339.2,205.8,0.917,1282.0,404.5,0.999,1316.4,399.1,0.998,1329.8,359.2,0.997,1355.8,348.9,0.995,1462.7,331.9,0.991,1464.0,314.3,0.989
204,8.16,1190.1,334.6,0.0,1187.3,328.6,0.0,1204.3,325.8,0.0,1190.8,338.2,0.0,1247.2,325.3,0.0,1190.3,387.7,0.99,1265.9,355.0,0.985,1125.0,410.4,0.977,1343.4,298.8,0.944,1010.4,375.1,0.927,1399.2,226.6,0.861,1278.5,479.8,0.994,1314.7,474.6,0.991,1324.7,373.6,0.968,1338.0,359.9,0.956,1398.3,388.2,0.907,1430.7,361.4,0.902
207,8.28,1192.9,319.2,0.0,1188.7,314.0,0.0,1205.4,309.6,0.0,1187.4,330.2,0.0,1246.2,314.8,0.0,1198.6,392.8,0.993,1263.7,354.6,0.989,1097.5,406.2,0.978,1335.3,277.5,0.939,937.9,350.5,0.911,1383.5,171.5,0.83,1287.8,473.2,0.994,1318.7,464.1,0.992,1300.5,361.0,0.97,1323.6,345.0,0.959,1316.0,364.7,0.915,1392.9,335.6,0.91
210,8.4,1309.5,439.2,0.0,1303.9,442.3,0.0,1314.5,438.9,0.0,1293.0,445.4,0.0,1317.1,438.3,0.0,1298.2,437.0,0.909,1332.7,419.1,0.97,1230.3,407.2,0.865,1386.8,331.8,0.974,1094.5,353.0,0.853,1406.6,241.6,0.946,1269.3,402.0,0.992,1296.8,387.1,0.996,1123.5,395.9,0.977,1263.3,380.8,0.987,938.1,336.0,0.943,1199.3,312.8,0.962
213,8.52,1226.4,313.1,0.0,1217.2,310.7,0.0,1232.8,305.8,0.0,1195.8,325.6,0.0,1244.7,316.7,0.0,1181.7,396.2,0.987,1278.7,357.4,0.969,1078.1,425.4,0.966,1342.1,310.2,0.89,931.0,410.6,0.911,1382.3,207.8,0.83,1244.7,455.0,0.987,1304.5,440.2,0.982,1216.2,327.8,0.961,1325.0,312.4,0.946,1214.0,310.5,0.896,1375.2,294.4,0.879
216,8.64,1192.7,318.1,0.0,1190.5,312.1,0.0,1203.8,308.4,0.0,1197.5,324.5,0.0,1246.5,313.9,0.0,1210.1,382.0,0.993,1292.7,355.9,0.906,1113.3,408.2,0.979,1313.4,357.7,0.58,976.0,363.5,0.906,1286.1,314.8,0.42,1187.3,437.3,0.991,1236.2,412.6,0.966,1031.2,403.6,0.956,1093.3,378.6,0.848,883.9,375.3,0.865,972.2,346.1,0.736
219,8.76,1212.4,332.7,0.0,1207.2,328.5,0.0,1224.0,321.5,0.0,1208.4,340.4,0.0,1258.9,321.3,0.0,1226.3,398.5,0.989,1301.1,349.1,0.939,1145.6,427.7,0.979,1346.1,311.3,0.849,1023.6,377.9,0.939,1355.8,257.9,0.764,1246.2,458.5,0.99,1294.8,430.0,0.979,1093.8,370.3,0.944,1201.0,334.8,0.885,959.8,346.0,0.831,1145.0,307.0,0.765
222,8.88,1298.2,327.4,0.0,1292.7,326.6,0.0,1304.0,326.8,0.0,1288.0,335.7,0.0,1320.5,336.9,0.0,1291.2,363.5,0.971,1335.7,363.1,0.969,1298.6,314.0,0.94,1345.1,305.5,0.922,1313.9,235.2,0.921,1356.7,209.1,0.898,1319.1,401.6,0.988,1350.7,403.8,0.987,1325.6,295.2,0.978,1376.6,298.2,0.977,1345.8,266.1,0.958,1411.3,268.9,0.96
225,9.0,1304.8,471.4,0.0,1299.2,472.2,0.0,1304.4,470.4,0.0,1294.2,463.4,0.0,1304.9,460.0,0.0,1281.6,438.1,0.979,1320.2,440.8,0.998,1276.0,415.0,0.952,1380.7,460.8,0.995,1304.0,397.9,0.928,1504.4,427.3,0.983,1259.3,304.5,0.997,1286.1,304.7,0.0,1246.3,263.9,0.992,1265.1,263.2,0.997,1220.9,153.1,0.983,1239.0,162.0,0.992
228,9.12,1303.0,425.2,0.0,1298.3,433.1,0.0,1309.7,429.1,0.0,1290.1,456.0,0.0,1321.5,436.1,0.0,1258.8,460.5,0.992,1290.3,427.2,0.997,1163.1,396.5,0.983,1187.1,426.3,0.994,1115.5,298.1,0.973,1145.6,398.4,0.983,1235.5,436.4,0.999,1257.9,423.1,0.999,1273.0,338.0,0.998,1305.0,390.6,0.998,1327.8,190.2,0.988,1384.2,318.1,0.991
231,9.24,1298.0,476.6,0.0,1290.1,475.1,0.0,1305.6,478.8,0.0,1289.5,453.4,0.0,1324.1,463.7,0.0,1244.2,430.9,0.99,1362.8,431.9,0.997,1092.9,414.2,0.971,1433.2,440.7,0.986,980.8,403.3,0.951,1544.9,418.7,0.958,1230.7,309.2,0.994,1284.7,309.6,0.0,1162.6,305.2,0.99,1215.0,307.7,0.993,1171.8,214.2,0.985,1220.5,229.1,0.989
234,9.36,1290.7,466.5,0.0,1280.3,466.1,0.0,1296.1,472.9,0.0,1280.7,452.9,0.0,1318.4,469.8,0.0,1239.9,437.3,0.944,1372.3,436.2,0.991,1128.1,398.6,0.894,1485.6,459.2,0.978,1070.5,388.6,0.887,1598.5,437.8,0.95,1233.7,291.2,0.935,1296.0,287.2,0.969,1205.5,280.4,0.871,1265.4,268.6,0.931,1254.2,185.1,0.807,1295.4,197.0,0.882
237,9.48,1299.8,472.1,0.0,1296.4,478.9,0.0,1309.4,474.5,0.0,1303.0,476.2,0.0,1338.8,463.0,0.0,1274.1,463.2,0.958,1388.2,423.6,0.981,1127.8,436.4,0.883,1438.8,408.7,0.928,947.1,403.3,0.886,1427.4,377.7,0.885,1266.6,361.8,0.936,1315.7,332.7,0.95,1088.0,369.5,0.932,1134.6,335.6,0.946,1010.3,349.0,0.953,1047.5,321.0,0.963
240,9.6,1214.4,346.1,0.0,1230.4,340.1,0.0,1213.9,332.4,0.0,1268.1,340.5,0.0,1235.1,319.9,0.0,1264.3,396.8,0.978,1232.6,366.5,0.979,1126.0,416.8,0.958,1091.6,395.7,0.954,989.3,402.7,0.95,976.8,372.6,0.937,1262.8,437.8,0.99,1249.0,418.4,0.989,1271.0,440.0,0.975,1241.1,422.5,0.972,1315.1,449.1,0.928,1253.2,406.2,0.927
243,9.72,1313.5,469.5,0.0,1314.8,478.9,0.0,1323.5,471.8,0.0,1311.9,478.4,0.0,1337.9,468.7,0.0,1256.9,462.3,0.982,1314.6,428.7,0.973,1068.5,401.6,0.984,1188.4,404.6,0.963,935.4,381.2,0.985,1068.7,393.0,0.968,1224.8,364.5,0.998,1253.4,351.8,0.997,1209.3,309.9,0.998,1237.3,336.8,0.997,1239.0,213.8,0.993,1257.1,290.8,0.992
246,9.84,1219.8,337.7,0.0,1233.9,340.4,0.0,1220.1,333.6,0.0,1270.1,370.6,0.0,1244.8,343.0,0.0,1285.4,411.7,0.989,1226.5,382.6,0.994,1217.2,397.8,0.966,1080.6,428.1,0.985,1094.0,358.1,0.956,961.9,395.9,0.973,1245.7,440.1,0.996,1230.7,407.6,0.997,1228.6,400.9,0.991,1201.0,302.7,0.993,1266.6,369.9,0.966,1240.4,217.3,0.973
249,9.96,1295.7,481.3,0.0,1299.2,486.7,0.0,1304.8,483.4,0.0,1314.2,490.0,0.0,1331.0,478.5,0.0,1285.8,480.5,0.988,1336.9,431.9,0.985,1130.5,411.5,0.979,1251.6,387.9,0.962,1068.8,377.6,0.969,1198.8,386.4,0.953,1266.9,365.8,0.997,1294.8,336.8,0.996,1271.6,289.5,0.992,1296.3,259.1,0.992,1291.5,169.6,0.974,1303.6,167.4,0.975
252,10.08,1308.5,461.9,0.0,1308.2,464.3,0.0,1315.9,458.3,0.0,1312.3,467.2,0.0,1334.5,445.4,0.0,1263.3,478.1,0.986,1362.0,436.5,0.994,1088.2,414.6,0.973,1391.4,420.0,0.982,981.7,384.3,0.958,1478.3,391.9,0.952,1266.8,407.5,0.996,1312.8,380.7,0.997,1244.3,321.7,0.993,1280.2,299.2,0.994,1271.3,179.8,0.983,1292.2,180.6,0.987
255,10.2,1284.8,469.2,0.0,1282.8,471.3,0.0,1290.1,469.3,0.0,1294.3,474.7,0.0,1315.5,460.4,0.0,1261.8,464.5,0.979,1364.2,449.2,0.997,1102.1,401.1,0.956,1421.0,427.8,0.993,1015.9,396.3,0.93,1533.1,416.7,0.973,1267.0,382.1,0.996,1314.3,372.4,0.998,1260.6,288.5,0.988,1298.4,280.6,0.995,1300.3,177.7,0.974,1323.0,174.1,0.986
258,10.32,1273.5,455.5,0.0,1267.3,459.7,0.0,1278.5,461.3,0.0,1276.7,463.6,0.0,1307.6,460.7,0.0,1245.2,441.3,0.953,1364.4,444.2,0.993,1114.9,376.8,0.937,1451.2,421.3,0.99,1058.5,403.2,0.913,1558.0,399.8,0.968,1282.6,341.8,0.989,1336.8,346.5,0.995,1275.8,269.9,0.969,1324.4,288.4,0.987,1341.1,175.1,0.924,1369.9,211.1,0.959
261,10.44,1318.5,462.0,0.0,1317.2,466.0,0.0,1326.5,462.0,0.0,1324.0,467.3,0.0,1349.6,451.5,0.0,1278.0,458.4,0.981,1392.2,435.3,0.995,1132.3,391.3,0.949,1472.2,419.0,0.979,1019.7,368.6,0.92,1582.9,379.5,0.933,1255.6,358.3,0.991,1309.4,342.0,0.994,1194.8,292.3,0.985,1238.0,283.4,0.99,1176.5,202.8,0.98,1201.7,216.5,0.986
264,10.56,1213.8,256.5,0.0,1221.6,250.8,0.0,1205.6,253.8,0.0,1248.3,277.7,0.0,1216.0,284.3,0.0,1267.7,349.6,0.988,1212.0,351.3,0.995,1296.3,334.1,0.951,1177.9,385.8,0.987,1272.7,295.5,0.939,1131.2,300.3,0.972,1255.2,449.4,0.991,1235.9,451.0,0.993,1268.3,417.0,0.962,1238.2,421.5,0.971,1288.5,420.3,0.88,1244.5,438.5,0.888
267,10.68,1196.3,267.9,0.0,1207.1,268.7,0.0,1194.5,269.0,0.0,1242.0,307.2,0.0,1226.3,304.6,0.0,1262.5,374.1,0.983,1258.4,368.9,0.991,1260.8,360.8,0.949,1267.0,406.5,0.97,1235.1,313.4,0.944,1253.1,342.1,0.95,1243.7,417.8,0.988,1250.0,417.1,0.988,1242.3,343.9,0.966,1239.6,377.3,0.966,1268.5,263.7,0.914,1245.2,336.0,0.91
270,10.8,1313.7,319.2,0.0,1316.9,319.2,0.0,1311.6,314.5,0.0,1321.2,336.0,0.0,1301.7,326.4,0.0,1314.0,364.5,0.981,1321.8,368.3,0.975,1263.0,347.4,0.967,1330.2,348.1,0.93,1090.8,318.9,0.953,1294.3,271.1,0.928,1369.7,375.3,0.997,1366.2,376.7,0.996,1388.9,366.2,0.995,1382.3,357.3,0.994,1388.5,327.9,0.989,1370.5,287.7,0.988
273,10.92,1301.3,434.1,0.0,1302.4,441.4,0.0,1315.4,433.5,0.0,1306.0,447.4,0.0,1338.9,426.9,0.0,1277.7,433.3,0.97,1354.0,409.7,0.99,1166.9,389.9,0.935,1465.5,347.4,0.984,1079.3,339.9,0.916,1524.9,306.1,0.965,1285.6,353.2,0.997,1343.8,340.4,0.999,1215.5,350.4,0.995,1399.5,328.2,0.997,1095.7,303.7,0.99,1441.5,267.5,0.994
276,11.04,1317.5,483.3,0.0,1319.2,486.2,0.0,1321.1,479.3,0.0,1327.8,474.9,0.0,1323.6,458.0,0.0,1325.3,429.6,0.983,1357.9,403.7,0.955,1282.4,399.5,0.973,1377.0,351.7,0.918,1197.3,375.7,0.934,1380.3,323.7,0.869,1366.9,347.5,0.997,1374.6,332.2,0.996,1332.7,396.7,0.992,1294.5,370.3,0.987,1313.8,326.3,0.98,1226.2,288.5,0.975
279,11.16,1316.5,476.9,0.0,1311.8,481.4,0.0,1328.1,476.5,0.0,1295.5,469.6,0.0,1336.2,459.3,0.0,1243.6,444.6,0.984,1357.0,427.8,0.996,1140.8,437.5,0.938,1476.9,396.6,0.99,1071.5,403.0,0.912,1555.1,361.7,0.974,1268.8,321.3,0.998,1343.3,315.8,0.999,1264.5,316.9,0.996,1415.7,302.7,0.998,1232.7,246.7,0.994,1466.9,226.8,0.997
282,11.28,1309.8,438.6,0.0,1311.9,443.1,0.0,1319.7,436.6,0.0,1320.6,438.6,0.0,1334.8,422.4,0.0,1299.6,412.3,0.929,1350.4,386.5,0.93,1242.6,403.0,0.907,1373.7,339.9,0.902,1198.3,378.6,0.881,1378.9,298.6,0.872,1333.1,344.0,0.993,1372.5,333.2,0.993,1287.1,385.3,0.99,1394.0,365.2,0.99,1258.2,330.9,0.981,1432.0,298.8,0.983
285,11.4,1330.5,349.3,0.0,1336.6,348.2,0.0,1328.5,346.7,0.0,1350.5,357.9,0.0,1319.7,354.6,0.0,1321.7,369.8,0.882,1352.4,345.4,0.676,1295.4,384.2,0.907,1329.7,329.6,0.619,1287.8,345.2,0.825,1337.7,311.4,0.0,1347.8,348.8,0.994,1340.9,337.5,0.988,1371.9,405.4,0.993,1236.8,385.5,0.986,1518.3,347.6,0.992,1203.4,337.4,0.987
288,11.52,1306.3,393.4,0.0,1308.7,401.3,0.0,1319.0,392.0,0.0,1308.8,415.5,0.0,1334.4,394.6,0.0,1270.4,410.2,0.972,1335.5,393.8,0.989,1193.3,371.9,0.951,1447.1,349.4,0.986,1120.0,323.6,0.942,1526.1,305.0,0.972,1261.8,357.1,0.998,1315.1,347.3,0.0,1196.8,364.2,0.997,1394.7,342.4,0.998,1095.6,333.7,0.992,1458.4,289.2,0.995
291,11.64,1274.5,472.7,0.0,1274.4,480.2,0.0,1289.9,471.6,0.0,1282.1,474.1,0.0,1305.3,451.2,0.0,1250.9,448.3,0.936,1316.9,409.2,0.983,1181.9,439.8,0.925,1402.9,334.8,0.984,1104.2,422.6,0.929,1482.9,301.1,0.973,1314.7,333.8,0.0,1352.8,322.0,0.998,1307.2,354.4,0.994,1391.8,327.0,0.997,1332.5,276.2,0.99,1468.5,230.7,0.994
294,11.76,1320.8,323.2,0.0,1323.9,326.1,0.0,1322.0,315.9,0.0,1322.5,345.6,0.0,1311.0,325.1,0.0,1309.7,374.3,0.98,1305.6,340.6,0.965,1283.9,380.6,0.957,1219.1,330.4,0.912,1251.6,337.2,0.887,1141.9,333.4,0.836,1320.6,366.2,0.997,1294.5,349.7,0.996,1360.4,409.9,0.991,1188.3,379.2,0.985,1404.6,353.7,0.979,1079.7,317.5,0.972
297,11.88,1297.4,480.1,0.0,1296.0,485.1,0.0,1308.4,479.0,0.0,1297.3,475.4,0.0,1316.5,460.6,0.0,1258.4,448.7,0.931,1331.2,423.3,0.963,1180.3,431.7,0.898,1429.5,365.6,0.951,1096.2,405.1,0.899,1537.4,315.6,0.936,1299.6,338.6,0.988,1339.9,331.2,0.99,1313.6,351.1,0.982,1395.3,332.6,0.986,1318.8,284.2,0.971,1443.6,251.8,0.978
300,12.0,1313.3,355.1,0.0,1319.9,353.4,0.0,1313.1,344.9,0.0,1333.6,357.9,0.0,1301.7,337.5,0.0,1332.0,372.9,0.983,1304.9,341.9,0.955,1371.6,330.3,0.982,1169.6,326.7,0.939,1420.0,229.4,0.97,1036.2,354.6,0.932,1339.1,370.5,0.998,1301.1,352.3,0.996,1368.3,424.2,0.992,1183.3,385.8,0.985,1384.7,352.1,0.976,1015.1,314.7,0.965
303,12.12,1301.8,488.9,0.0,1299.4,491.4,0.0,1310.5,486.3,0.0,1305.3,479.4,0.0,1329.4,466.4,0.0,1298.1,463.3,0.988,1363.5,438.6,0.989,1224.2,435.0,0.952,1461.0,364.3,0.966,1110.1,391.9,0.923,1519.7,286.4,0.933,1304.8,348.7,0.997,1353.9,334.2,0.997,1233.7,376.3,0.994,1390.6,356.0,0.995,1112.3,283.6,0.987,1383.5,252.8,0.99
306,12.24,1279.8,453.3,0.0,1280.9,460.1,0.0,1291.9,448.2,0.0,1287.2,463.0,0.0,1304.2,432.0,0.0,1278.4,450.2,0.991,1307.4,393.0,0.0,1205.5,429.7,0.988,1282.0,309.7,0.882,1093.0,392.9,0.968,1283.5,284.3,0.854,1347.5,369.9,0.998,1352.6,348.4,0.994,1342.3,398.3,0.992,1297.3,358.3,0.979,1376.5,321.6,0.976,1290.8,267.1,0.959
309,12.36,1302.6,487.7,0.0,1302.1,490.5,0.0,1307.5,485.9,0.0,1303.7,476.5,0.0,1302.0,467.8,0.0,1305.6,449.2,0.983,1277.7,436.0,0.985,1302.2,435.7,0.965,1180.6,402.7,0.958,1279.1,414.6,0.949,1068.4,399.7,0.944,1328.2,339.5,0.997,1307.4,335.5,0.997,1365.2,367.7,0.994,1292.7,353.3,0.993,1420.7,282.4,0.989,1304.4,262.6,0.988
312,12.48,1318.8,492.0,0.0,1313.9,496.3,0.0,1325.2,492.6,0.0,1311.7,479.7,0.0,1328.8,470.8,0.0,1290.6,450.1,0.987,1347.0,430.7,0.99,1165.0,424.5,0.962,1445.2,409.2,0.97,988.1,362.7,0.942,1502.9,404.6,0.954,1300.0,326.8,0.998,1336.6,314.1,0.998,1262.5,347.7,0.997,1389.7,321.4,0.998,1177.9,263.6,0.995,1410.9,237.7,0.996
315,12.6,1282.6,462.9,0.0,1283.6,468.2,0.0,1298.3,459.2,0.0,1299.5,468.5,0.0,1334.6,442.1,0.0,1289.8,461.5,0.982,1366.7,410.8,0.987,1191.5,433.8,0.948,1460.7,321.9,0.961,1053.0,384.6,0.911,1525.4,303.3,0.919,1336.8,341.9,0.996,1386.2,320.3,0.996,1286.6,363.1,0.99,1409.5,324.2,0.991,1216.8,289.6,0.98,1431.5,239.0,0.984
318,12.72,1319.6,442.8,0.0,1319.9,447.7,0.0,1331.2,442.7,0.0,1325.6,455.0,0.0,1354.5,438.6,0.0,1308.5,452.2,0.966,1386.3,416.8,0.982,1187.4,427.2,0.922,1483.8,325.5,0.963,1047.2,377.0,0.883,1536.5,259.7,0.923,1329.3,347.4,0.994,1384.5,331.7,0.996,1240.5,339.4,0.987,1419.7,317.8,0.99,1119.2,263.4,0.976,1430.9,234.8,0.983
321,12.84,1298.5,424.8,0.0,1298.1,431.0,0.0,1316.0,425.6,0.0,1305.9,441.8,0.0,1343.7,422.6,0.0,1268.3,438.1,0.921,1377.5,405.9,0.957,1183.5,413.7,0.921,1466.1,295.6,0.948,1101.8,392.7,0.919,1493.1,201.4,0.933,1355.4,339.8,0.99,1417.9,332.7,0.991,1351.1,326.2,0.985,1430.9,311.1,0.986,1377.1,269.7,0.977,1479.5,228.2,0.982
324,12.96,1298.3,427.6,0.0,1301.3,431.4,0.0,1313.8,426.3,0.0,1320.2,436.1,0.0,1344.2,416.0,0.0,1290.8,431.7,0.905,1387.1,390.5,0.965,1187.0,411.7,0.904,1488.0,296.0,0.964,1069.8,392.0,0.915,1527.8,263.0,0.953,1355.7,327.6,0.992,1410.1,313.0,0.995,1335.8,320.4,0.0,1428.4,294.3,0.993,1325.3,269.6,0.985,1460.7,229.8,0.99
327,13.08,1310.8,415.5,0.0,1311.5,419.2,0.0,1322.2,417.6,0.0,1311.7,422.7,0.0,1334.8,416.3,0.0,1256.5,408.9,0.926,1352.6,398.8,0.961,1142.4,379.2,0.943,1455.4,335.7,0.959,1054.6,352.9,0.94,1518.3,273.7,0.948,1295.8,325.6,0.996,1345.2,325.6,0.0,1344.9,307.1,0.0,1399.5,300.8,0.996,1391.9,268.9,0.994,1457.2,250.0,0.995
330,13.2,1407.2,386.2,0.0,1409.9,397.1,0.0,1416.5,390.5,0.0,1403.1,421.1,0.0,1409.4,406.0,0.0,1333.9,421.0,0.878,1393.8,393.7,0.92,1228.2,411.8,0.917,1451.9,313.9,0.922,1099.0,374.0,0.932,1501.9,212.9,0.926,1332.3,346.1,0.987,1360.5,339.3,0.987,1362.6,305.8,0.987,1418.6,289.3,0.986,1403.5,269.2,0.985,1477.2,230.9,0.986
333,13.32,1336.0,414.3,0.0,1333.4,421.4,0.0,1348.5,419.7,0.0,1332.5,431.3,0.0,1358.9,424.9,0.0,1286.0,421.4,0.914,1364.2,414.5,0.958,1187.6,394.3,0.943,1428.7,338.3,0.957,1080.6,329.3,0.952,1462.3,202.1,0.956,1335.4,331.1,0.0,1372.8,334.0,0.996,1387.6,278.8,0.997,1411.8,275.1,0.997,1441.8,214.6,0.997,1457.4,187.0,0.998
336,13.44,1313.1,433.6,0.0,1310.9,438.5,0.0,1329.9,435.1,0.0,1313.2,444.1,0.0,1362.0,434.1,0.0,1275.5,435.2,0.96,1375.8,426.7,0.976,1170.6,409.9,0.939,1433.0,397.3,0.957,1100.3,373.4,0.927,1458.0,347.6,0.937,1287.6,352.8,0.996,1354.8,347.7,0.997,1266.2,306.6,0.996,1386.6,296.8,0.997,1213.3,266.7,0.995,1398.4,242.4,0.996
339,13.56,1303.4,427.6,0.0,1304.9,435.8,0.0,1320.2,427.8,0.0,1318.8,448.2,0.0,1356.0,426.3,0.0,1290.9,434.2,0.964,1369.7,412.0,0.956,1186.1,394.5,0.951,1429.6,370.0,0.917,1069.7,358.2,0.929,1471.3,337.3,0.896,1321.3,351.8,0.994,1375.9,340.0,0.993,1273.9,342.2,0.99,1407.9,316.2,0.989,1199.8,306.3,0.983,1425.2,254.6,0.984
342,13.68,1293.2,451.4,0.0,1290.3,459.1,0.0,1314.2,453.4,0.0,1295.3,456.6,0.0,1348.3,439.1,0.0,1253.5,426.8,0.923,1366.9,396.7,0.97,1185.1,421.9,0.929,1444.0,318.8,0.975,1143.7,387.4,0.932,1476.1,208.7,0.962,1305.0,332.1,0.996,1374.2,323.4,0.998,1326.0,293.5,0.997,1407.2,275.8,0.998,1332.0,241.1,0.996,1436.9,198.4,0.998
345,13.8,1306.0,438.6,0.0,1306.0,445.0,0.0,1321.4,437.4,0.0,1314.4,453.8,0.0,1359.0,433.4,0.0,1287.7,450.6,0.976,1383.2,415.2,0.991,1171.1,426.4,0.932,1444.5,385.8,0.976,1057.7,370.6,0.905,1483.9,391.3,0.951,1306.1,358.1,0.996,1372.7,338.4,0.998,1244.6,322.9,0.994,1388.6,286.2,0.997,1165.3,275.6,0.992,1399.8,232.7,0.995
348,13.92,1296.3,440.1,0.0,1293.3,446.3,0.0,1314.2,438.1,0.0,1298.5,448.7,0.0,1350.9,427.1,0.0,1268.6,443.4,0.98,1388.5,403.3,0.974,1169.5,427.8,0.951,1448.1,342.5,0.916,1027.1,388.3,0.925,1465.1,328.0,0.885,1301.6,370.1,0.991,1377.4,351.7,0.989,1257.2,354.4,0.985,1389.1,322.1,0.98,1206.3,323.3,0.963,1382.9,275.7,0.96
351,14.04,1309.9,451.9,0.0,1310.8,455.8,0.0,1322.7,449.0,0.0,1321.5,449.0,0.0,1349.0,432.5,0.0,1299.1,428.9,0.0,1362.5,408.2,0.985,1193.7,404.5,0.937,1430.3,380.9,0.97,1088.9,384.0,0.921,1487.7,378.8,0.949,1288.3,335.1,0.996,1342.2,320.8,0.997,1198.1,354.4,0.994,1393.2,331.2,0.996,1067.6,312.9,0.988,1415.6,279.3,0.991
354,14.16,1319.7,477.2,0.0,1317.4,477.9,0.0,1329.1,473.5,0.0,1323.3,455.9,0.0,1349.9,445.5,0.0,1315.3,429.6,0.974,1372.5,407.0,0.992,1203.5,415.1,0.932,1434.8,372.5,0.984,1078.7,382.8,0.91,1464.7,390.7,0.964,1311.5,325.9,0.0,1356.1,312.7,0.999,1226.6,382.2,0.995,1390.3,362.3,0.997,1118.8,312.3,0.986,1411.2,297.3,0.991
357,14.28,1310.0,339.6,0.0,1317.1,341.0,0.0,1315.2,332.2,0.0,1324.9,355.4,0.0,1322.4,333.4,0.0,1304.2,370.0,0.953,1340.1,340.6,0.952,1217.9,381.2,0.941,1371.5,311.2,0.926,1087.2,372.6,0.921,1395.3,280.4,0.906,1338.1,362.5,0.995,1369.1,349.4,0.994,1250.4,390.3,0.989,1394.5,365.4,0.988,1170.7,380.3,0.969,1421.5,334.9,0.971
360,14.4,1337.7,433.1,0.0,1326.5,436.9,0.0,1341.4,437.4,0.0,1298.1,433.1,0.0,1340.0,441.0,0.0,1237.9,436.6,0.941,1371.1,412.4,0.993,1128.6,413.4,0.912,1463.7,414.3,0.986,1071.9,408.4,0.927,1470.9,412.3,0.976,1218.4,322.4,0.986,1276.0,306.4,0.994,1256.9,311.2,0.98,1317.0,298.4,0.99,1269.2,184.5,0.963,1304.4,194.0,0.979
363,14.52,1332.8,433.5,0.0,1325.2,435.3,0.0,1337.6,434.9,0.0,1312.8,435.0,0.0,1346.3,439.2,0.0,1268.6,450.4,0.956,1386.5,417.0,0.991,1159.8,419.3,0.925,1475.1,420.4,0.976,1073.0,403.1,0.937,1476.5,423.4,0.967,1226.0,352.9,0.984,1277.6,329.1,0.99,1207.9,327.1,0.981,1257.8,302.7,0.988,1199.9,207.9,0.977,1225.9,208.8,0.985
366,14.64,1348.0,437.3,0.0,1338.6,438.5,0.0,1353.0,440.4,0.0,1314.8,432.8,0.0,1351.9,441.3,0.0,1266.2,448.0,0.981,1376.7,419.8,0.994,1181.8,430.7,0.929,1461.1,412.0,0.969,1072.9,386.8,0.92,1494.0,343.5,0.931,1209.9,371.4,0.988,1261.2,349.5,0.991,1178.9,370.8,0.985,1231.1,335.4,0.988,1095.9,277.6,0.982,1142.7,261.5,0.986
369,14.76,1335.6,434.5,0.0,1329.0,435.2,0.0,1338.6,434.8,0.0,1312.3,430.2,0.0,1338.9,435.5,0.0,1258.8,440.8,0.984,1370.8,421.9,0.996,1154.2,412.4,0.964,1444.9,412.4,0.985,1094.5,406.0,0.957,1452.2,355.2,0.969,1224.7,339.9,0.995,1276.7,330.4,0.997,1221.7,315.5,0.993,1273.2,312.4,0.994,1223.0,179.3,0.987,1244.5,211.1,0.99
372,14.88,1328.9,434.5,0.0,1318.9,436.0,0.0,1333.9,440.1,0.0,1307.8,426.3,0.0,1345.9,441.7,0.0,1277.6,417.9,0.974,1392.6,410.8,0.995,1174.4,389.9,0.953,1457.6,407.3,0.987,1136.2,408.1,0.946,1453.5,399.4,0.977,1262.4,302.6,0.995,1314.3,300.7,0.997,1277.8,250.6,0.989,1331.4,252.8,0.994,1233.4,146.4,0.98,1266.0,174.9,0.988
375,15.0,1354.9,429.1,0.0,1345.3,432.7,0.0,1358.7,434.4,0.0,1322.4,432.2,0.0,1358.8,443.0,0.0,1279.4,435.3,0.966,1381.9,428.0,0.991,1217.7,404.9,0.949,1462.9,420.0,0.98,1166.3,398.4,0.949,1453.6,408.3,0.969,1253.9,343.6,0.994,1301.9,337.7,0.996,1272.0,305.9,0.989,1322.4,297.4,0.992,1243.4,177.7,0.978,1279.0,183.2,0.984
378,15.12,1363.7,431.3,0.0,1354.6,436.0,0.0,1367.4,435.1,0.0,1328.4,433.4,0.0,1364.4,437.7,0.0,1275.4,429.8,0.97,1383.1,424.3,0.994,1201.8,401.4,0.951,1474.6,415.5,0.986,1148.0,372.9,0.946,1522.6,391.4,0.97,1234.0,337.1,0.995,1285.4,332.5,0.997,1257.3,295.4,0.992,1310.9,293.8,0.995,1251.9,175.2,0.985,1295.6,182.7,0.99
381,15.24,1357.7,431.3,0.0,1347.9,436.5,0.0,1361.1,435.4,0.0,1318.9,431.3,0.0,1354.2,441.4,0.0,1273.8,424.1,0.908,1368.6,428.6,0.986,1256.0,397.5,0.908,1453.8,431.1,0.983,1286.8,372.8,0.931,1483.6,416.6,0.975,1241.4,323.0,0.989,1289.3,323.7,0.995,1262.0,282.0,0.982,1317.1,279.1,0.99,1236.2,172.3,0.969,1276.1,177.0,0.982
384,15.36,1346.7,422.2,0.0,1334.3,427.7,0.0,1352.9,429.1,0.0,1314.0,433.4,0.0,1361.7,439.7,0.0,1273.5,434.4,0.978,1396.0,422.1,0.986,1204.2,382.9,0.953,1465.8,400.8,0.949,1173.9,325.4,0.946,1509.3,328.4,0.913,1250.7,331.4,0.985,1312.6,320.2,0.983,1211.9,304.4,0.975,1282.2,288.6,0.972,1191.8,194.5,0.954,1252.2,194.2,0.954
387,15.48,1348.5,419.8,0.0,1338.9,425.3,0.0,1353.3,422.9,0.0,1321.1,429.2,0.0,1359.2,423.0,0.0,1270.8,421.4,0.992,1389.5,404.3,0.997,1179.7,347.1,0.974,1445.5,357.2,0.987,1176.7,314.6,0.959,1448.3,261.7,0.965,1251.4,324.1,0.998,1306.7,316.1,0.998,1259.8,301.4,0.996,1323.1,308.5,0.997,1281.0,171.8,0.99,1318.2,212.1,0.992
390,15.6,1313.7,412.9,0.0,1306.1,417.8,0.0,1319.8,417.2,0.0,1305.9,421.6,0.0,1341.2,417.2,0.0,1282.3,411.9,0.99,1389.2,390.0,0.994,1193.2,359.2,0.972,1431.5,325.0,0.976,1180.6,336.8,0.955,1422.3,243.0,0.95,1288.8,305.6,0.996,1340.2,293.7,0.996,1267.4,271.6,0.991,1327.5,255.4,0.992,1286.5,165.1,0.978,1325.6,159.3,0.98
393,15.72,1299.3,410.6,0.0,1290.3,413.5,0.0,1305.0,422.2,0.0,1295.0,414.2,0.0,1335.0,432.5,0.0,1289.2,401.3,0.984,1389.6,408.9,0.995,1203.2,334.5,0.952,1440.4,401.6,0.979,1170.8,298.0,0.943,1437.5,369.2,0.966,1320.4,300.7,0.989,1367.9,305.0,0.993,1336.0,254.5,0.968,1387.0,266.0,0.979,1347.0,156.0,0.918,1387.4,186.4,0.941
396,15.84,1292.7,406.9,0.0,1284.5,411.7,0.0,1299.9,414.4,0.0,1289.4,415.5,0.0,1331.8,424.5,0.0,1271.5,413.0,0.972,1396.5,411.8,0.993,1168.0,355.8,0.958,1467.3,401.2,0.985,1131.8,321.9,0.949,1433.6,343.5,0.974,1307.7,321.5,0.993,1365.9,325.7,0.995,1283.1,257.7,0.978,1351.7,286.0,0.985,1307.2,137.2,0.945,1352.4,217.4,0.96
399,15.96,1294.2,409.1,0.0,1286.5,411.6,0.0,1300.4,422.2,0.0,1296.5,411.2,0.0,1335.9,432.9,0.0,1295.5,401.5,0.989,1398.9,411.1,0.993,1199.5,347.4,0.967,1459.0,394.5,0.966,1151.2,342.7,0.953,1468.5,351.7,0.946,1340.9,311.8,0.989,1389.3,318.2,0.99,1354.1,258.7,0.968,1403.8,265.3,0.971,1373.8,158.7,0.912,1411.9,176.6,0.922
402,16.08,1297.9,409.5,0.0,1289.5,411.9,0.0,1305.6,417.1,0.0,1293.6,406.1,0.0,1334.6,422.0,0.0,1267.4,396.5,0.969,1389.3,401.1,0.994,1168.1,366.5,0.94,1473.7,420.0,0.983,1109.2,362.9,0.937,1478.4,389.0,0.971,1270.9,274.5,0.984,1327.3,276.2,0.991,1247.6,267.3,0.964,1309.5,266.2,0.978,1283.4,151.4,0.931,1327.0,175.8,0.953
405,16.2,1302.9,435.7,0.0,1304.7,446.8,0.0,1314.6,432.1,0.0,1304.6,452.2,0.0,1329.1,404.9,0.0,1275.8,428.4,0.987,1360.5,382.5,0.982,1211.7,411.2,0.977,1415.9,283.4,0.971,1164.0,375.0,0.97,1423.7,169.8,0.97,1295.2,341.4,0.996,1336.2,310.5,0.995,1282.7,346.3,0.993,1332.5,297.2,0.991,1285.5,325.1,0.977,1319.4,243.3,0.973
408,16.32,1297.6,426.7,0.0,1301.9,436.5,0.0,1312.8,426.7,0.0,1303.4,437.1,0.0,1329.8,405.1,0.0,1269.0,404.8,0.976,1326.6,373.3,0.0,1182.0,404.2,0.942,1308.0,336.5,0.927,1074.6,396.3,0.926,1287.9,285.3,0.928,1242.1,328.7,0.962,1269.7,306.5,0.954,1229.4,348.8,0.916,1261.1,309.4,0.901,1169.0,338.1,0.76,1207.1,292.6,0.722
411,16.44,1312.7,423.5,0.0,1313.1,434.2,0.0,1326.1,427.9,0.0,1301.7,442.4,0.0,1335.0,421.2,0.0,1262.2,412.7,0.985,1343.7,384.8,0.976,1180.1,402.3,0.97,1373.4,332.0,0.955,1083.4,380.6,0.964,1357.3,317.8,0.958,1235.4,351.9,0.992,1270.2,333.7,0.989,1201.3,368.2,0.984,1246.6,344.0,0.979,1108.3,340.6,0.938,1161.6,315.1,0.928
414,16.56,1339.5,426.4,0.0,1337.3,436.7,0.0,1351.9,428.4,0.0,1311.3,442.4,0.0,1346.1,420.9,0.0,1248.1,407.9,0.986,1349.1,390.4,0.962,1162.1,396.5,0.972,1415.2,353.8,0.919,1080.7,384.3,0.961,1433.7,354.7,0.923,1198.3,327.8,0.984,1241.6,313.9,0.972,1196.6,336.2,0.962,1249.7,306.8,0.938,1103.8,319.0,0.873,1157.4,279.8,0.83
417,16.68,1349.6,414.4,0.0,1343.0,421.1,0.0,1358.6,422.9,0.0,1312.0,432.5,0.0,1348.8,432.4,0.0,1248.6,402.9,0.993,1360.4,413.8,0.961,1154.5,410.0,0.991,1438.0,399.0,0.936,1075.9,363.5,0.985,1483.0,399.3,0.939,1205.7,336.6,0.998,1256.9,335.5,0.996,1238.8,360.4,0.998,1308.7,301.8,0.995,1175.2,360.2,0.994,1258.4,255.9,0.99
420,16.8,1316.5,412.9,0.0,1311.4,428.5,0.0,1334.2,425.8,0.0,1290.6,444.9,0.0,1350.1,429.4,0.0,1252.2,393.4,0.979,1383.2,389.4,0.944,1155.5,407.2,0.975,1470.9,342.9,0.933,1088.8,387.3,0.969,1526.9,306.4,0.943,1273.9,335.1,0.994,1328.9,324.2,0.99,1265.9,390.0,0.992,1346.1,305.3,0.986,1224.1,384.9,0.982,1333.2,247.3,0.976
423,16.92,1341.9,408.1,0.0,1334.7,418.8,0.0,1359.4,422.4,0.0,1299.8,433.7,0.0,1362.8,433.9,0.0,1228.7,386.9,0.968,1387.1,413.5,0.894,1105.0,420.3,0.964,1483.2,376.6,0.897,1043.1,376.8,0.965,1547.1,357.9,0.932,1258.3,328.6,0.983,1328.3,340.1,0.971,1269.6,358.2,0.98,1373.7,308.7,0.967,1224.3,330.7,0.961,1356.1,221.9,0.948
426,17.04,1347.4,416.2,0.0,1340.8,427.5,0.0,1361.6,427.1,0.0,1309.0,439.6,0.0,1359.9,433.7,0.0,1252.6,394.6,0.977,1371.1,394.6,0.96,1167.1,406.7,0.959,1448.1,324.9,0.932,1139.1,372.0,0.957,1495.5,293.8,0.939,1269.3,333.9,0.986,1319.1,326.6,0.98,1273.3,387.5,0.976,1349.1,308.8,0.967,1228.5,382.2,0.946,1327.2,241.8,0.938
429,17.16,1340.6,427.6,0.0,1335.1,441.0,0.0,1357.0,436.8,0.0,1305.6,449.5,0.0,1361.4,431.9,0.0,1256.1,393.2,0.976,1382.8,400.7,0.948,1161.3,411.7,0.971,1472.0,356.1,0.943,1074.9,394.5,0.971,1535.3,311.9,0.958,1294.6,326.8,0.992,1347.9,322.9,0.987,1273.1,386.8,0.99,1346.6,309.0,0.986,1196.0,379.7,0.976,1297.1,231.9,0.968
432,17.28,1363.7,414.3,0.0,1358.9,421.8,0.0,1371.1,428.4,0.0,1334.5,436.2,0.0,1363.0,454.7,0.0,1314.7,402.8,0.981,1356.7,414.3,0.955,1351.4,406.6,0.979,1407.1,353.4,0.91,1422.5,375.1,0.98,1415.8,297.0,0.933,1287.0,370.2,0.998,1306.4,379.9,0.997,1191.3,390.1,0.999,1233.5,384.0,0.997,1027.5,385.7,0.993,1096.4,382.4,0.991
435,17.4,1358.0,413.4,0.0,1351.3,422.1,0.0,1366.7,430.4,0.0,1331.3,435.4,0.0,1368.9,451.3,0.0,1326.7,398.5,0.956,1372.1,412.6,0.928,1365.8,393.7,0.964,1438.9,353.4,0.907,1441.3,353.9,0.966,1501.0,300.5,0.92,1282.1,368.4,0.997,1304.2,373.5,0.995,1252.7,340.7,0.997,1294.6,322.4,0.995,1152.0,331.3,0.991,1232.1,304.0,0.989
438,17.52,1354.5,409.1,0.0,1347.3,421.6,0.0,1367.8,424.2,0.0,1317.6,439.9,0.0,1365.0,444.4,0.0,1300.0,394.2,0.97,1364.7,397.7,0.938,1313.1,402.8,0.971,1386.0,311.2,0.911,1367.4,335.9,0.977,1326.9,226.5,0.943,1269.7,352.2,0.997,1302.2,349.5,0.994,1245.9,397.5,0.998,1318.0,325.3,0.996,1080.3,386.6,0.994,1191.4,267.7,0.993
441,17.64,1360.6,409.6,0.0,1353.4,419.1,0.0,1369.1,426.2,0.0,1324.2,439.6,0.0,1361.0,455.9,0.0,1298.5,399.0,0.981,1352.1,414.1,0.921,1311.9,396.9,0.968,1408.2,329.9,0.778,1332.4,345.1,0.95,1442.5,264.9,0.79,1265.3,355.7,0.997,1293.0,358.4,0.991,1268.9,382.5,0.997,1321.2,299.8,0.993,1192.7,362.5,0.996,1289.0,225.2,0.993
444,17.76,1349.8,417.0,0.0,1346.4,424.7,0.0,1359.3,425.4,0.0,1332.9,438.9,0.0,1362.9,433.4,0.0,1302.2,406.7,0.978,1365.1,417.1,0.979,1313.2,399.0,0.967,1436.5,357.0,0.97,1366.1,345.5,0.966,1474.3,305.2,0.966,1275.5,346.4,0.999,1307.9,339.1,0.999,1256.2,380.6,0.999,1308.4,287.7,0.998,1219.6,392.8,0.996,1283.9,208.1,0.996
447,17.88,1354.7,413.0,0.0,1349.8,419.6,0.0,1361.3,424.0,0.0,1327.9,437.6,0.0,1355.6,442.2,0.0,1292.1,409.7,0.985,1352.0,427.2,0.974,1273.0,405.5,0.985,1419.7,392.1,0.962,1300.9,342.9,0.986,1483.2,357.3,0.967,1267.0,371.2,0.999,1296.3,372.3,0.998,1273.3,386.0,0.999,1321.4,316.5,0.0,1245.1,379.3,0.997,1318.6,250.1,0.996
450,18.0,1356.7,415.6,0.0,1349.7,427.4,0.0,1367.0,427.4,0.0,1318.2,446.6,0.0,1358.9,443.9,0.0,1290.5,398.2,0.973,1351.8,417.5,0.953,1281.2,420.2,0.973,1396.5,387.6,0.936,1319.3,370.7,0.979,1436.6,337.4,0.953,1283.4,353.1,0.997,1313.7,356.2,0.996,1239.2,388.8,0.997,1297.7,312.4,0.996,1165.1,383.3,0.993,1266.8,242.1,0.991
453,18.12,1335.0,423.6,0.0,1335.8,430.2,0.0,1344.0,428.2,0.0,1327.7,439.1,0.0,1347.0,435.0,0.0,1301.8,416.8,0.944,1348.3,420.1,0.928,1290.4,406.1,0.837,1395.2,385.0,0.799,1319.0,348.5,0.822,1445.0,353.5,0.792,1288.6,339.8,0.98,1311.9,337.4,0.976,1238.8,375.0,0.984,1270.1,340.6,0.982,1127.4,345.9,0.967,1164.4,274.6,0.966
456,18.24,0,0,0,0,0,0,0,0,0,0,0,0,0,0,0,0,0,0,0,0,0,0,0,0,0,0,0,0,0,0,0,0,0,0,0,0,0,0,0,0,0,0,0,0,0,0,0,0,0,0,0
459,18.36,1335.9,418.0,0.0,1338.2,423.9,0.0,1343.7,423.5,0.0,1332.8,436.6,0.0,1346.3,439.1,0.0,1306.8,419.4,0.982,1336.0,426.5,0.974,1340.9,397.5,0.965,1413.1,397.8,0.94,1399.9,377.9,0.961,1489.0,380.5,0.935,1216.9,354.1,0.996,1230.5,355.1,0.995,1215.1,373.5,0.993,1228.9,361.8,0.991,1133.9,328.5,0.977,1150.7,309.2,0.975
462,18.48,1342.0,418.1,0.0,1335.4,424.7,0.0,1349.0,432.4,0.0,1315.9,439.5,0.0,1347.6,453.0,0.0,1302.8,399.4,0.983,1351.2,427.3,0.973,1336.4,409.0,0.983,1427.6,396.7,0.96,1401.0,366.8,0.982,1486.7,362.8,0.961,1272.2,363.8,0.999,1297.2,370.6,0.999,1231.6,377.8,0.999,1279.5,305.4,0.999,1153.4,394.3,0.998,1236.4,258.2,0.998
465,18.6,1339.2,422.0,0.0,1329.5,428.6,0.0,1349.4,438.6,0.0,1295.4,440.5,0.0,1344.0,458.4,0.0,1248.7,390.8,0.985,1357.3,425.3,0.971,1162.5,417.6,0.982,1428.0,388.6,0.962,1141.8,377.5,0.981,1515.5,345.5,0.966,1275.2,339.4,0.998,1323.4,353.4,0.998,1276.3,385.9,0.999,1352.1,307.9,0.998,1229.9,370.5,0.997,1346.5,222.1,0.997
468,18.72,0,0,0,0,0,0,0,0,0,0,0,0,0,0,0,0,0,0,0,0,0,0,0,0,0,0,0,0,0,0,0,0,0,0,0,0,0,0,0,0,0,0,0,0,0,0,0,0,0,0,0
471,18.84,1357.4,417.9,0.0,1352.4,427.1,0.0,1366.3,426.0,0.0,1322.2,441.6,0.0,1355.5,433.0,0.0,1262.4,399.8,0.959,1352.1,408.6,0.959,1194.9,399.7,0.946,1442.5,378.7,0.947,1198.0,360.5,0.952,1577.5,387.4,0.947,1275.3,332.4,0.989,1314.9,328.2,0.0,1250.7,352.5,0.985,1304.2,288.6,0.984,1229.1,367.8,0.962,1302.9,242.6,0.963
474,18.96,1352.5,409.8,0.0,1346.4,420.0,0.0,1361.7,420.1,0.0,1313.8,436.2,0.0,1349.8,436.3,0.0,1271.9,393.9,0.962,1344.2,407.2,0.93,1264.4,383.9,0.93,1437.3,360.3,0.862,1278.1,356.5,0.925,1533.6,357.8,0.873,1266.9,338.3,0.982,1298.8,340.5,0.975,1243.3,371.6,0.98,1290.0,318.0,0.974,1138.7,359.5,0.958,1213.2,264.9,0.953
477,19.08,1348.4,413.4,0.0,1345.1,421.9,0.0,1357.3,420.5,0.0,1320.0,424.6,0.0,1347.1,427.4,0.0,1297.1,390.4,0.971,1341.1,391.1,0.91,1352.0,385.8,0.951,1387.9,304.4,0.763,1433.7,360.0,0.945,1356.9,225.1,0.822,1301.0,339.4,0.98,1322.0,344.6,0.958,1226.9,362.2,0.976,1269.2,371.3,0.952,1085.5,359.5,0.923,1133.6,367.4,0.882
480,19.2,1296.7,437.1,0.0,1298.0,442.9,0.0,1307.7,442.1,0.0,1303.2,441.8,0.0,1326.8,433.7,0.0,1287.0,409.6,0.987,1345.2,393.3,0.99,1239.5,398.9,0.958,1351.2,317.0,0.971,1180.7,359.3,0.955,1273.9,241.8,0.968,1302.8,331.2,0.991,1329.1,324.1,0.992,1208.4,365.2,0.984,1246.3,363.5,0.985,1098.9,367.6,0.921,1133.6,364.4,0.92
483,19.32,1299.6,428.2,0.0,1298.6,433.1,0.0,1309.1,436.2,0.0,1291.0,429.0,0.0,1319.9,431.2,0.0,1270.0,393.0,0.974,1352.8,391.2,0.956,1189.4,400.8,0.95,1415.9,356.0,0.926,1113.6,385.1,0.947,1471.4,330.9,0.937,1313.9,315.3,0.978,1346.2,314.7,0.97,1256.4,373.1,0.964,1292.8,360.1,0.954,1144.6,357.6,0.877,1189.0,334.2,0.849
486,19.44,1311.0,417.7,0.0,1305.4,427.3,0.0,1318.9,426.4,0.0,1284.3,438.9,0.0,1318.8,428.6,0.0,1241.1,398.1,0.943,1348.4,413.8,0.899,1145.6,371.6,0.942,1423.9,360.2,0.9,1097.1,336.0,0.935,1522.0,330.4,0.907,1310.3,287.5,0.981,1361.5,291.1,0.973,1333.6,280.3,0.974,1393.6,248.2,0.965,1375.0,233.8,0.964,1437.0,146.2,0.958
489,19.56,1340.8,413.1,0.0,1340.9,417.8,0.0,1345.6,419.1,0.0,1328.3,422.6,0.0,1337.0,428.3,0.0,1327.1,398.1,0.936,1328.4,403.0,0.837,1398.3,390.6,0.957,1376.9,367.6,0.81,1500.3,357.8,0.959,1471.3,343.3,0.865,1281.4,348.8,0.993,1285.2,350.9,0.986,1175.2,357.2,0.994,1184.0,361.1,0.989,984.2,367.5,0.972,1008.9,366.0,0.96
492,19.68,1343.5,420.3,0.0,1342.2,425.3,0.0,1346.8,426.6,0.0,1330.3,428.7,0.0,1338.7,430.9,0.0,1328.4,396.2,0.962,1325.0,400.5,0.956,1395.3,392.0,0.971,1365.9,366.1,0.952,1478.8,358.5,0.976,1442.5,335.3,0.96,1302.1,332.4,0.998,1303.7,335.3,0.997,1241.8,351.8,0.998,1247.5,363.7,0.997,1143.5,340.7,0.99,1167.5,354.4,0.989
495,19.8,1320.4,291.6,0.0,1321.5,292.4,0.0,1325.8,288.4,0.0,1319.3,307.0,0.0,1341.4,298.1,0.0,1305.1,324.5,0.982,1361.9,318.0,0.98,1221.7,308.3,0.955,1396.8,275.7,0.945,1133.8,288.2,0.915,1405.1,209.0,0.892,1294.8,361.6,0.995,1341.0,354.0,0.994,1178.2,334.2,0.984,1326.7,327.7,0.982,1029.2,316.9,0.963,1288.3,295.1,0.964
498,19.92,1282.4,292.4,0.0,1279.3,292.8,0.0,1292.9,284.9,0.0,1269.7,305.3,0.0,1315.8,286.8,0.0,1250.9,342.6,0.991,1343.3,307.3,0.976,1148.7,355.1,0.969,1377.6,269.8,0.899,1019.9,334.7,0.915,1386.9,220.5,0.828,1274.7,376.1,0.994,1348.8,360.1,0.99,1166.4,308.5,0.98,1381.1,286.8,0.968,1026.2,284.7,0.938,1377.6,250.8,0.925
501,20.04,1202.7,290.7,0.0,1200.2,284.4,0.0,1212.9,282.3,0.0,1208.7,289.5,0.0,1243.8,277.6,0.0,1218.3,340.9,0.994,1295.4,304.0,0.0,1148.5,366.8,0.99,1353.5,258.1,0.835,1019.5,341.0,0.967,1374.0,212.1,0.797,1356.0,379.9,0.994,1394.4,372.8,0.983,1375.9,294.9,0.979,1401.5,278.8,0.94,1460.5,277.5,0.933,1479.9,256.2,0.889
504,20.16,1257.8,298.2,0.0,1252.2,296.8,0.0,1262.2,294.5,0.0,1246.0,304.6,0.0,1274.5,299.9,0.0,1238.1,344.6,0.991,1324.4,316.0,0.981,1164.5,348.1,0.978,1359.7,262.1,0.932,1072.5,352.9,0.954,1358.6,222.5,0.911,1320.4,378.3,0.995,1376.9,368.0,0.993,1281.6,282.7,0.988,1380.1,270.5,0.983,1298.2,269.9,0.967,1429.3,261.0,0.963
507,20.28,1300.0,291.1,0.0,1296.8,288.4,0.0,1303.8,285.6,0.0,1286.2,293.1,0.0,1314.1,289.1,0.0,1269.2,325.3,0.994,1350.8,309.3,0.984,1171.5,321.7,0.977,1363.1,269.6,0.918,1064.3,337.6,0.937,1358.6,231.9,0.87,1296.3,381.0,0.997,1365.3,372.8,0.994,1199.5,297.8,0.991,1406.9,292.8,0.987,1101.2,297.7,0.972,1429.5,292.2,0.966
510,20.4,1219.7,291.8,0.0,1218.5,288.3,0.0,1228.8,283.4,0.0,1222.4,295.4,0.0,1262.3,279.8,0.0,1236.7,331.8,0.998,1310.7,290.5,0.983,1152.0,350.2,0.996,1345.6,255.4,0.908,1018.3,329.6,0.979,1333.6,212.2,0.847,1321.2,386.4,0.999,1378.2,369.6,0.997,1251.3,297.5,0.996,1402.6,273.0,0.989,1206.2,299.7,0.983,1458.8,273.4,0.972
513,20.52,1234.5,291.3,0.0,1229.4,287.7,0.0,1240.9,283.0,0.0,1224.2,294.4,0.0,1262.4,282.4,0.0,1227.0,341.4,0.996,1314.0,304.6,0.978,1155.2,364.1,0.985,1353.9,276.9,0.869,1018.8,338.3,0.949,1365.3,218.1,0.814,1319.4,373.7,0.996,1377.6,359.9,0.991,1289.2,305.8,0.0,1402.8,284.5,0.979,1285.8,308.4,0.0,1439.5,284.6,0.945
516,20.64,1272.7,300.8,0.0,1266.8,301.0,0.0,1278.2,294.7,0.0,1251.2,306.5,0.0,1286.8,294.7,0.0,1243.8,336.4,0.997,1317.9,308.4,0.983,1158.3,354.1,0.986,1349.2,292.1,0.913,1013.6,328.0,0.953,1360.5,226.8,0.868,1278.3,345.4,0.998,1343.4,330.8,0.997,1185.7,310.0,0.996,1399.7,290.4,0.992,1060.7,291.5,0.981,1408.9,265.0,0.973
519,20.76,1311.1,374.2,0.0,1303.7,379.1,0.0,1319.1,373.8,0.0,1278.5,373.3,0.0,1313.8,363.7,0.0,1252.5,353.9,0.987,1307.3,332.2,0.981,1153.7,343.9,0.974,1328.2,282.0,0.96,1045.5,331.0,0.939,1362.7,227.2,0.928,1272.0,305.7,0.998,1315.1,298.6,0.998,1222.3,308.1,0.995,1367.7,299.4,0.994,1141.2,256.2,0.981,1390.3,242.4,0.979
522,20.88,1316.8,349.2,0.0,1309.7,353.4,0.0,1322.6,349.4,0.0,1283.9,352.0,0.0,1315.1,345.9,0.0,1269.5,330.5,0.972,1313.1,327.9,0.973,1189.1,315.2,0.951,1327.8,298.5,0.96,1071.2,312.9,0.903,1348.4,246.8,0.926,1289.1,305.7,0.0,1332.9,303.6,0.998,1192.5,311.2,0.993,1384.9,307.9,0.993,1066.8,261.6,0.974,1400.8,244.7,0.976
525,21.0,1295.4,293.3,0.0,1292.3,294.3,0.0,1302.3,289.4,0.0,1279.8,303.8,0.0,1308.4,293.9,0.0,1257.5,323.0,0.964,1320.4,307.2,0.969,1185.0,335.5,0.948,1339.3,285.8,0.95,1102.0,332.6,0.915,1370.0,233.9,0.922,1301.2,334.1,0.994,1349.2,330.0,0.994,1249.6,303.0,0.983,1389.6,295.5,0.983,1216.8,274.6,0.949,1432.6,255.7,0.954
528,21.12,1328.6,378.5,0.0,1325.3,381.1,0.0,1332.2,374.3,0.0,1306.0,374.6,0.0,1321.8,363.2,0.0,1285.1,350.6,0.931,1322.6,338.9,0.945,1199.2,332.8,0.819,1365.9,293.1,0.897,1052.4,300.6,0.718,1428.5,234.3,0.809,1260.0,319.9,0.99,1296.8,310.4,0.0,1127.4,336.2,0.979,1330.6,322.3,0.981,938.6,285.1,0.948,1297.5,255.5,0.953
531,21.24,1331.9,329.8,0.0,1328.2,331.6,0.0,1333.8,328.9,0.0,1309.1,335.5,0.0,1330.0,333.1,0.0,1285.6,335.2,0.985,1345.2,333.1,0.99,1196.1,311.9,0.959,1382.3,290.4,0.976,1082.5,296.0,0.926,1419.3,231.1,0.95,1275.6,331.2,0.998,1328.1,327.3,0.998,1168.0,317.7,0.993,1373.6,315.0,0.994,1028.2,273.9,0.974,1364.9,264.1,0.978
534,21.36,1339.0,365.9,0.0,1335.7,366.0,0.0,1343.1,368.4,0.0,1325.5,363.6,0.0,1345.9,372.3,0.0,1300.8,352.8,0.955,1349.1,368.5,0.984,1210.5,332.9,0.924,1406.4,352.1,0.975,1131.2,330.1,0.909,1482.6,327.2,0.952,1286.2,322.0,0.997,1321.8,326.4,0.998,1237.0,289.4,0.994,1357.0,297.9,0.996,1176.1,253.7,0.99,1383.8,262.2,0.993
537,21.48,1324.8,352.1,0.0,1322.3,356.7,0.0,1327.4,352.6,0.0,1307.6,358.6,0.0,1321.1,352.1,0.0,1285.3,345.7,0.984,1328.4,333.4,0.991,1200.8,329.3,0.95,1384.1,291.2,0.978,1104.5,312.2,0.918,1443.3,261.9,0.954,1286.6,296.8,0.997,1322.8,290.6,0.998,1212.0,300.2,0.992,1366.3,291.3,0.994,1105.3,246.0,0.978,1373.7,233.7,0.983
540,21.6,1332.5,363.1,0.0,1329.1,365.9,0.0,1336.7,362.2,0.0,1314.8,359.5,0.0,1330.6,354.3,0.0,1293.7,338.8,0.977,1328.3,337.4,0.975,1212.7,329.9,0.943,1347.2,322.5,0.946,1095.7,315.5,0.912,1397.8,275.0,0.917,1274.5,295.0,0.996,1313.0,290.7,0.996,1165.1,309.1,0.99,1363.5,303.5,0.99,1011.5,252.5,0.971,1349.4,234.9,0.972
543,21.72,1343.7,381.3,0.0,1338.8,385.8,0.0,1346.2,383.9,0.0,1328.8,385.5,0.0,1344.7,386.6,0.0,1315.0,371.0,0.995,1352.6,370.7,0.993,1196.8,344.0,0.982,1384.1,355.5,0.979,1030.4,317.5,0.96,1465.7,318.7,0.956,1271.7,330.5,0.999,1297.9,319.2,0.999,1152.8,300.7,0.998,1261.8,288.5,0.998,993.2,251.6,0.996,1184.5,236.4,0.996
546,21.84,1320.0,332.1,0.0,1315.3,334.3,0.0,1326.8,331.6,0.0,1302.4,334.0,0.0,1331.4,330.6,0.0,1283.0,332.4,0.986,1327.7,334.9,0.982,1211.7,326.0,0.971,1366.8,343.3,0.955,1111.5,320.5,0.945,1429.8,338.7,0.922,1285.5,315.6,0.998,1320.2,315.4,0.998,1248.0,306.9,0.995,1368.5,303.3,0.995,1186.2,273.4,0.987,1392.3,260.6,0.986
549,21.96,1308.4,301.0,0.0,1310.5,302.1,0.0,1315.1,299.7,0.0,1313.5,317.3,0.0,1331.2,312.3,0.0,1303.6,332.1,0.979,1339.0,335.2,0.971,1260.9,327.1,0.957,1353.5,338.9,0.923,1223.7,311.7,0.928,1376.9,319.0,0.881,1303.7,333.0,0.996,1338.0,332.1,0.994,1223.8,325.3,0.989,1354.0,324.0,0.985,1156.5,302.1,0.97,1372.8,290.5,0.967
552,22.08,1323.2,339.6,0.0,1322.5,339.8,0.0,1327.6,336.1,0.0,1322.6,339.5,0.0,1337.3,332.3,0.0,1329.7,334.1,0.0,1348.8,326.3,0.953,1293.3,308.0,0.0,1358.6,287.5,0.86,1216.9,267.4,0.654,1377.2,240.9,0.712,1301.0,318.0,0.986,1320.7,308.2,0.987,1189.4,345.3,0.966,1297.7,335.1,0.969,1042.1,302.9,0.922,1237.0,284.7,0.93
555,22.2,1313.6,314.1,0.0,1312.1,314.4,0.0,1319.3,313.4,0.0,1311.5,319.3,0.0,1335.2,317.9,0.0,1308.8,322.5,0.985,1344.4,321.8,0.975,1300.9,279.6,0.975,1332.4,274.1,0.947,1287.8,254.4,0.959,1327.4,234.5,0.926,1300.2,334.4,0.998,1336.0,332.5,0.998,1252.1,312.8,0.997,1369.5,311.0,0.996,1205.1,300.5,0.99,1384.0,295.4,0.989
558,22.32,1322.7,351.1,0.0,1320.1,352.4,0.0,1325.8,351.0,0.0,1313.4,352.7,0.0,1332.6,351.4,0.0,1322.2,342.2,0.0,1339.1,340.6,0.982,1301.9,310.6,0.959,1335.6,298.3,0.948,1251.0,285.7,0.917,1338.2,252.4,0.898,1297.0,325.3,0.998,1328.7,319.8,0.998,1179.7,322.4,0.997,1352.3,318.7,0.996,1038.2,281.2,0.991,1338.8,274.3,0.991
561,22.44,1308.5,270.6,0.0,1310.5,267.3,0.0,1313.9,265.8,0.0,1320.2,280.3,0.0,1342.0,275.7,0.0,1339.4,305.1,0.987,1366.7,291.0,0.93,1297.7,318.2,0.961,1341.9,291.8,0.766,1239.9,294.0,0.862,1313.8,261.5,0.582,1294.5,356.3,0.996,1317.2,339.3,0.0,1175.0,341.4,0.988,1230.6,327.6,0.975,1030.7,339.8,0.971,1118.8,327.7,0.956
564,22.56,1339.8,311.5,0.0,1335.6,310.6,0.0,1342.3,310.9,0.0,1323.4,312.0,0.0,1346.1,318.4,0.0,1320.4,302.3,0.985,1346.1,334.1,0.972,1300.2,251.8,0.965,1335.9,339.7,0.934,1265.1,224.5,0.927,1359.4,317.7,0.877,1277.4,331.1,0.998,1309.0,337.3,0.998,1176.1,303.8,0.997,1311.2,314.1,0.996,1036.8,292.4,0.991,1260.6,292.9,0.989
567,22.68,1253.7,280.0,0.0,1249.2,277.5,0.0,1258.2,276.1,0.0,1239.1,286.7,0.0,1274.3,283.9,0.0,1236.4,320.0,0.994,1302.1,310.1,0.985,1172.3,335.9,0.984,1348.4,310.7,0.937,1080.3,333.3,0.952,1349.4,262.9,0.889,1283.5,355.7,0.998,1324.9,352.2,0.997,1285.1,281.4,0.994,1349.7,279.1,0.992,1286.6,280.4,0.984,1385.4,275.8,0.981
570,22.8,1252.9,297.3,0.0,1247.7,297.0,0.0,1258.9,295.5,0.0,1233.7,304.9,0.0,1269.2,302.9,0.0,1214.5,318.7,0.967,1299.0,321.4,0.968,1162.4,333.5,0.95,1356.7,327.4,0.936,1084.7,333.6,0.918,1375.6,273.8,0.903,1276.0,332.8,0.992,1329.5,334.7,0.992,1255.4,299.2,0.981,1339.0,298.6,0.98,1267.0,287.2,0.95,1367.3,271.2,0.951
573,22.92,1340.7,305.4,0.0,1338.2,302.4,0.0,1342.2,303.5,0.0,1328.9,306.4,0.0,1349.3,312.5,0.0,1309.6,321.7,0.984,1364.2,335.2,0.983,1230.5,315.3,0.956,1393.3,347.5,0.945,1136.0,317.5,0.922,1426.3,348.2,0.9,1283.9,348.4,0.994,1322.5,349.0,0.994,1225.2,290.7,0.987,1326.4,295.0,0.986,1143.9,285.9,0.969,1297.6,289.8,0.968
576,23.04,1348.6,341.7,0.0,1348.2,339.3,0.0,1352.4,340.0,0.0,1349.3,336.7,0.0,1360.2,339.7,0.0,1346.4,334.0,0.899,1361.5,340.6,0.935,1333.2,330.5,0.0,1368.4,359.9,0.914,1360.5,303.0,0.792,1399.4,353.8,0.839,1292.5,328.3,0.988,1300.9,324.5,0.99,1223.9,344.4,0.972,1244.7,346.2,0.977,1138.1,304.7,0.947,1164.9,312.5,0.954
579,23.16,1299.4,284.2,0.0,1300.0,282.5,0.0,1303.0,280.8,0.0,1300.4,293.6,0.0,1320.3,289.9,0.0,1282.9,324.5,0.991,1352.8,314.5,0.989,1200.2,314.0,0.972,1370.7,271.1,0.958,1102.8,310.8,0.946,1374.3,209.2,0.927,1282.2,334.2,0.997,1336.6,328.3,0.0,1217.9,311.3,0.993,1371.5,309.2,0.992,1120.9,284.6,0.978,1348.1,276.8,0.979
582,23.28,1300.6,286.1,0.0,1301.6,286.3,0.0,1304.0,283.7,0.0,1306.6,298.7,0.0,1323.5,293.2,0.0,1300.0,323.0,0.996,1351.0,312.0,0.993,1240.0,304.2,0.984,1375.1,275.3,0.967,1168.3,275.6,0.967,1400.3,218.1,0.942,1303.4,335.2,0.999,1346.2,328.4,0.998,1248.8,281.0,0.997,1384.3,273.6,0.997,1170.6,263.3,0.993,1383.1,251.9,0.992
585,23.4,1299.4,283.1,0.0,1301.0,280.9,0.0,1303.9,280.6,0.0,1301.7,291.5,0.0,1322.5,290.8,0.0,1280.9,313.0,0.985,1330.4,317.4,0.96,1220.1,297.9,0.965,1321.2,321.6,0.844,1168.1,273.6,0.931,1308.4,297.0,0.806,1269.9,359.6,0.992,1312.2,360.8,0.987,1257.6,306.7,0.988,1377.1,307.7,0.981,1218.6,330.3,0.974,1406.9,329.0,0.968
588,23.52,1298.2,283.3,0.0,1296.3,282.2,0.0,1304.0,280.8,0.0,1290.8,289.3,0.0,1320.9,288.2,0.0,1267.1,309.9,0.995,1342.4,319.5,0.991,1216.0,266.9,0.984,1362.3,287.7,0.961,1181.4,236.6,0.969,1357.2,221.0,0.942,1277.9,312.4,0.999,1334.1,316.6,0.998,1267.6,271.5,0.997,1386.1,277.7,0.997,1238.1,257.9,0.993,1407.1,253.7,0.992
591,23.64,1294.9,274.7,0.0,1293.5,273.6,0.0,1304.9,272.6,0.0,1288.8,283.0,0.0,1330.6,282.4,0.0,1267.1,300.7,0.996,1339.9,316.1,0.987,1215.8,252.5,0.989,1331.2,288.5,0.939,1204.2,225.9,0.974,1308.6,224.8,0.913,1269.3,351.6,0.998,1327.3,357.6,0.997,1242.3,270.5,0.997,1366.4,281.2,0.994,1201.0,286.1,0.991,1391.7,284.0,0.988
594,23.76,279.8,32.2,0.0,298.0,16.0,0.0,264.8,21.3,0.0,324.8,19.5,0.0,231.7,29.1,0.0,317.7,25.2,0.001,231.7,37.6,0.001,308.0,36.2,0.002,242.8,47.9,0.002,319.1,104.4,0.003,257.7,100.9,0.005,306.2,30.6,0.024,249.0,35.9,0.026,320.5,5.9,0.358,247.7,16.6,0.378,308.8,95.7,0.892,246.3,115.2,0.897
597,23.88,1307.7,286.0,0.0,1316.3,280.6,0.0,1304.4,277.5,0.0,1328.6,286.0,0.0,1295.8,280.5,0.0,1327.1,303.9,0.945,1282.4,327.5,0.985,1356.8,252.1,0.874,1205.6,336.8,0.96,1345.4,189.6,0.913,1148.9,332.0,0.958,1349.7,376.2,0.907,1324.7,387.1,0.942,1351.8,273.6,0.782,1337.3,274.5,0.848,1366.5,274.7,0.667,1359.4,256.7,0.745
600,24.0,1307.7,288.2,0.0,1302.5,285.2,0.0,1311.7,281.5,0.0,1281.7,292.9,0.0,1318.5,286.3,0.0,1254.1,332.3,0.972,1344.1,303.7,0.968,1187.6,359.1,0.933,1369.4,265.1,0.913,1132.9,333.7,0.889,1363.0,190.3,0.868,1272.6,372.0,0.974,1334.4,362.5,0.971,1243.0,267.4,0.932,1351.0,259.1,0.923,1212.3,259.5,0.863,1358.2,254.3,0.858
603,24.12,1254.8,279.4,0.0,1253.7,275.5,0.0,1254.5,276.3,0.0,1253.3,284.2,0.0,1258.9,285.5,0.0,1244.6,315.1,0.968,1300.8,318.9,0.975,1200.9,343.3,0.937,1346.7,331.1,0.925,1117.5,329.3,0.925,1327.6,265.5,0.92,1327.8,343.7,0.974,1359.0,348.9,0.974,1347.1,265.2,0.951,1376.3,268.5,0.95,1402.3,271.3,0.905,1421.4,263.8,0.912
606,24.24,1308.3,296.6,0.0,1309.3,292.6,0.0,1308.7,289.9,0.0,1310.2,297.1,0.0,1314.5,290.2,0.0,1297.3,334.3,0.986,1344.7,312.4,0.99,1223.9,345.6,0.949,1366.2,277.9,0.96,1121.4,298.3,0.929,1373.7,211.5,0.939,1324.9,357.6,0.0,1355.9,348.9,0.991,1283.5,306.4,0.975,1360.9,294.0,0.977,1248.9,277.7,0.939,1362.8,264.9,0.947
609,24.36,1304.5,294.6,0.0,1309.6,288.3,0.0,1304.8,284.8,0.0,1310.7,288.3,0.0,1301.8,280.6,0.0,1277.2,320.9,0.977,1311.6,316.9,0.977,1202.7,337.7,0.946,1258.8,322.7,0.908,1097.8,328.0,0.935,1186.0,281.6,0.914,1312.8,394.1,0.954,1337.0,394.9,0.0,1308.1,304.0,0.895,1362.5,299.7,0.874,1330.1,302.9,0.786,1396.6,284.4,0.777
612,24.48,1319.0,294.5,0.0,1321.8,289.0,0.0,1315.8,287.5,0.0,1319.6,291.7,0.0,1304.2,290.4,0.0,1316.7,316.1,0.967,1301.9,329.7,0.992,1283.1,319.9,0.902,1225.1,347.7,0.97,1169.6,286.6,0.891,1104.4,328.1,0.956,1355.7,368.0,0.97,1346.4,373.2,0.983,1351.4,308.0,0.928,1338.5,303.9,0.953,1378.1,306.4,0.845,1361.7,287.5,0.888
615,24.6,1338.8,332.4,0.0,1336.6,333.2,0.0,1341.7,332.5,0.0,1331.4,338.7,0.0,1351.1,338.7,0.0,1325.2,348.4,0.987,1366.2,334.9,0.987,1244.8,318.6,0.963,1363.1,271.1,0.965,1157.4,287.0,0.937,1379.1,212.3,0.937,1308.5,327.3,0.998,1346.8,318.0,0.998,1222.9,307.9,0.996,1365.8,301.5,0.996,1115.4,265.7,0.988,1351.8,266.3,0.99
618,24.72,1305.4,304.9,0.0,1297.3,308.7,0.0,1307.6,305.6,0.0,1273.7,321.5,0.0,1309.2,318.5,0.0,1265.4,334.0,0.992,1330.3,328.3,0.992,1169.1,307.4,0.978,1374.6,287.4,0.975,1061.8,294.2,0.945,1386.2,222.4,0.947,1291.6,351.0,0.998,1343.1,346.8,0.0,1223.1,267.0,0.995,1377.6,265.4,0.996,1126.2,252.2,0.987,1394.0,246.9,0.988
621,24.84,1310.3,301.2,0.0,1310.3,300.7,0.0,1311.4,295.8,0.0,1312.8,308.1,0.0,1318.9,298.0,0.0,1292.0,349.8,0.99,1359.9,307.3,0.979,1199.8,340.6,0.966,1401.5,248.1,0.933,1067.3,310.3,0.951,1423.8,215.5,0.925,1283.2,348.7,0.995,1333.2,326.6,0.993,1243.6,286.6,0.992,1390.4,258.4,0.991,1147.4,253.9,0.98,1368.2,236.0,0.98
624,24.96,1307.8,298.7,0.0,1308.2,297.7,0.0,1310.6,294.2,0.0,1312.8,308.7,0.0,1314.8,298.5,0.0,1309.8,345.7,0.946,1336.5,306.0,0.922,1310.1,377.5,0.931,1377.0,263.0,0.893,1309.2,325.1,0.926,1402.9,209.6,0.876,1316.8,350.0,0.987,1325.3,333.5,0.982,1295.5,317.8,0.0,1274.8,294.8,0.964,1282.2,266.6,0.96,1233.5,247.6,0.955
627,25.08,1303.1,290.8,0.0,1299.2,289.4,0.0,1308.9,287.9,0.0,1286.8,300.8,0.0,1322.9,299.4,0.0,1258.5,332.9,0.974,1354.5,333.2,0.979,1184.7,341.0,0.944,1404.2,321.2,0.948,1113.7,327.8,0.921,1410.7,246.4,0.921,1269.1,351.0,0.993,1335.3,350.3,0.0,1236.0,281.6,0.988,1365.0,284.5,0.988,1163.5,262.1,0.972,1340.1,254.1,0.975
630,25.2,1293.9,298.3,0.0,1295.8,295.6,0.0,1298.5,294.4,0.0,1300.9,304.4,0.0,1319.0,300.4,0.0,1279.5,337.9,0.986,1356.5,324.4,0.987,1201.9,343.0,0.957,1388.4,293.3,0.956,1133.7,317.3,0.934,1383.2,219.2,0.93,1272.2,343.9,0.996,1329.6,335.7,0.996,1213.4,322.0,0.992,1352.3,317.9,0.992,1117.7,298.1,0.978,1317.2,291.7,0.98
633,25.32,1292.7,289.9,0.0,1292.9,286.2,0.0,1297.5,284.4,0.0,1294.9,294.9,0.0,1316.7,289.1,0.0,1283.2,337.3,0.981,1348.0,313.0,0.982,1202.1,353.6,0.954,1375.7,280.3,0.95,1120.7,308.8,0.927,1380.3,214.5,0.918,1295.5,374.6,0.993,1343.3,363.6,0.993,1232.5,314.5,0.981,1357.4,303.8,0.981,1169.6,285.7,0.949,1361.5,279.8,0.954
636,25.44,1315.1,307.1,0.0,1313.3,305.8,0.0,1318.8,304.8,0.0,1310.6,310.8,0.0,1325.9,308.4,0.0,1300.6,333.2,0.943,1342.9,318.6,0.966,1249.8,338.6,0.912,1365.1,283.4,0.946,1186.0,289.5,0.901,1374.6,220.3,0.925,1315.7,338.2,0.993,1344.6,332.9,0.994,1285.8,301.5,0.988,1358.5,294.2,0.989,1256.4,258.8,0.975,1364.0,252.9,0.979
639,25.56,1332.9,349.7,0.0,1325.8,352.0,0.0,1336.5,353.4,0.0,1314.4,353.4,0.0,1338.3,360.4,0.0,1309.9,346.1,0.966,1344.8,365.0,0.976,1292.2,300.4,0.948,1386.8,331.7,0.956,1251.0,263.0,0.948,1387.9,289.8,0.947,1324.8,334.4,0.995,1345.9,341.8,0.995,1326.4,253.9,0.994,1351.8,261.4,0.994,1322.1,227.9,0.991,1370.1,228.1,0.991
642,25.68,1298.0,302.7,0.0,1296.8,301.5,0.0,1305.8,300.7,0.0,1296.8,310.3,0.0,1325.6,307.3,0.0,1287.4,337.5,0.977,1347.3,324.2,0.977,1220.3,340.8,0.956,1371.5,288.9,0.945,1145.9,327.0,0.928,1357.9,239.4,0.912,1300.9,364.5,0.994,1345.8,357.8,0.994,1246.4,297.5,0.987,1357.7,292.7,0.987,1210.5,276.7,0.969,1389.1,270.8,0.971
645,25.8,1299.0,298.6,0.0,1299.1,296.1,0.0,1305.0,296.3,0.0,1296.3,307.4,0.0,1325.5,308.7,0.0,1283.2,327.6,0.976,1347.4,338.8,0.981,1208.8,331.3,0.941,1379.4,353.3,0.95,1135.4,315.3,0.892,1409.3,319.2,0.897,1284.1,357.6,0.994,1338.3,359.0,0.995,1193.9,334.2,0.983,1367.5,338.3,0.984,1103.6,318.8,0.95,1381.7,316.2,0.956
648,25.92,1293.2,285.7,0.0,1292.9,282.7,0.0,1299.5,283.4,0.0,1298.4,293.4,0.0,1323.3,293.8,0.0,1287.3,324.8,0.986,1339.9,328.0,0.969,1225.6,300.1,0.973,1366.2,314.6,0.913,1164.2,276.3,0.961,1406.6,269.6,0.904,1278.4,363.4,0.995,1320.4,363.2,0.0,1248.1,280.2,0.991,1376.8,282.5,0.988,1196.9,283.4,0.981,1407.3,283.4,0.979
651,26.04,1293.4,290.0,0.0,1294.2,289.5,0.0,1302.4,288.8,0.0,1293.6,304.0,0.0,1324.8,301.3,0.0,1270.5,327.5,0.97,1340.6,324.0,0.982,1190.7,326.2,0.938,1361.6,290.1,0.96,1120.5,309.3,0.9,1386.3,218.9,0.92,1276.7,339.2,0.993,1330.6,337.4,0.994,1209.5,310.7,0.976,1359.3,311.3,0.98,1157.7,274.5,0.936,1390.3,266.3,0.948
654,26.16,1297.1,372.6,0.0,1291.7,376.2,0.0,1305.5,375.0,0.0,1281.0,378.6,0.0,1314.2,376.8,0.0,1258.9,369.1,0.953,1318.4,365.0,0.966,1190.4,343.8,0.946,1353.5,322.0,0.95,1114.4,334.0,0.934,1387.8,272.4,0.935,1288.2,342.1,0.994,1322.7,342.5,0.994,1302.9,262.4,0.99,1351.3,260.6,0.991,1319.3,233.9,0.986,1391.9,224.0,0.988
657,26.28,1292.7,319.7,0.0,1290.8,318.8,0.0,1300.5,318.6,0.0,1289.9,322.3,0.0,1318.8,321.2,0.0,1280.9,339.3,0.974,1331.9,327.2,0.976,1212.2,341.0,0.957,1337.3,289.3,0.951,1134.8,325.7,0.932,1325.9,233.8,0.924,1285.1,356.5,0.995,1325.3,350.5,0.995,1238.3,305.9,0.985,1349.5,302.5,0.985,1200.5,271.5,0.96,1380.0,269.3,0.964
660,26.4,1264.5,328.0,0.0,1259.0,328.6,0.0,1272.9,328.0,0.0,1246.1,336.6,0.0,1281.6,334.3,0.0,1225.4,346.1,0.924,1292.2,338.4,0.881,1164.2,371.7,0.952,1355.8,338.6,0.868,1087.4,337.8,0.94,1391.3,295.0,0.868,1273.7,346.8,0.99,1309.8,348.2,0.984,1299.8,276.8,0.984,1338.9,272.3,0.975,1343.5,267.8,0.974,1395.5,256.5,0.968
663,26.52,1302.8,363.5,0.0,1296.1,363.2,0.0,1308.4,364.3,0.0,1287.5,357.4,0.0,1312.0,361.7,0.0,1267.8,355.0,0.894,1328.7,349.9,0.958,1198.5,357.8,0.866,1366.5,312.3,0.95,1080.5,323.0,0.888,1391.2,259.3,0.94,1279.4,332.1,0.978,1314.8,330.0,0.985,1254.3,303.7,0.96,1334.0,299.9,0.97,1240.1,272.0,0.905,1348.7,266.7,0.927
666,26.64,1295.0,294.8,0.0,1295.6,295.4,0.0,1302.7,291.0,0.0,1297.4,305.7,0.0,1317.1,294.1,0.0,1271.8,333.4,0.96,1335.4,304.4,0.961,1184.8,349.8,0.95,1351.9,289.5,0.933,1079.7,316.3,0.937,1354.0,266.9,0.921,1297.3,334.5,0.992,1339.1,321.8,0.991,1260.5,296.6,0.984,1352.6,275.0,0.983,1255.4,265.4,0.962,1382.2,242.0,0.964
669,26.76,1291.5,293.7,0.0,1293.3,291.4,0.0,1293.4,288.9,0.0,1298.6,300.5,0.0,1304.3,293.5,0.0,1296.3,334.2,0.975,1332.7,302.1,0.979,1226.7,366.6,0.946,1360.8,287.8,0.958,1090.0,321.5,0.924,1398.2,252.7,0.933,1298.5,332.1,0.994,1326.7,314.8,0.995,1233.6,326.5,0.986,1349.2,301.1,0.987,1166.0,293.6,0.955,1340.4,274.9,0.963
672,26.88,1287.7,287.7,0.0,1289.5,283.7,0.0,1291.4,282.4,0.0,1291.5,290.9,0.0,1305.7,287.1,0.0,1256.9,328.5,0.989,1339.7,317.5,0.988,1155.5,326.5,0.966,1392.0,293.8,0.954,1076.8,323.4,0.942,1424.3,266.4,0.928,1272.6,371.3,0.993,1326.1,367.3,0.992,1242.7,292.6,0.983,1359.0,290.8,0.981,1215.3,285.0,0.959,1378.7,283.9,0.96
675,27.0,1313.7,400.2,0.0,1316.1,398.9,0.0,1316.8,405.8,0.0,1317.6,395.4,0.0,1315.4,414.0,0.0,1321.2,381.9,0.974,1308.3,390.7,0.907,1372.3,374.5,0.982,1340.7,359.5,0.87,1438.8,353.1,0.975,1425.5,341.5,0.879,1287.3,330.4,0.998,1284.2,334.8,0.996,1198.1,331.0,0.998,1189.7,334.6,0.995,1091.0,334.5,0.99,1091.5,331.7,0.982
678,27.12,1330.1,395.0,0.0,1333.0,397.8,0.0,1335.8,399.6,0.0,1332.0,402.5,0.0,1336.6,406.4,0.0,1319.6,386.4,0.937,1321.5,389.1,0.847,1359.9,367.7,0.924,1359.4,364.1,0.721,1432.5,348.7,0.919,1429.6,344.7,0.769,1256.4,340.1,0.995,1259.0,340.5,0.991,1181.2,340.7,0.995,1183.3,340.8,0.992,1075.8,334.6,0.986,1083.6,330.5,0.98
681,27.24,1258.3,394.3,0.0,1259.6,399.1,0.0,1270.5,400.3,0.0,1272.2,402.1,0.0,1295.6,401.0,0.0,1280.8,374.4,0.886,1316.2,383.3,0.937,1302.5,351.7,0.742,1364.1,363.4,0.885,1349.7,329.7,0.793,1415.3,351.2,0.887,1275.5,328.9,0.981,1292.2,334.2,0.986,1183.9,345.7,0.985,1208.9,351.5,0.989,1062.4,302.0,0.964,1097.8,318.4,0.971
684,27.36,1329.4,397.8,0.0,1327.7,401.5,0.0,1331.7,405.9,0.0,1311.0,408.2,0.0,1318.2,422.6,0.0,1296.2,381.7,0.984,1303.3,394.3,0.956,1355.5,368.2,0.984,1367.9,363.8,0.92,1422.9,346.7,0.98,1445.4,351.2,0.923,1256.6,326.5,0.999,1262.2,333.4,0.997,1174.7,326.0,0.998,1182.5,325.2,0.996,1069.6,318.6,0.991,1092.5,316.1,0.987
687,27.48,1323.7,392.5,0.0,1323.7,395.2,0.0,1328.3,397.8,0.0,1315.4,401.5,0.0,1325.3,404.6,0.0,1309.0,390.4,0.875,1318.1,387.2,0.783,1374.7,374.2,0.909,1374.0,357.5,0.785,1474.8,333.4,0.902,1464.2,339.6,0.807,1262.3,352.9,0.985,1271.3,345.4,0.978,1148.4,330.9,0.978,1162.9,313.9,0.969,1046.8,326.5,0.911,1071.7,297.4,0.891
690,27.6,1275.0,364.5,0.0,1274.8,363.9,0.0,1279.4,373.0,0.0,1285.1,375.7,0.0,1294.8,388.6,0.0,1304.3,374.0,0.822,1316.2,381.9,0.843,1377.9,360.3,0.854,1394.1,358.9,0.87,1469.8,340.1,0.908,1469.6,344.7,0.906,1300.6,352.1,0.989,1308.1,355.2,0.0,1183.7,340.4,0.988,1195.3,348.1,0.988,1094.3,313.5,0.952,1112.4,327.3,0.957
693,27.72,0,0,0,0,0,0,0,0,0,0,0,0,0,0,0,0,0,0,0,0,0,0,0,0,0,0,0,0,0,0,0,0,0,0,0,0,0,0,0,0,0,0,0,0,0,0,0,0,0,0,0
696,27.84,1517.3,338.9,0.0,1527.2,341.7,0.0,1526.4,333.5,0.0,1521.6,343.5,0.0,1519.8,327.3,0.0,1468.6,347.5,0.948,1465.0,329.2,0.832,1393.5,365.6,0.831,1383.1,334.7,0.492,1327.3,365.3,0.675,1329.7,334.7,0.411,1330.5,341.5,0.989,1328.5,331.3,0.979,1218.5,355.5,0.988,1214.8,355.3,0.978,1106.6,344.8,0.97,1104.9,336.6,0.954
699,27.96,1275.0,290.4,0.0,1272.9,287.3,0.0,1269.8,291.4,0.0,1272.7,303.7,0.0,1264.8,302.7,0.0,1286.0,329.6,0.932,1281.3,335.2,0.918,1374.7,357.9,0.936,1380.6,355.3,0.918,1487.1,357.1,0.952,1495.1,351.1,0.934,1314.2,368.7,0.994,1314.4,372.2,0.993,1298.0,344.4,0.991,1300.9,364.5,0.991,1361.6,334.6,0.978,1363.3,367.6,0.979
702,28.08,1295.1,380.6,0.0,1295.2,379.8,0.0,1295.7,386.2,0.0,1299.2,382.7,0.0,1298.1,393.2,0.0,1310.6,375.0,0.887,1307.5,378.6,0.886,1387.4,365.2,0.912,1390.4,366.9,0.897,1474.5,367.7,0.934,1487.7,362.6,0.912,1292.1,338.1,0.989,1292.1,339.1,0.988,1227.4,331.3,0.982,1223.1,339.2,0.98,1179.9,320.1,0.932,1176.5,341.1,0.931
705,28.2,1610.3,55.5,0.0,1618.8,59.1,0.0,1620.6,52.5,0.0,1618.4,61.7,0.0,1621.8,40.9,0.0,1583.6,52.3,0.409,1585.4,21.9,0.465,1519.0,45.4,0.501,1510.8,11.6,0.0,1532.1,76.2,0.575,1522.7,64.2,0.633,1433.3,46.0,0.691,1431.4,22.5,0.707,1319.4,46.1,0.307,1316.6,29.4,0.315,1248.8,46.2,0.094,1244.3,17.1,0.093
708,28.32,1283.7,374.3,0.0,1281.4,371.7,0.0,1282.7,378.0,0.0,1281.8,374.5,0.0,1280.1,380.4,0.0,1280.3,358.0,0.854,1289.2,386.1,0.859,1325.8,340.1,0.775,1356.8,370.1,0.781,1401.5,332.4,0.841,1439.7,364.6,0.828,1315.3,329.7,0.951,1322.5,346.9,0.95,1325.8,317.7,0.95,1334.9,331.6,0.949,1375.6,293.3,0.914,1382.7,303.9,0.917
711,28.44,1612.0,57.6,0.0,1620.5,62.4,0.0,1622.6,53.3,0.0,1619.1,65.6,0.0,1623.3,39.3,0.0,1583.2,53.2,0.484,1586.4,21.7,0.534,1517.0,44.1,0.503,1511.4,11.6,0.0,1530.7,74.0,0.57,1523.5,64.6,0.626,1437.7,45.3,0.694,1436.4,22.0,0.707,1326.3,40.2,0.348,1324.4,27.3,0.353,1243.6,39.8,0.119,1239.8,16.8,0.117
714,28.56,1192.7,224.5,0.0,1199.1,223.9,0.0,1195.6,222.2,0.0,1213.0,243.1,0.0,1206.4,229.9,0.0,1209.6,288.3,0.982,1216.5,270.6,0.817,1167.3,321.1,0.963,1213.5,320.7,0.496,1081.7,315.5,0.931,1213.4,315.4,0.588,1294.4,340.1,0.947,1296.9,328.4,0.835,1267.4,356.1,0.899,1264.8,338.8,0.736,1285.2,368.3,0.804,1278.8,362.2,0.671
717,28.68,1184.5,241.1,0.0,1186.4,238.9,0.0,1189.3,248.6,0.0,1199.3,262.5,0.0,1206.4,268.2,0.0,1199.0,298.2,0.863,1215.5,289.9,0.65,1136.3,337.1,0.885,1166.0,341.1,0.623,1071.3,321.3,0.898,1116.7,342.7,0.721,1296.1,324.5,0.935,1306.1,315.3,0.891,1239.6,335.5,0.932,1253.9,310.6,0.893,1238.5,331.4,0.875,1261.0,310.1,0.843
720,28.8,1289.7,266.7,0.0,1291.5,266.8,0.0,1294.2,263.0,0.0,1294.4,287.9,0.0,1318.9,280.0,0.0,1282.4,312.5,0.993,1356.7,309.4,0.969,1190.5,312.7,0.98,1389.9,322.6,0.863,1083.9,288.3,0.936,1392.4,288.1,0.77,1272.4,346.7,0.996,1326.8,337.8,0.991,1170.6,305.2,0.984,1306.7,295.0,0.968,1033.3,301.8,0.957,1241.2,279.7,0.937
723,28.92,1571.8,0.8,0.0,1575.3,0.0,0.0,1567.3,0.0,0.0,1582.7,0.0,0.0,1551.6,0.0,0.0,1599.8,0.0,0.15,1516.9,0.0,0.364,1625.6,14.9,0.65,1505.4,28.0,0.936,1619.4,53.3,0.705,1534.7,73.2,0.913,1580.2,75.6,0.896,1519.1,79.1,0.936,1626.1,98.5,0.56,1533.1,101.3,0.71,1623.8,116.5,0.234,1525.4,120.8,0.336
726,29.04,1572.2,0.9,0.0,1575.6,0.0,0.0,1567.7,0.0,0.0,1582.7,0.0,0.0,1551.8,0.0,0.0,1599.4,0.0,0.14,1517.2,0.0,0.344,1624.8,13.7,0.638,1505.6,27.4,0.933,1619.7,52.3,0.696,1534.5,73.3,0.909,1579.5,75.0,0.886,1518.9,78.6,0.93,1624.0,99.3,0.527,1532.1,102.1,0.681,1621.3,114.9,0.208,1523.6,119.4,0.304
729,29.16,1314.1,281.6,0.0,1316.1,280.3,0.0,1317.9,278.5,0.0,1322.3,287.1,0.0,1328.9,283.4,0.0,1320.7,294.2,0.909,1347.1,286.4,0.938,1324.8,303.5,0.845,1376.5,306.3,0.924,1365.4,280.0,0.774,1426.1,307.8,0.828,1272.8,323.0,0.983,1286.2,310.1,0.986,1163.0,341.0,0.934,1188.7,328.4,0.944,1061.4,303.6,0.853,1083.9,293.6,0.871
732,29.28,1572.4,1.7,0.0,1575.8,0.0,0.0,1567.8,0.0,0.0,1582.8,0.0,0.0,1551.8,0.0,0.0,1599.3,0.0,0.137,1517.9,0.0,0.334,1624.4,14.2,0.635,1506.3,28.0,0.928,1619.8,52.9,0.694,1534.7,73.8,0.905,1581.4,76.3,0.88,1521.3,79.9,0.925,1622.0,99.9,0.513,1531.2,102.6,0.664,1620.7,112.9,0.201,1524.4,117.4,0.291
735,29.4,1321.2,278.4,0.0,1320.6,276.1,0.0,1325.0,275.8,0.0,1317.8,280.1,0.0,1335.8,282.0,0.0,1312.2,287.3,0.948,1348.8,292.4,0.975,1295.2,298.6,0.863,1377.9,317.4,0.952,1299.4,290.6,0.784,1423.1,319.7,0.869,1257.7,328.0,0.988,1280.7,320.7,0.992,1147.8,332.3,0.958,1200.3,328.2,0.968,1033.7,315.5,0.9,1107.5,311.4,0.918
738,29.52,1329.0,276.9,0.0,1330.8,274.7,0.0,1332.9,273.8,0.0,1330.2,278.0,0.0,1336.7,279.0,0.0,1310.7,278.0,0.847,1340.0,291.3,0.9,1259.6,293.7,0.0,1377.4,325.3,0.914,1216.9,286.6,0.793,1447.0,314.7,0.845,1269.5,309.9,0.989,1290.2,308.4,0.991,1174.2,331.3,0.972,1266.1,331.0,0.976,1077.0,297.5,0.939,1225.5,289.8,0.947
741,29.64,1322.6,256.4,0.0,1326.9,253.5,0.0,1323.6,252.5,0.0,1339.1,263.8,0.0,1328.9,261.1,0.0,1340.2,282.0,0.91,1344.4,274.8,0.893,1354.4,302.4,0.889,1384.3,305.9,0.889,1416.3,284.2,0.853,1446.7,308.3,0.813,1288.0,336.8,0.0,1284.6,324.3,0.978,1169.0,343.2,0.924,1172.4,333.9,0.913,1071.0,310.6,0.813,1070.7,305.2,0.802
744,29.76,1300.3,264.7,0.0,1303.9,262.5,0.0,1302.8,260.2,0.0,1312.7,275.0,0.0,1313.9,270.4,0.0,1319.1,289.8,0.911,1338.8,285.6,0.883,1274.4,309.7,0.816,1369.5,307.5,0.792,1201.1,296.2,0.666,1404.6,304.9,0.618,1284.3,331.2,0.974,1293.8,318.0,0.971,1156.0,335.5,0.913,1196.5,320.9,0.899,1027.8,310.9,0.834,1096.6,291.2,0.824
747,29.88,1572.2,1.9,0.0,1575.5,0.0,0.0,1567.8,0.0,0.0,1582.3,0.0,0.0,1551.6,0.0,0.0,1599.1,0.0,0.145,1516.8,0.0,0.332,1625.5,15.2,0.657,1506.5,29.1,0.927,1619.2,54.3,0.71,1535.3,74.4,0.904,1581.7,74.7,0.897,1521.0,78.6,0.934,1626.1,94.3,0.583,1532.2,97.3,0.714,1628.3,108.6,0.264,1528.2,113.3,0.36
750,30.0,1568.7,3.0,0.0,1572.2,0.0,0.0,1564.5,0.0,0.0,1577.9,0.0,0.0,1548.4,0.0,0.0,1593.2,0.0,0.167,1514.3,0.1,0.322,1619.9,11.9,0.649,1503.7,28.2,0.0,1618.2,50.9,0.695,1533.0,75.3,0.867,1580.2,74.0,0.852,1522.0,78.0,0.892,1615.0,79.3,0.509,1522.5,82.1,0.612,1622.4,86.5,0.243,1524.7,91.5,0.309
753,30.12,1276.4,300.5,0.0,1279.5,299.3,0.0,1281.8,297.6,0.0,1287.6,307.0,0.0,1297.9,301.8,0.0,1280.4,316.9,0.938,1324.1,303.2,0.921,1190.8,321.9,0.893,1342.6,274.5,0.842,1067.5,288.5,0.826,1363.7,238.1,0.761,1283.5,321.8,0.978,1318.5,311.2,0.974,1163.9,322.9,0.929,1302.2,308.7,0.914,1076.3,278.6,0.834,1304.5,261.5,0.828
756,30.24,1237.3,265.7,0.0,1237.9,262.8,0.0,1245.2,261.7,0.0,1240.9,273.3,0.0,1275.3,267.7,0.0,1236.8,291.7,0.982,1311.8,285.8,0.946,1130.8,310.9,0.97,1338.7,303.7,0.832,1011.8,286.7,0.911,1330.7,290.9,0.741,1289.5,334.3,0.0,1349.6,330.6,0.981,1183.4,317.5,0.947,1363.2,310.1,0.905,1116.9,304.8,0.815,1410.6,292.5,0.766
759,30.36,1187.7,267.1,0.0,1186.7,262.1,0.0,1197.4,261.3,0.0,1200.9,261.3,0.0,1231.0,254.8,0.0,1213.8,285.7,0.994,1271.0,273.5,0.923,1172.9,311.7,0.989,1315.8,276.1,0.676,1071.1,295.8,0.956,1332.3,222.1,0.636,1332.9,320.0,0.992,1361.3,321.3,0.969,1382.1,296.6,0.965,1402.2,292.0,0.887,1479.1,276.3,0.864,1486.3,260.3,0.761
762,30.48,1195.6,259.3,0.0,1194.8,253.8,0.0,1206.9,252.8,0.0,1208.9,256.5,0.0,1249.2,249.0,0.0,1229.7,284.1,0.996,1285.1,269.3,0.909,1177.8,322.5,0.994,1281.7,292.6,0.603,1072.5,298.2,0.974,1200.7,284.3,0.59,1338.2,323.6,0.995,1370.8,321.7,0.973,1371.1,291.8,0.977,1386.6,278.5,0.898,1449.9,279.1,0.921,1465.1,256.3,0.825
765,30.6,1248.2,257.9,0.0,1244.1,253.4,0.0,1257.5,252.0,0.0,1238.8,261.2,0.0,1286.8,255.5,0.0,1228.5,288.0,0.982,1331.8,281.7,0.96,1144.9,309.2,0.969,1386.2,294.4,0.873,1034.9,296.5,0.922,1402.2,281.7,0.813,1309.8,335.9,0.985,1379.2,335.7,0.974,1254.5,275.2,0.939,1391.8,270.5,0.899,1245.7,291.6,0.799,1441.1,277.4,0.755
768,30.72,1220.1,268.0,0.0,1217.1,262.7,0.0,1232.0,260.5,0.0,1220.6,266.7,0.0,1274.5,256.7,0.0,1226.3,291.1,0.982,1319.2,269.2,0.976,1157.2,319.6,0.957,1375.3,264.7,0.922,1045.7,300.4,0.891,1408.6,250.9,0.841,1304.1,350.7,0.98,1366.8,343.3,0.977,1248.8,282.3,0.895,1376.7,267.8,0.875,1234.8,306.1,0.678,1427.5,285.5,0.679
771,30.84,1272.8,264.5,0.0,1271.8,261.7,0.0,1278.6,260.0,0.0,1269.8,270.7,0.0,1301.6,266.7,0.0,1260.4,292.9,0.972,1335.8,290.0,0.987,1182.3,303.2,0.908,1406.6,291.3,0.962,1067.0,291.9,0.848,1456.0,275.5,0.91,1261.0,329.3,0.982,1315.1,323.1,0.987,1164.8,293.6,0.925,1315.4,285.9,0.943,1051.1,290.3,0.788,1292.6,274.6,0.831
774,30.96,1281.1,262.3,0.0,1281.6,258.4,0.0,1286.4,257.9,0.0,1282.8,266.9,0.0,1308.3,266.0,0.0,1267.9,287.2,0.952,1326.3,290.8,0.985,1199.2,307.1,0.886,1373.6,318.4,0.971,1135.7,292.0,0.844,1433.1,303.4,0.929,1252.2,333.2,0.981,1286.9,329.1,0.0,1190.1,306.1,0.928,1251.2,302.0,0.955,1119.6,315.6,0.833,1206.8,306.6,0.881
777,31.08,1293.7,255.3,0.0,1294.1,252.7,0.0,1298.5,252.6,0.0,1298.9,262.5,0.0,1316.9,263.9,0.0,1293.5,276.5,0.962,1337.5,286.6,0.97,1238.3,284.2,0.939,1379.5,316.2,0.961,1206.4,269.1,0.896,1423.1,296.6,0.912,1242.1,317.7,0.995,1262.4,311.2,0.995,1160.9,307.0,0.98,1172.3,306.0,0.981,1037.1,296.8,0.95,1042.8,292.4,0.955
780,31.2,1275.3,247.1,0.0,1272.2,242.6,0.0,1278.9,242.5,0.0,1266.5,253.2,0.0,1297.2,252.8,0.0,1264.0,283.3,0.971,1342.2,284.2,0.958,1171.0,308.8,0.941,1398.2,308.1,0.884,1034.8,296.2,0.885,1408.6,293.9,0.822,1295.6,334.8,0.977,1351.6,330.5,0.971,1180.3,288.3,0.917,1329.4,283.5,0.891,1078.4,294.6,0.754,1311.8,284.2,0.73
783,31.32,1283.4,260.9,0.0,1280.3,258.2,0.0,1288.0,256.8,0.0,1274.9,265.7,0.0,1306.7,263.5,0.0,1273.8,285.6,0.96,1339.5,284.8,0.984,1208.4,306.9,0.88,1398.9,298.3,0.959,1092.0,293.9,0.816,1435.5,285.2,0.904,1282.6,325.3,0.973,1326.8,319.7,0.982,1191.6,300.0,0.886,1300.2,291.8,0.917,1093.3,304.2,0.692,1264.8,288.0,0.752
786,31.44,1293.6,258.9,0.0,1295.8,256.6,0.0,1296.1,254.6,0.0,1303.8,265.4,0.0,1307.7,261.6,0.0,1307.8,279.8,0.947,1322.6,279.0,0.957,1313.5,304.2,0.912,1369.5,317.3,0.95,1342.7,295.3,0.872,1428.2,311.9,0.893,1264.9,325.3,0.99,1271.2,315.7,0.991,1172.8,317.9,0.959,1184.3,309.8,0.964,1066.3,293.5,0.909,1083.1,281.6,0.918
789,31.56,1290.9,249.5,0.0,1290.6,245.7,0.0,1297.1,245.4,0.0,1295.5,253.0,0.0,1319.0,252.7,0.0,1296.2,274.2,0.966,1333.2,279.7,0.959,1285.3,288.3,0.938,1370.7,318.3,0.928,1297.4,257.5,0.899,1419.5,310.8,0.864,1267.5,339.4,0.993,1292.3,334.9,0.992,1190.2,302.4,0.979,1239.2,299.4,0.975,1106.3,297.0,0.954,1179.0,292.1,0.951
792,31.68,1570.2,0.0,0.0,1571.1,0.0,0.0,1568.4,0.0,0.0,1569.5,0.0,0.0,1549.8,0.0,0.0,1576.6,0.0,0.289,1516.3,0.0,0.476,1602.5,13.6,0.0,1511.8,23.3,0.0,1620.3,53.7,0.772,1533.7,71.7,0.876,1559.0,56.7,0.892,1509.5,61.0,0.922,1628.3,62.8,0.746,1530.3,67.6,0.81,1638.7,78.5,0.553,1517.5,87.0,0.61
795,31.8,1570.2,0.0,0.0,1571.3,0.0,0.0,1568.3,0.0,0.0,1570.3,0.0,0.0,1549.7,0.0,0.0,1576.8,0.0,0.271,1516.4,0.0,0.455,1601.8,13.6,0.0,1511.9,22.9,0.0,1620.5,53.8,0.762,1532.9,72.0,0.87,1559.6,57.6,0.88,1509.8,61.8,0.913,1628.6,62.1,0.726,1528.6,66.6,0.794,1640.1,79.2,0.534,1515.7,87.2,0.592
798,31.92,1281.6,257.5,0.0,1284.0,254.5,0.0,1285.3,253.8,0.0,1286.5,263.7,0.0,1299.7,262.2,0.0,1278.6,280.2,0.951,1319.7,284.6,0.953,1175.6,294.2,0.909,1357.8,300.7,0.89,1040.8,277.6,0.847,1385.0,286.1,0.818,1276.8,311.2,0.979,1308.5,307.9,0.978,1171.9,305.0,0.927,1301.1,300.9,0.918,1061.3,289.3,0.818,1290.6,278.7,0.818
801,32.04,1273.1,249.7,0.0,1271.1,247.8,0.0,1278.3,245.4,0.0,1262.6,260.2,0.0,1293.3,255.5,0.0,1248.9,284.6,0.985,1319.8,284.3,0.957,1153.8,291.4,0.966,1367.9,283.4,0.84,1025.4,283.5,0.909,1404.1,251.1,0.756,1284.3,320.1,0.984,1335.8,319.7,0.969,1197.0,280.3,0.921,1350.3,279.2,0.855,1128.8,266.1,0.755,1374.2,252.8,0.677
804,32.16,1566.9,0.0,0.0,1567.4,0.0,0.0,1565.2,0.0,0.0,1570.0,0.0,0.0,1551.1,0.0,0.0,1582.7,0.0,0.195,1518.5,0.0,0.326,1600.5,13.6,0.0,1502.1,33.0,0.934,1621.3,48.5,0.782,1531.8,76.8,0.906,1587.1,71.3,0.907,1537.4,76.8,0.933,1626.2,93.1,0.604,1529.2,97.3,0.686,1642.6,90.0,0.286,1524.1,96.9,0.344
807,32.28,1213.7,276.8,0.0,1211.3,270.2,0.0,1223.2,269.3,0.0,1215.1,269.6,0.0,1256.7,263.1,0.0,1217.3,290.3,0.98,1298.2,284.7,0.961,1163.7,297.2,0.958,1339.5,277.7,0.855,1074.9,291.6,0.896,1359.2,259.2,0.779,1315.7,348.5,0.964,1366.3,350.5,0.944,1285.7,284.4,0.815,1367.7,281.5,0.728,1315.8,282.7,0.556,1425.2,267.2,0.504
810,32.4,1272.7,242.1,0.0,1279.9,243.1,0.0,1269.4,233.4,0.0,1284.5,256.9,0.0,1259.1,229.9,0.0,1283.0,280.1,0.984,1244.3,244.1,0.981,1300.0,299.2,0.948,1213.7,237.4,0.917,1370.5,296.5,0.938,1204.6,241.4,0.892,1312.1,310.6,0.988,1294.3,290.0,0.985,1335.6,316.6,0.98,1317.0,294.8,0.976,1389.3,344.8,0.968,1354.5,326.2,0.966
813,32.52,1334.6,298.3,0.0,1336.2,301.7,0.0,1338.4,299.1,0.0,1324.6,310.7,0.0,1328.8,302.6,0.0,1300.0,321.2,0.947,1307.3,290.8,0.862,1286.6,331.9,0.932,1298.4,278.0,0.745,1339.2,330.1,0.927,1351.4,275.8,0.789,1251.5,303.6,0.981,1256.6,283.8,0.965,1214.4,283.0,0.968,1220.5,257.4,0.942,1141.7,282.5,0.89,1150.3,255.6,0.85
816,32.64,1607.3,52.1,0.0,1615.3,56.9,0.0,1618.3,49.8,0.0,1609.2,56.4,0.0,1618.7,36.3,0.0,1569.7,36.8,0.321,1577.3,9.2,0.262,1511.7,28.9,0.0,1511.5,0.0,0.428,1528.3,71.3,0.461,1526.1,63.2,0.396,1436.0,35.6,0.616,1435.5,15.1,0.571,1344.4,26.5,0.198,1343.1,17.4,0.17,1280.3,26.1,0.044,1278.0,22.0,0.039
819,32.76,1609.2,55.5,0.0,1617.7,60.1,0.0,1620.2,52.3,0.0,1613.3,57.5,0.0,1621.1,36.3,0.0,1573.9,31.7,0.492,1578.7,11.2,0.474,1513.7,19.7,0.0,1509.3,1.9,0.0,1525.3,69.8,0.499,1521.1,66.4,0.489,1433.4,29.6,0.681,1431.6,12.9,0.661,1336.1,23.8,0.16,1333.3,21.2,0.151,1285.6,22.9,0.03,1280.3,20.5,0.028
822,32.88,1607.4,53.4,0.0,1615.2,57.8,0.0,1618.2,51.6,0.0,1608.5,56.8,0.0,1617.7,39.0,0.0,1569.0,36.4,0.318,1576.2,10.8,0.272,1513.6,26.9,0.0,1513.1,0.0,0.456,1529.0,70.7,0.467,1527.1,60.6,0.42,1438.2,35.4,0.651,1437.5,16.3,0.615,1344.4,25.9,0.229,1342.9,17.6,0.203,1281.5,26.1,0.052,1278.8,22.3,0.047
825,33.0,1606.9,58.0,0.0,1614.6,62.2,0.0,1617.5,55.3,0.0,1606.8,58.9,0.0,1616.1,39.0,0.0,1566.7,38.4,0.361,1574.1,10.5,0.337,1514.0,29.7,0.0,1514.5,0.0,0.0,1530.4,70.8,0.503,1529.1,60.6,0.487,1438.5,35.9,0.669,1438.0,15.1,0.646,1349.5,26.3,0.239,1348.3,17.5,0.221,1290.3,26.2,0.054,1287.6,22.3,0.051
828,33.12,0,0,0,0,0,0,0,0,0,0,0,0,0,0,0,0,0,0,0,0,0,0,0,0,0,0,0,0,0,0,0,0,0,0,0,0,0,0,0,0,0,0,0,0,0,0,0,0,0,0,0
831,33.24,1620.2,62.1,0.0,1628.4,68.4,0.0,1631.8,58.5,0.0,1622.6,70.3,0.0,1632.6,41.9,0.0,1578.1,50.2,0.452,1587.5,10.5,0.414,1513.5,37.4,0.483,1516.7,0.0,0.447,1528.1,70.6,0.438,1528.5,58.6,0.399,1435.9,37.5,0.666,1436.5,9.3,0.635,1330.8,29.0,0.226,1330.1,14.8,0.205,1257.7,21.6,0.052,1256.3,14.2,0.048
834,33.36,1620.6,67.1,0.0,1628.3,75.4,0.0,1632.6,61.5,0.0,1622.8,80.7,0.0,1635.1,40.2,0.0,1578.0,58.0,0.728,1591.1,9.8,0.755,1512.9,42.9,0.0,1520.5,0.0,0.664,1523.2,71.8,0.549,1524.8,63.9,0.581,1427.1,41.2,0.73,1429.3,6.3,0.727,1319.1,30.3,0.137,1319.6,16.4,0.139,1268.0,19.8,0.021,1268.1,13.2,0.022
837,33.48,1614.0,58.9,0.0,1622.4,66.3,0.0,1625.2,51.7,0.0,1620.3,72.0,0.0,1628.9,29.6,0.0,1577.8,57.6,0.825,1586.7,6.2,0.855,1512.1,48.8,0.598,1514.5,0.0,0.0,1523.4,70.2,0.532,1520.7,61.6,0.596,1429.7,43.8,0.754,1430.9,7.5,0.762,1318.4,34.8,0.148,1318.3,18.1,0.161,1255.0,23.7,0.024,1254.2,14.7,0.026
840,33.6,1303.9,309.8,0.0,1303.7,314.1,0.0,1309.8,312.7,0.0,1299.7,323.6,0.0,1314.3,316.0,0.0,1278.5,314.1,0.966,1320.5,310.1,0.94,1277.6,291.0,0.941,1372.4,282.8,0.877,1328.6,258.6,0.938,1419.8,285.5,0.889,1264.0,290.1,0.977,1282.9,284.3,0.968,1277.0,280.9,0.954,1303.1,266.2,0.937,1276.3,276.1,0.885,1297.6,249.3,0.867
843,33.72,1313.5,307.0,0.0,1314.0,309.0,0.0,1317.9,311.3,0.0,1306.3,315.9,0.0,1315.6,322.6,0.0,1275.7,311.6,0.967,1312.4,319.7,0.939,1267.7,277.6,0.941,1359.9,284.4,0.871,1307.3,248.6,0.927,1414.6,277.1,0.869,1248.2,287.8,0.976,1264.8,291.2,0.966,1266.1,277.7,0.937,1284.2,275.2,0.915,1262.0,264.6,0.821,1271.3,252.6,0.797
846,33.84,1325.9,303.0,0.0,1326.9,305.2,0.0,1330.7,307.6,0.0,1319.1,312.9,0.0,1328.2,320.3,0.0,1289.6,313.7,0.966,1323.9,314.0,0.913,1272.2,289.9,0.951,1361.0,291.9,0.829,1290.0,250.3,0.937,1408.7,279.5,0.843,1243.0,284.8,0.984,1259.3,283.1,0.972,1204.2,281.0,0.952,1221.2,273.6,0.923,1146.0,268.6,0.813,1158.9,256.2,0.765
849,33.96,0,0,0,0,0,0,0,0,0,0,0,0,0,0,0,0,0,0,0,0,0,0,0,0,0,0,0,0,0,0,0,0,0,0,0,0,0,0,0,0,0,0,0,0,0,0,0,0,0,0,0
852,34.08,1630.1,65.7,0.0,1638.2,71.5,0.0,1640.6,60.4,0.0,1632.8,74.6,0.0,1639.7,43.8,0.0,1583.1,69.2,0.55,1590.9,17.6,0.651,1510.2,59.4,0.38,1515.2,1.5,0.567,1524.8,65.8,0.33,1523.5,45.5,0.455,1432.3,55.3,0.674,1433.9,21.1,0.711,1315.2,44.4,0.199,1316.1,25.7,0.234,1246.4,33.5,0.047,1247.3,23.9,0.055
855,34.2,1319.7,307.6,0.0,1320.3,309.0,0.0,1323.0,312.8,0.0,1311.9,315.2,0.0,1317.0,324.4,0.0,1288.1,311.1,0.942,1297.2,311.3,0.873,1311.0,292.9,0.908,1327.7,285.1,0.73,1383.1,284.4,0.895,1392.8,286.1,0.754,1241.7,285.2,0.96,1246.7,283.9,0.933,1263.0,278.3,0.919,1268.1,270.8,0.873,1246.8,270.2,0.807,1252.5,262.1,0.756
858,34.32,1295.6,302.3,0.0,1294.4,303.8,0.0,1297.8,305.8,0.0,1285.7,310.1,0.0,1292.4,311.2,0.0,1270.4,305.9,0.92,1286.9,303.6,0.867,1314.4,291.1,0.889,1347.8,283.7,0.774,1389.7,285.6,0.897,1404.2,292.3,0.811,1261.2,293.3,0.931,1268.1,289.8,0.904,1300.6,288.8,0.861,1310.2,281.0,0.814,1314.8,291.2,0.728,1321.0,285.6,0.69
861,34.44,0,0,0,0,0,0,0,0,0,0,0,0,0,0,0,0,0,0,0,0,0,0,0,0,0,0,0,0,0,0,0,0,0,0,0,0,0,0,0,0,0,0,0,0,0,0,0,0,0,0,0
864,34.56,1613.2,48.2,0.0,1622.4,52.2,0.0,1624.3,45.8,0.0,1621.8,50.0,0.0,1627.7,35.0,0.0,1582.6,35.3,0.303,1586.8,9.2,0.305,1511.9,21.7,0.318,1510.1,0.0,0.344,1525.2,48.9,0.283,1521.7,43.5,0.293,1432.2,32.5,0.521,1431.1,14.2,0.513,1325.1,28.9,0.15,1323.7,19.2,0.147,1265.1,28.9,0.038,1262.5,22.8,0.038
867,34.68,1613.4,49.2,0.0,1621.8,54.7,0.0,1623.5,44.7,0.0,1619.8,59.6,0.0,1625.3,31.6,0.0,1578.2,53.8,0.544,1584.0,9.0,0.531,1511.9,41.7,0.465,1512.9,0.0,0.463,1533.3,53.3,0.403,1530.4,49.1,0.394,1431.0,45.6,0.663,1431.6,14.8,0.649,1322.2,34.5,0.195,1322.2,17.6,0.185,1260.2,28.2,0.043,1259.8,19.9,0.042
870,34.8,1613.2,60.2,0.0,1621.1,65.0,0.0,1623.6,55.9,0.0,1619.3,65.6,0.0,1626.8,40.4,0.0,1578.8,56.8,0.579,1587.0,12.9,0.656,1513.0,46.3,0.448,1517.6,0.0,0.603,1533.0,60.7,0.392,1532.5,44.9,0.495,1433.3,45.6,0.705,1434.6,15.9,0.728,1321.3,37.6,0.204,1321.9,20.6,0.229,1256.9,29.3,0.042,1257.1,19.7,0.048
873,34.92,1312.9,300.8,0.0,1314.8,301.9,0.0,1315.5,304.9,0.0,1308.4,307.8,0.0,1310.0,317.7,0.0,1282.0,303.1,0.96,1297.9,319.0,0.913,1281.6,262.2,0.926,1332.9,292.7,0.785,1301.8,237.0,0.902,1390.7,284.8,0.789,1245.8,285.0,0.962,1253.6,294.8,0.94,1274.6,269.6,0.913,1277.3,281.5,0.869,1259.0,255.6,0.784,1255.9,268.6,0.737
876,35.04,1612.1,61.6,0.0,1619.4,67.6,0.0,1622.1,56.1,0.0,1616.4,71.0,0.0,1624.5,38.6,0.0,1574.4,65.7,0.769,1584.3,12.2,0.816,1511.7,60.6,0.552,1519.4,0.0,0.676,1533.3,70.3,0.481,1536.3,45.6,0.566,1434.2,51.7,0.786,1436.5,16.2,0.801,1323.9,43.0,0.269,1325.3,24.5,0.294,1256.4,33.1,0.058,1258.3,25.1,0.064
879,35.16,0,0,0,0,0,0,0,0,0,0,0,0,0,0,0,0,0,0,0,0,0,0,0,0,0,0,0,0,0,0,0,0,0,0,0,0,0,0,0,0,0,0,0,0,0,0,0,0,0,0,0
882,35.28,1613.8,53.2,0.0,1621.9,59.1,0.0,1625.0,50.2,0.0,1616.9,62.0,0.0,1626.1,38.3,0.0,1574.2,45.4,0.462,1583.4,11.4,0.461,1512.7,30.4,0.454,1516.5,0.0,0.48,1536.8,58.1,0.402,1535.4,47.1,0.412,1427.8,35.8,0.627,1428.6,11.5,0.617,1327.0,35.1,0.177,1326.5,21.6,0.174,1258.8,29.6,0.039,1258.2,19.5,0.038
885,35.4,1616.4,59.8,0.0,1624.4,65.8,0.0,1627.3,56.6,0.0,1620.9,68.3,0.0,1629.5,43.7,0.0,1578.2,54.5,0.55,1587.6,15.0,0.59,1512.4,39.9,0.454,1518.7,0.0,0.541,1532.6,59.7,0.397,1534.9,45.5,0.45,1436.7,41.6,0.67,1438.1,14.6,0.678,1341.2,37.9,0.229,1341.6,21.0,0.238,1269.6,32.9,0.056,1270.1,22.0,0.059
888,35.52,0,0,0,0,0,0,0,0,0,0,0,0,0,0,0,0,0,0,0,0,0,0,0,0,0,0,0,0,0,0,0,0,0,0,0,0,0,0,0,0,0,0,0,0,0,0,0,0,0,0,0
891,35.64,1614.0,60.1,0.0,1623.1,64.5,0.0,1626.0,57.0,0.0,1619.7,61.4,0.0,1628.6,42.4,0.0,1577.1,40.1,0.331,1585.3,13.2,0.417,1514.0,24.8,0.301,1517.0,0.0,0.48,1536.8,57.7,0.288,1537.2,49.5,0.405,1422.5,31.4,0.544,1422.4,12.1,0.58,1316.4,36.5,0.14,1315.3,28.9,0.167,1243.7,29.4,0.033,1241.7,24.8,0.038
894,35.76,0,0,0,0,0,0,0,0,0,0,0,0,0,0,0,0,0,0,0,0,0,0,0,0,0,0,0,0,0,0,0,0,0,0,0,0,0,0,0,0,0,0,0,0,0,0,0,0,0,0,0
897,35.88,0,0,0,0,0,0,0,0,0,0,0,0,0,0,0,0,0,0,0,0,0,0,0,0,0,0,0,0,0,0,0,0,0,0,0,0,0,0,0,0,0,0,0,0,0,0,0,0,0,0,0
900,36.0,1258.4,251.3,0.0,1255.8,262.5,0.0,1258.0,255.0,0.0,1266.5,292.2,0.0,1279.0,256.5,0.0,1277.6,295.8,0.974,1321.3,211.6,0.0,1186.4,280.3,0.948,1289.5,178.0,0.963,1117.7,283.9,0.928,1255.3,193.9,0.942,1387.2,215.1,0.985,1409.9,159.0,0.987,1354.0,187.0,0.916,1373.7,107.5,0.931,1397.0,165.4,0.682,1408.7,94.2,0.721
903,36.12,1268.4,254.2,0.0,1266.2,261.4,0.0,1265.9,252.0,0.0,1270.3,280.9,0.0,1273.8,248.1,0.0,1275.5,286.7,0.953,1296.0,225.3,0.959,1199.5,277.8,0.938,1242.5,220.9,0.934,1143.5,273.4,0.932,1179.3,242.5,0.931,1365.8,218.6,0.981,1378.8,177.9,0.982,1350.4,198.2,0.927,1360.7,143.5,0.929,1405.9,159.9,0.726,1406.4,108.4,0.74
906,36.24,1299.3,238.9,0.0,1283.3,239.6,0.0,1294.8,252.4,0.0,1263.7,231.7,0.0,1291.8,269.5,0.0,1257.0,200.9,0.978,1307.7,268.5,0.988,1242.2,150.0,0.958,1352.9,293.5,0.975,1278.7,142.5,0.956,1405.2,311.6,0.968,1340.4,177.1,0.99,1362.2,225.7,0.992,1309.9,159.2,0.975,1339.5,261.9,0.979,1390.7,153.9,0.933,1423.9,283.6,0.941
909,36.36,1290.1,233.4,0.0,1275.4,228.1,0.0,1282.8,248.2,0.0,1257.4,215.8,0.0,1274.7,273.8,0.0,1257.0,192.2,0.984,1286.5,275.4,0.992,1290.5,157.8,0.959,1347.0,307.5,0.978,1357.8,159.4,0.956,1434.9,321.0,0.97,1280.3,147.1,0.991,1296.7,196.4,0.992,1318.6,155.8,0.0,1336.7,199.5,0.981,1374.8,136.6,0.918,1396.6,155.9,0.93
912,36.48,1299.7,215.9,0.0,1285.9,210.4,0.0,1292.9,230.9,0.0,1268.0,198.2,0.0,1284.4,253.3,0.0,1268.1,175.5,0.979,1281.5,255.3,0.994,1285.6,162.5,0.937,1310.5,294.7,0.985,1295.9,182.3,0.932,1401.3,308.0,0.972,1295.9,165.9,0.981,1303.8,214.0,0.989,1294.9,173.4,0.937,1301.5,217.4,0.962,1316.3,184.4,0.814,1344.4,198.5,0.869
915,36.6,1299.5,210.9,0.0,1286.7,210.0,0.0,1294.9,223.7,0.0,1271.3,200.7,0.0,1288.1,240.3,0.0,1284.7,166.2,0.985,1267.3,225.6,0.95,1359.2,137.4,0.956,1242.5,269.6,0.838,1437.3,121.6,0.918,1186.6,296.2,0.835,1306.7,121.1,0.972,1303.7,154.1,0.952,1336.2,141.6,0.927,1343.5,165.5,0.877,1374.8,120.9,0.781,1400.2,136.1,0.709
918,36.72,1300.0,195.1,0.0,1281.0,193.5,0.0,1290.1,214.6,0.0,1256.1,182.7,0.0,1275.5,245.5,0.0,1283.4,146.0,0.0,1267.3,243.9,0.967,1405.6,146.3,0.894,1335.9,310.5,0.856,1462.7,152.5,0.834,1421.1,326.7,0.83,1347.5,98.7,0.881,1344.5,156.6,0.861,1381.8,144.0,0.589,1379.3,195.0,0.529,1399.5,143.8,0.277,1433.6,172.7,0.237
921,36.84,1289.7,192.6,0.0,1272.4,189.1,0.0,1277.5,209.0,0.0,1247.8,180.8,0.0,1258.4,241.9,0.0,1268.1,153.6,0.923,1251.3,249.0,0.974,1353.4,152.2,0.836,1301.8,302.8,0.96,1380.7,185.5,0.859,1373.2,305.2,0.955,1315.2,132.5,0.928,1312.2,190.5,0.958,1356.5,142.4,0.822,1350.2,183.2,0.888,1409.0,149.5,0.534,1432.4,158.1,0.624
924,36.96,1284.3,198.3,0.0,1264.4,189.9,0.0,1266.6,216.4,0.0,1245.4,171.7,0.0,1246.3,243.7,0.0,1294.5,141.9,0.974,1258.4,228.5,0.963,1417.3,136.2,0.935,1307.7,270.8,0.92,1458.8,154.9,0.938,1328.0,272.8,0.944,1458.3,88.6,0.957,1448.6,143.0,0.955,1585.3,111.2,0.817,1572.9,135.6,0.806,1702.0,110.7,0.312,1711.6,119.9,0.295
927,37.08,1281.9,211.9,0.0,1260.3,209.6,0.0,1270.4,233.1,0.0,1236.5,196.4,0.0,1256.3,268.2,0.0,1275.0,154.5,0.979,1248.8,249.2,0.898,1383.6,165.3,0.91,1273.6,278.7,0.624,1342.1,224.0,0.833,1252.6,260.7,0.644,1363.7,76.6,0.912,1356.9,142.9,0.829,1446.3,118.8,0.652,1437.0,208.2,0.455,1464.0,89.3,0.261,1492.8,187.4,0.165
930,37.2,1261.4,214.0,0.0,1237.4,212.3,0.0,1250.0,236.6,0.0,1219.7,208.9,0.0,1249.3,281.6,0.0,1249.8,164.9,0.984,1301.9,308.9,0.974,1343.6,163.1,0.911,1421.3,345.5,0.858,1297.0,264.2,0.869,1296.8,296.6,0.858,1398.1,118.3,0.855,1420.1,213.3,0.823,1355.1,202.6,0.492,1388.1,313.3,0.401,1396.4,254.8,0.171,1421.5,327.3,0.126
933,37.32,1285.3,236.6,0.0,1264.8,229.9,0.0,1273.3,255.7,0.0,1244.4,214.7,0.0,1262.1,291.0,0.0,1280.0,169.7,0.981,1291.4,318.3,0.991,1370.7,118.5,0.896,1373.3,351.2,0.963,1441.5,145.6,0.854,1462.5,369.1,0.932,1440.7,170.5,0.942,1444.4,270.7,0.959,1546.4,174.7,0.486,1551.1,310.8,0.566,1585.5,181.7,0.099,1604.1,308.9,0.111
936,37.44,0,0,0,0,0,0,0,0,0,0,0,0,0,0,0,0,0,0,0,0,0,0,0,0,0,0,0,0,0,0,0,0,0,0,0,0,0,0,0,0,0,0,0,0,0,0,0,0,0,0,0
939,37.56,1257.1,219.9,0.0,1241.1,222.6,0.0,1253.5,238.6,0.0,1232.2,222.7,0.0,1259.0,275.9,0.0,1262.3,179.6,0.982,1272.3,278.6,0.969,1334.9,151.9,0.926,1317.4,309.0,0.884,1373.5,171.0,0.883,1362.8,326.2,0.874,1285.0,110.4,0.939,1294.8,171.5,0.923,1337.7,113.2,0.778,1351.1,183.6,0.725,1370.8,103.0,0.41,1408.4,155.5,0.349
942,37.68,1276.7,233.6,0.0,1259.1,231.9,0.0,1268.6,251.7,0.0,1243.8,226.4,0.0,1265.1,283.2,0.0,1267.9,183.0,0.977,1281.8,300.6,0.982,1352.8,143.3,0.88,1364.8,359.2,0.908,1395.0,167.5,0.832,1453.3,343.9,0.863,1300.3,126.6,0.944,1313.3,196.6,0.951,1360.6,144.1,0.867,1374.5,208.3,0.871,1437.6,116.1,0.611,1472.0,150.5,0.61
945,37.8,1333.6,171.1,0.0,1328.3,167.9,0.0,1337.7,167.6,0.0,1317.0,150.7,0.0,1332.2,152.5,0.0,1309.1,139.5,0.693,1311.1,145.0,0.876,1328.4,152.0,0.713,1317.9,172.5,0.922,1371.9,189.3,0.773,1338.1,233.7,0.901,1277.8,146.8,0.956,1278.0,149.9,0.974,1312.4,219.0,0.918,1307.3,223.0,0.951,1295.5,238.3,0.8,1293.3,245.1,0.847
948,37.92,1288.9,288.0,0.0,1282.3,283.3,0.0,1289.8,287.2,0.0,1268.9,264.2,0.0,1284.3,277.5,0.0,1268.5,232.5,0.805,1301.6,256.7,0.845,1287.5,197.3,0.754,1325.9,230.3,0.8,1324.2,240.2,0.795,1323.4,269.4,0.81,1309.2,171.4,0.816,1331.6,185.0,0.828,1335.1,177.5,0.726,1347.9,194.6,0.743,1356.2,204.8,0.552,1377.4,223.6,0.571
951,38.04,1564.4,9.2,0.0,1567.6,3.4,0.0,1561.1,5.5,0.0,1573.3,0.0,0.0,1538.5,4.9,0.0,1579.2,0.0,0.088,1507.2,1.4,0.133,1603.9,2.3,0.387,1506.9,13.8,0.527,1607.2,37.7,0.573,1536.1,52.8,0.662,1554.9,28.9,0.72,1497.1,33.1,0.755,1613.9,49.4,0.646,1510.4,54.4,0.687,1631.4,52.0,0.564,1506.2,60.4,0.592
954,38.16,1568.2,11.1,0.0,1571.5,5.3,0.0,1565.1,7.0,0.0,1578.3,0.0,0.0,1542.4,4.3,0.0,1584.4,0.0,0.066,1513.4,0.0,0.121,1606.0,0.0,0.342,1507.7,12.0,0.547,1609.3,38.2,0.543,1534.2,52.9,0.682,1570.3,27.8,0.668,1513.1,32.2,0.0,1620.0,60.2,0.559,1520.7,64.5,0.627,1635.0,55.8,0.456,1513.2,61.7,0.502
957,38.28,1566.3,7.9,0.0,1568.9,2.7,0.0,1563.7,4.3,0.0,1574.4,0.0,0.0,1542.2,1.6,0.0,1582.3,0.0,0.099,1509.9,0.0,0.188,1604.7,0.0,0.442,1504.6,10.0,0.673,1610.5,36.9,0.634,1534.5,52.7,0.77,1564.7,27.0,0.8,1506.6,30.9,0.848,1620.6,65.0,0.696,1518.9,69.0,0.761,1632.4,63.8,0.563,1508.6,70.7,0.615
960,38.4,1569.3,11.5,0.0,1568.9,5.6,0.0,1567.8,6.0,0.0,1570.0,0.0,0.0,1551.8,0.0,0.0,1579.2,0.0,0.05,1520.6,0.2,0.089,1597.3,0.0,0.502,1510.5,21.0,0.0,1610.5,29.3,0.0,1540.2,62.3,0.796,1581.2,48.5,0.671,1536.0,54.8,0.745,1616.8,75.3,0.261,1546.5,80.5,0.347,1624.5,64.0,0.097,1548.4,72.3,0.126
963,38.52,1247.0,308.6,0.0,1246.5,303.9,0.0,1263.3,303.1,0.0,1254.1,316.6,0.0,1313.9,307.9,0.0,1233.6,350.5,0.945,1355.6,340.8,0.963,1169.9,343.4,0.781,1408.0,329.9,0.843,1122.6,326.7,0.695,1410.4,306.2,0.76,1272.8,383.7,0.611,1353.5,378.6,0.662,1253.3,257.2,0.235,1365.3,251.4,0.278,1223.6,273.0,0.13,1369.8,257.2,0.156
966,38.64,1548.9,5.4,0.0,1553.7,0.0,0.0,1544.5,0.0,0.0,1565.9,0.0,0.0,1531.9,0.0,0.0,1587.0,1.5,0.166,1506.8,2.9,0.305,1610.8,13.2,0.573,1495.5,16.6,0.849,1602.8,37.9,0.638,1525.0,42.0,0.832,1580.4,56.2,0.812,1519.9,58.0,0.863,1610.2,71.4,0.48,1524.4,72.3,0.586,1618.5,88.3,0.252,1532.4,89.8,0.319
969,38.76,1320.6,321.5,0.0,1306.5,317.3,0.0,1328.5,315.8,0.0,1248.3,320.9,0.0,1330.6,327.4,0.0,1207.8,345.1,0.95,1339.4,367.7,0.941,1156.3,325.8,0.814,1383.6,366.3,0.758,1110.8,341.4,0.651,1406.7,353.7,0.598,1216.5,383.0,0.696,1303.6,394.1,0.667,1256.9,258.4,0.283,1362.4,272.1,0.269,1236.0,282.0,0.147,1370.0,287.3,0.136
972,38.88,1333.0,331.0,0.0,1321.3,327.3,0.0,1335.0,326.5,0.0,1272.0,330.1,0.0,1325.8,338.3,0.0,1238.4,348.6,0.971,1330.7,367.9,0.987,1181.5,345.6,0.838,1370.9,371.0,0.936,1136.6,352.7,0.717,1450.4,363.7,0.839,1244.6,361.3,0.89,1305.2,372.4,0.914,1243.9,261.8,0.594,1340.8,277.2,0.654,1217.0,270.5,0.369,1342.9,285.5,0.399
975,39.0,1273.3,345.8,0.0,1266.5,348.9,0.0,1289.2,345.9,0.0,1252.8,350.9,0.0,1306.6,342.9,0.0,1211.4,353.9,0.917,1323.1,329.6,0.955,1157.2,347.4,0.889,1376.3,238.2,0.939,1130.9,361.2,0.87,1431.6,156.8,0.912,1278.4,298.0,0.97,1340.6,296.7,0.975,1343.2,219.8,0.94,1382.1,217.0,0.949,1413.8,174.2,0.918,1425.7,158.3,0.933
978,39.12,1235.6,348.9,0.0,1233.1,350.5,0.0,1252.2,348.4,0.0,1237.1,357.6,0.0,1289.4,347.6,0.0,1213.8,368.0,0.957,1325.2,342.5,0.986,1160.1,363.1,0.871,1396.6,273.6,0.967,1133.8,359.7,0.83,1435.1,201.8,0.933,1277.4,326.7,0.964,1343.5,320.6,0.979,1316.2,231.3,0.909,1377.5,224.7,0.947,1349.0,202.3,0.867,1409.2,187.2,0.914
981,39.24,1550.3,6.8,0.0,1553.4,0.4,0.0,1546.2,0.8,0.0,1560.7,0.0,0.0,1532.4,0.0,0.0,1576.8,0.0,0.099,1511.6,2.2,0.072,1598.7,2.3,0.382,1502.9,16.4,0.303,1607.0,30.7,0.425,1530.3,46.7,0.356,1578.8,45.5,0.58,1531.5,49.4,0.547,1600.9,66.4,0.413,1551.3,70.3,0.368,1604.6,68.2,0.323,1560.0,72.6,0.29
984,39.36,1289.2,389.5,0.0,1288.2,387.6,0.0,1296.0,388.5,0.0,1288.2,381.1,0.0,1307.8,382.0,0.0,1263.8,366.4,0.902,1340.2,369.3,0.862,1191.4,359.0,0.905,1331.8,349.4,0.783,1135.2,380.0,0.888,1268.6,357.3,0.8,1317.9,312.3,0.94,1369.0,315.3,0.918,1295.0,302.4,0.872,1374.5,305.3,0.821,1303.8,268.8,0.768,1392.3,266.8,0.734
987,39.48,1570.0,4.4,0.0,1570.8,0.0,0.0,1568.6,0.0,0.0,1574.5,0.0,0.0,1553.0,0.0,0.0,1585.3,0.0,0.037,1518.6,0.0,0.094,1599.3,0.0,0.491,1505.9,13.1,0.886,1615.2,31.9,0.599,1545.0,66.7,0.87,1582.8,56.4,0.795,1529.5,61.2,0.872,1635.0,123.8,0.412,1538.0,127.9,0.573,1646.7,154.3,0.118,1529.9,160.9,0.178
990,39.6,1342.5,380.4,0.0,1334.9,380.9,0.0,1347.6,382.9,0.0,1309.5,382.4,0.0,1347.3,389.0,0.0,1277.9,378.9,0.958,1383.2,386.0,0.982,1207.1,384.5,0.904,1482.9,344.8,0.961,1129.7,390.3,0.866,1491.0,239.7,0.926,1320.0,319.2,0.988,1386.9,323.8,0.991,1319.8,251.4,0.98,1418.3,262.3,0.985,1298.3,217.1,0.972,1434.8,217.0,0.978
993,39.72,1293.6,415.8,0.0,1291.0,416.3,0.0,1310.4,413.5,0.0,1301.6,420.5,0.0,1353.9,406.3,0.0,1289.2,415.0,0.895,1414.5,389.8,0.871,1215.8,400.3,0.907,1473.8,320.2,0.843,1129.9,393.1,0.899,1465.1,270.3,0.847,1371.0,351.8,0.968,1453.8,342.5,0.962,1304.1,329.5,0.949,1440.6,315.2,0.936,1262.9,334.6,0.899,1441.4,301.6,0.9
996,39.84,1469.0,401.7,0.0,1466.3,406.4,0.0,1478.8,402.3,0.0,1445.8,413.5,0.0,1470.4,407.7,0.0,1391.6,410.7,0.867,1461.1,406.9,0.946,1355.4,347.1,0.745,1458.2,305.6,0.905,1367.0,260.9,0.815,1460.7,189.7,0.885,1361.6,388.3,0.964,1415.0,386.6,0.973,1270.6,343.9,0.963,1413.4,341.5,0.97,1195.7,296.4,0.953,1410.5,277.5,0.961
999,39.96,1376.1,435.6,0.0,1368.7,438.3,0.0,1381.0,438.0,0.0,1355.8,437.0,0.0,1382.2,438.3,0.0,1354.1,420.9,0.91,1402.9,420.0,0.954,1316.6,375.3,0.79,1439.0,333.1,0.918,1239.8,305.1,0.77,1450.5,232.0,0.872,1369.7,378.9,0.984,1413.4,377.4,0.989,1269.4,346.3,0.977,1435.8,343.8,0.983,1147.7,286.9,0.961,1434.9,275.1,0.971
1002,40.08,1369.5,444.3,0.0,1364.4,445.3,0.0,1372.8,449.3,0.0,1354.7,439.2,0.0,1370.4,451.6,0.0,1343.0,410.0,0.916,1372.4,440.5,0.973,1361.8,391.3,0.872,1437.1,438.4,0.966,1385.7,425.3,0.897,1506.4,432.7,0.952,1349.2,347.6,0.987,1372.9,361.6,0.992,1352.7,299.8,0.981,1418.1,317.5,0.988,1345.4,262.0,0.977,1454.7,270.7,0.984
1005,40.2,1400.9,452.1,0.0,1395.1,452.7,0.0,1403.8,456.8,0.0,1380.1,445.9,0.0,1395.1,456.4,0.0,1357.5,429.1,0.934,1408.4,437.5,0.962,1289.1,420.4,0.927,1465.7,369.4,0.954,1210.9,392.2,0.929,1484.2,252.1,0.942,1370.7,360.8,0.995,1403.5,367.4,0.995,1349.7,308.0,0.994,1433.8,321.2,0.994,1300.9,221.6,0.993,1438.4,229.4,0.994
1008,40.32,1428.2,428.3,0.0,1427.1,430.4,0.0,1433.7,431.1,0.0,1419.3,430.0,0.0,1430.0,433.0,0.0,1395.3,419.9,0.957,1417.0,419.8,0.949,1284.4,410.2,0.947,1409.0,361.6,0.914,1176.6,371.7,0.932,1426.9,255.2,0.895,1377.1,371.1,0.995,1396.5,372.0,0.0,1307.3,347.4,0.991,1419.2,355.2,0.988,1226.6,278.0,0.984,1430.1,281.7,0.982
1011,40.44,1338.2,449.7,0.0,1333.7,455.5,0.0,1353.2,451.5,0.0,1333.0,455.6,0.0,1375.5,442.8,0.0,1309.2,443.1,0.933,1378.5,410.5,0.938,1217.4,422.5,0.931,1427.0,316.1,0.919,1144.5,366.1,0.913,1475.5,193.2,0.898,1359.1,384.3,0.988,1395.9,376.4,0.988,1388.4,306.9,0.985,1422.0,294.5,0.984,1401.4,252.1,0.983,1462.7,229.6,0.984
1014,40.56,1341.2,313.7,0.0,1346.2,314.4,0.0,1345.9,310.0,0.0,1360.8,333.3,0.0,1361.0,321.6,0.0,1357.5,374.8,0.988,1372.6,354.0,0.971,1279.8,387.9,0.971,1398.5,337.2,0.0,1174.1,349.5,0.954,1403.1,302.3,0.867,1385.1,390.4,0.992,1396.5,381.0,0.986,1342.3,356.9,0.98,1402.2,340.0,0.0,1312.9,328.5,0.957,1442.9,303.0,0.945
1017,40.68,1386.7,482.9,0.0,1378.9,488.8,0.0,1394.4,487.4,0.0,1361.2,486.5,0.0,1397.7,485.9,0.0,1333.6,462.7,0.99,1407.7,465.3,0.992,1237.9,400.7,0.971,1473.1,390.4,0.966,1131.5,381.8,0.952,1532.6,339.3,0.943,1367.2,372.3,0.998,1408.7,375.1,0.998,1373.6,268.4,0.998,1426.3,269.0,0.998,1372.7,216.8,0.998,1456.8,207.6,0.998
1020,40.8,1376.3,481.5,0.0,1371.3,485.0,0.0,1382.4,486.3,0.0,1364.9,480.1,0.0,1392.5,483.9,0.0,1341.5,457.0,0.992,1419.3,462.0,0.996,1232.5,420.8,0.971,1498.4,421.5,0.982,1103.4,405.2,0.949,1552.8,381.1,0.961,1377.9,359.1,0.999,1420.0,360.6,0.999,1387.4,286.0,0.999,1438.6,286.2,0.999,1380.9,230.4,0.999,1453.0,226.3,0.999
1023,40.92,1388.6,490.3,0.0,1384.9,501.2,0.0,1402.4,496.1,0.0,1388.9,498.2,0.0,1420.3,485.1,0.0,1385.3,459.5,0.989,1418.4,435.8,0.989,1280.6,408.0,0.975,1458.3,311.1,0.975,1143.7,380.5,0.96,1472.1,189.9,0.957,1397.8,370.2,0.999,1428.7,358.1,0.999,1308.2,332.4,0.998,1447.0,319.1,0.998,1183.3,266.4,0.997,1476.1,232.4,0.998
1026,41.04,1451.9,476.2,0.0,1449.0,487.6,0.0,1456.7,484.6,0.0,1449.8,488.0,0.0,1456.8,483.3,0.0,1436.1,454.8,0.983,1460.4,423.9,0.992,1342.4,401.8,0.948,1469.4,291.2,0.984,1231.7,366.8,0.946,1484.1,217.1,0.973,1405.1,364.0,0.998,1432.1,346.9,0.0,1303.9,331.1,0.997,1450.2,313.0,0.998,1172.2,253.8,0.996,1446.1,239.1,0.997
1029,41.16,1262.0,353.2,0.0,1264.1,350.7,0.0,1271.2,352.9,0.0,1294.8,359.4,0.0,1309.1,357.1,0.0,1321.8,391.9,0.982,1361.1,374.6,0.955,1222.7,427.5,0.969,1428.7,353.9,0.878,1036.9,388.9,0.933,1460.2,227.8,0.835,1399.9,425.3,0.993,1427.9,413.9,0.99,1314.6,372.1,0.982,1440.2,357.0,0.976,1271.7,297.1,0.961,1500.0,269.3,0.96
1032,41.28,1488.5,418.0,0.0,1480.8,423.2,0.0,1490.9,419.2,0.0,1464.6,422.9,0.0,1478.1,419.9,0.0,1447.5,415.5,0.92,1490.1,407.2,0.956,1386.8,367.8,0.756,1487.2,340.6,0.917,1281.2,277.3,0.757,1462.9,240.9,0.887,1396.1,413.6,0.98,1424.0,401.5,0.987,1291.5,387.4,0.965,1395.2,374.0,0.977,1105.4,329.4,0.923,1279.8,307.3,0.942
1035,41.4,1393.3,466.9,0.0,1390.6,476.9,0.0,1407.6,475.9,0.0,1380.2,498.0,0.0,1422.4,483.2,0.0,1332.7,476.0,0.981,1448.0,464.3,0.953,1269.4,477.8,0.974,1511.4,405.6,0.945,1252.7,441.9,0.968,1513.6,397.8,0.949,1352.5,379.5,0.996,1407.9,360.7,0.994,1365.7,417.8,0.994,1443.8,328.7,0.992,1368.7,390.0,0.988,1443.0,225.9,0.986
1038,41.52,1422.9,474.1,0.0,1415.9,485.1,0.0,1441.7,492.4,0.0,1379.6,500.6,0.0,1445.8,513.6,0.0,1298.0,445.5,0.984,1461.8,475.6,0.917,1161.3,483.9,0.976,1534.5,410.4,0.856,1058.5,422.5,0.969,1530.9,348.6,0.896,1285.9,358.5,0.983,1361.2,368.4,0.958,1307.8,402.0,0.97,1423.6,304.8,0.932,1281.1,364.0,0.946,1431.4,178.4,0.912
1041,41.64,1412.4,477.5,0.0,1407.1,489.7,0.0,1431.8,494.9,0.0,1373.2,504.6,0.0,1436.7,514.0,0.0,1294.6,455.3,0.977,1459.0,468.0,0.823,1157.0,486.4,0.979,1540.4,377.9,0.779,1012.5,448.7,0.971,1534.2,304.7,0.863,1269.3,344.5,0.977,1344.8,350.4,0.93,1322.2,371.6,0.97,1430.2,306.8,0.918,1245.1,313.6,0.948,1379.8,195.0,0.904
1044,41.76,1407.7,469.6,0.0,1404.2,482.7,0.0,1430.5,488.9,0.0,1382.3,503.1,0.0,1449.9,512.6,0.0,1324.9,462.2,0.975,1467.2,460.0,0.887,1193.4,485.5,0.976,1503.6,351.8,0.858,1091.6,460.6,0.975,1496.9,253.8,0.922,1316.5,388.7,0.987,1379.9,388.4,0.97,1315.6,419.9,0.986,1412.6,359.9,0.97,1220.6,332.0,0.969,1356.7,243.3,0.951
1047,41.88,1399.1,483.9,0.0,1391.6,507.0,0.0,1420.2,500.6,0.0,1365.7,537.4,0.0,1437.1,515.3,0.0,1349.0,481.9,0.951,1470.1,463.8,0.941,1305.0,492.8,0.916,1546.8,409.3,0.906,1349.6,407.6,0.934,1559.4,407.2,0.913,1385.0,432.1,0.989,1439.4,404.6,0.987,1334.1,470.1,0.991,1434.3,328.2,0.989,1236.3,482.9,0.983,1383.0,265.0,0.983
1050,42.0,1414.0,495.3,0.0,1411.0,513.7,0.0,1434.3,506.2,0.0,1382.5,529.9,0.0,1443.2,510.0,0.0,1329.9,477.3,0.969,1483.4,463.9,0.9,1192.0,493.5,0.968,1563.2,367.2,0.877,1064.9,440.9,0.97,1575.1,319.7,0.927,1363.8,371.5,0.972,1430.5,355.4,0.944,1308.9,424.8,0.968,1402.5,330.8,0.939,1151.0,413.7,0.907,1265.3,234.9,0.866
1053,42.12,1626.7,15.4,0.0,1640.2,12.2,0.0,1641.7,17.5,0.0,1646.5,0.0,0.0,1648.7,1.6,0.0,1609.4,0.0,0.035,1600.2,0.0,0.016,1577.2,17.7,0.247,1541.6,14.3,0.123,1613.0,71.4,0.499,1572.9,67.5,0.367,1388.4,23.5,0.265,1381.2,9.5,0.201,1198.3,30.3,0.22,1190.5,24.5,0.161,958.1,9.2,0.055,957.8,10.5,0.04
1056,42.24,1455.8,504.5,0.0,1449.5,520.1,0.0,1472.6,521.8,0.0,1408.9,546.7,0.0,1465.3,549.3,0.0,1333.5,490.7,0.973,1454.5,485.5,0.971,1208.5,502.7,0.941,1472.3,350.3,0.929,1070.8,445.5,0.939,1411.0,256.2,0.939,1322.5,417.7,0.988,1377.4,411.6,0.986,1279.3,492.9,0.985,1371.1,397.3,0.984,1186.1,467.6,0.97,1320.5,302.8,0.971
1059,42.36,1457.8,508.3,0.0,1453.7,523.8,0.0,1471.5,517.3,0.0,1413.8,540.5,0.0,1456.4,529.5,0.0,1329.3,497.2,0.973,1440.8,502.5,0.972,1206.2,489.2,0.937,1462.5,389.2,0.935,1064.2,454.9,0.922,1450.6,275.0,0.927,1322.6,360.2,0.959,1381.8,368.3,0.957,1354.3,325.0,0.905,1429.2,321.5,0.901,1329.5,253.1,0.821,1417.0,223.1,0.824
1062,42.48,1447.0,511.7,0.0,1438.9,529.5,0.0,1472.4,528.3,0.0,1395.9,544.6,0.0,1476.9,534.3,0.0,1295.6,490.1,0.982,1484.6,469.2,0.971,1123.7,504.9,0.958,1529.9,322.8,0.946,1006.2,430.4,0.949,1500.8,204.4,0.954,1311.5,370.9,0.97,1401.9,351.7,0.964,1325.0,389.6,0.942,1462.2,273.1,0.928,1286.2,340.2,0.88,1453.0,148.8,0.0
1065,42.6,1409.2,528.0,0.0,1406.5,547.9,0.0,1439.9,542.2,0.0,1388.8,560.0,0.0,1471.2,538.4,0.0,1314.3,500.7,0.974,1492.8,455.9,0.968,1167.6,505.3,0.918,1518.5,281.6,0.937,1101.8,484.5,0.921,1465.4,154.0,0.0,1341.8,342.0,0.929,1424.5,317.8,0.926,1352.6,350.4,0.854,1474.9,309.6,0.851,1328.5,242.0,0.725,1463.7,191.8,0.713
1068,42.72,1405.8,522.4,0.0,1405.7,539.5,0.0,1433.5,533.4,0.0,1401.9,556.1,0.0,1470.4,529.3,0.0,1330.4,523.4,0.974,1491.2,466.4,0.971,1187.0,500.3,0.897,1510.0,305.3,0.931,1117.0,471.0,0.88,1467.0,171.1,0.931,1389.1,361.3,0.926,1467.2,328.8,0.929,1357.2,345.7,0.805,1462.7,312.1,0.818,1390.6,204.9,0.618,1492.9,180.2,0.624
1071,42.84,1401.9,518.1,0.0,1402.8,530.2,0.0,1424.8,527.4,0.0,1406.2,544.4,0.0,1459.8,525.2,0.0,1341.8,526.8,0.958,1476.5,478.2,0.985,1237.8,481.7,0.88,1515.3,329.6,0.978,1253.8,371.4,0.903,1495.2,160.3,0.976,1341.5,386.8,0.977,1409.9,357.5,0.987,1312.7,374.8,0.949,1410.9,349.1,0.972,1339.0,242.1,0.852,1428.6,230.0,0.9
1074,42.96,1396.6,536.9,0.0,1397.9,546.1,0.0,1417.5,543.2,0.0,1399.5,547.4,0.0,1445.4,526.2,0.0,1339.7,508.7,0.961,1445.8,474.2,0.988,1248.7,417.9,0.855,1444.7,301.2,0.976,1305.0,301.4,0.886,1415.5,205.8,0.973,1389.0,392.7,0.974,1440.9,368.8,0.986,1340.1,366.2,0.93,1418.1,349.9,0.959,1431.6,230.9,0.825,1498.9,198.4,0.871
1077,43.08,1473.5,466.2,0.0,1487.5,478.7,0.0,1491.1,460.1,0.0,1492.1,496.5,0.0,1500.1,450.5,0.0,1443.7,491.5,0.906,1462.3,430.3,0.955,1442.3,342.7,0.866,1483.7,274.8,0.933,1483.3,148.6,0.87,1495.7,123.1,0.934,1250.5,422.1,0.877,1267.6,376.4,0.909,1418.2,370.7,0.679,1439.1,324.9,0.736,1384.9,211.1,0.53,1399.8,193.6,0.588
1080,43.2,1438.6,529.9,0.0,1434.8,535.9,0.0,1441.7,528.0,0.0,1424.8,544.0,0.0,1442.9,523.4,0.0,1394.4,533.9,0.993,1462.0,504.8,0.997,1329.2,467.7,0.982,1491.0,413.4,0.988,1275.3,427.0,0.962,1427.1,322.8,0.97,1373.8,413.4,0.999,1410.5,399.8,0.0,1380.0,348.4,0.998,1416.7,341.6,0.999,1323.8,191.2,0.996,1342.7,192.0,0.997
1083,43.32,1427.3,530.5,0.0,1423.6,532.9,0.0,1427.5,526.1,0.0,1416.4,532.4,0.0,1427.3,518.6,0.0,1396.3,535.2,0.981,1467.4,504.1,0.995,1350.3,449.1,0.956,1549.2,447.4,0.984,1251.3,412.3,0.939,1468.0,345.5,0.965,1397.6,407.6,0.998,1434.7,390.7,0.998,1425.4,353.2,0.994,1451.5,330.3,0.996,1351.9,160.2,0.986,1345.8,172.0,0.991
1086,43.44,1429.3,526.8,0.0,1416.5,534.9,0.0,1435.1,532.0,0.0,1393.6,538.0,0.0,1441.1,531.6,0.0,1340.5,525.4,0.954,1471.6,501.2,0.984,1236.0,452.5,0.931,1564.6,456.2,0.959,1171.7,435.4,0.925,1585.7,419.1,0.939,1350.3,391.7,0.974,1411.0,378.2,0.982,1340.2,343.1,0.954,1401.8,331.6,0.966,1359.8,190.1,0.928,1405.3,194.5,0.945
1089,43.56,1428.9,542.3,0.0,1417.7,545.1,0.0,1437.5,545.5,0.0,1407.7,540.5,0.0,1454.5,533.2,0.0,1361.1,535.7,0.992,1485.3,501.0,0.997,1244.9,452.5,0.971,1555.6,448.2,0.98,1161.3,408.0,0.948,1614.5,394.0,0.936,1338.2,444.4,0.994,1395.8,420.5,0.995,1300.5,399.3,0.989,1361.6,372.6,0.991,1305.3,214.8,0.98,1364.5,213.1,0.984
1092,43.68,1430.0,549.1,0.0,1419.0,554.0,0.0,1434.5,553.7,0.0,1397.3,544.8,0.0,1435.8,551.7,0.0,1358.4,516.6,0.979,1464.7,531.1,0.993,1327.7,433.8,0.961,1559.0,511.2,0.98,1355.7,391.2,0.949,1595.7,484.6,0.963,1349.3,376.5,0.993,1404.8,383.2,0.995,1369.7,315.0,0.98,1430.3,312.9,0.986,1349.8,155.1,0.96,1392.0,154.0,0.972
1095,43.8,1436.1,540.3,0.0,1428.4,545.0,0.0,1442.5,541.3,0.0,1413.0,546.0,0.0,1448.7,535.6,0.0,1353.5,548.3,0.987,1482.9,509.7,0.997,1219.4,480.7,0.967,1565.4,495.8,0.988,1146.1,464.2,0.947,1620.5,491.3,0.965,1325.2,420.2,0.996,1385.9,394.2,0.0,1313.1,353.7,0.992,1368.2,326.8,0.995,1274.4,200.1,0.988,1305.7,203.0,0.992
1098,43.92,1460.2,561.3,0.0,1452.0,563.8,0.0,1465.0,561.6,0.0,1432.4,549.8,0.0,1462.5,542.8,0.0,1386.5,527.2,0.996,1484.1,512.8,0.997,1325.1,438.4,0.986,1573.0,477.6,0.974,1251.6,365.0,0.964,1624.5,438.5,0.915,1354.5,397.4,0.998,1405.8,386.0,0.0,1368.5,349.2,0.994,1419.5,333.1,0.993,1304.4,157.2,0.983,1349.0,164.9,0.984
1101,44.04,1433.6,533.2,0.0,1424.9,541.9,0.0,1444.6,534.6,0.0,1413.5,546.7,0.0,1461.4,525.1,0.0,1360.1,553.6,0.99,1506.0,485.9,0.994,1192.7,461.7,0.98,1563.3,445.0,0.97,1087.3,436.7,0.965,1609.9,468.1,0.928,1371.2,423.2,0.996,1436.3,379.1,0.996,1352.2,385.7,0.994,1414.3,341.3,0.993,1309.0,173.6,0.987,1353.1,173.7,0.987
1104,44.16,1440.7,542.3,0.0,1435.2,545.9,0.0,1450.2,537.7,0.0,1421.4,543.0,0.0,1458.2,525.3,0.0,1360.8,557.9,0.993,1486.3,495.3,0.993,1200.8,481.7,0.986,1530.4,412.9,0.971,1089.7,451.3,0.976,1516.9,332.6,0.94,1335.0,460.4,0.999,1390.0,424.1,0.998,1325.5,415.0,0.998,1378.4,374.5,0.998,1275.2,206.0,0.997,1305.2,202.7,0.997
1107,44.28,1433.6,550.1,0.0,1423.5,554.1,0.0,1437.7,553.0,0.0,1398.4,547.2,0.0,1436.4,548.6,0.0,1348.3,543.0,0.993,1468.2,513.2,0.996,1235.8,477.3,0.985,1552.9,469.7,0.981,1146.5,448.8,0.972,1582.2,414.4,0.956,1347.6,416.8,0.998,1403.3,399.4,0.0,1373.7,375.9,0.995,1425.6,353.7,0.995,1334.0,186.6,0.989,1369.8,192.9,0.99
1110,44.4,1382.1,533.9,0.0,1372.8,539.6,0.0,1387.7,538.4,0.0,1372.1,545.7,0.0,1409.4,538.7,0.0,1363.8,538.6,0.987,1471.7,496.0,0.995,1296.7,424.0,0.971,1557.0,433.2,0.983,1245.7,350.1,0.961,1592.5,436.7,0.963,1400.6,415.5,0.998,1451.4,386.4,0.998,1398.3,369.9,0.995,1447.1,339.5,0.996,1363.8,209.0,0.99,1398.2,211.5,0.992
1113,44.52,1428.4,552.0,0.0,1417.9,554.2,0.0,1435.5,555.6,0.0,1400.8,544.0,0.0,1443.9,550.1,0.0,1350.9,545.1,0.994,1486.5,516.6,0.996,1206.4,495.0,0.983,1566.2,472.8,0.975,1089.3,475.8,0.967,1610.4,408.0,0.937,1339.6,426.5,0.997,1402.2,409.7,0.997,1318.5,384.8,0.995,1379.5,361.0,0.0,1272.1,232.5,0.992,1319.5,235.2,0.992
1116,44.64,1413.6,551.7,0.0,1401.0,553.3,0.0,1414.2,556.7,0.0,1388.3,539.0,0.0,1418.6,549.9,0.0,1384.0,511.0,0.988,1457.0,512.1,0.991,1378.1,426.5,0.973,1536.5,449.5,0.971,1369.1,352.7,0.954,1546.6,356.4,0.938,1400.5,395.1,0.0,1439.7,397.6,0.998,1420.4,367.4,0.995,1464.7,362.1,0.994,1400.0,215.0,0.984,1440.3,234.4,0.986
1119,44.76,1363.7,526.8,0.0,1361.1,533.7,0.0,1364.9,526.6,0.0,1372.4,553.4,0.0,1385.9,520.3,0.0,1370.4,553.5,0.993,1441.6,484.8,0.998,1267.9,502.7,0.971,1474.5,397.9,0.992,1198.8,484.1,0.938,1473.9,335.4,0.973,1420.2,411.0,0.999,1456.9,373.8,0.999,1419.5,342.7,0.997,1446.3,321.0,0.998,1425.7,184.4,0.99,1431.1,183.5,0.994
1122,44.88,1373.0,529.1,0.0,1369.4,531.6,0.0,1374.4,534.0,0.0,1372.0,534.3,0.0,1387.0,534.6,0.0,1357.9,535.4,0.987,1412.7,484.0,0.997,1236.1,481.4,0.949,1400.6,375.9,0.991,1087.2,473.4,0.913,1330.2,274.9,0.972,1389.1,413.3,0.999,1416.0,387.7,0.999,1387.1,374.3,0.998,1401.9,340.7,0.999,1388.7,220.3,0.995,1394.7,212.0,0.997
1125,45.0,1348.2,530.0,0.0,1342.6,539.2,0.0,1359.6,537.3,0.0,1350.1,542.9,0.0,1393.5,531.0,0.0,1329.8,534.4,0.98,1421.8,462.8,0.989,1192.1,492.4,0.958,1399.1,405.3,0.97,1064.0,475.5,0.941,1330.7,337.9,0.944,1364.9,423.8,0.993,1406.1,379.9,0.993,1214.3,413.1,0.984,1258.8,365.2,0.986,1145.6,310.7,0.978,1193.5,310.1,0.981
1128,45.12,1384.1,572.9,0.0,1372.5,570.2,0.0,1382.2,575.3,0.0,1361.9,542.9,0.0,1382.0,562.6,0.0,1366.4,511.5,0.983,1424.2,517.5,0.983,1383.5,440.0,0.961,1510.8,466.6,0.941,1404.9,401.3,0.948,1545.2,443.6,0.927,1401.0,378.4,0.991,1434.0,383.2,0.991,1423.0,312.2,0.981,1454.7,307.7,0.981,1415.9,171.3,0.96,1435.9,174.2,0.965
1131,45.24,1391.3,19.3,0.0,1380.1,16.3,0.0,1376.3,16.9,0.0,1390.9,3.8,0.0,1379.3,13.8,0.0,1473.0,2.3,0.061,1447.7,9.2,0.083,1564.9,3.1,0.215,1517.1,15.0,0.265,1593.8,84.2,0.473,1536.5,78.8,0.53,1575.3,29.5,0.291,1559.1,36.1,0.328,1603.5,31.6,0.351,1578.2,32.5,0.383,1643.7,97.1,0.271,1607.9,101.1,0.297
1134,45.36,1397.8,548.0,0.0,1390.7,549.2,0.0,1394.9,547.2,0.0,1383.4,536.1,0.0,1391.6,540.1,0.0,1380.0,514.0,0.903,1411.6,511.7,0.983,1447.0,489.9,0.89,1506.1,503.9,0.981,1534.4,453.7,0.898,1575.4,465.1,0.971,1337.1,355.1,0.978,1363.0,352.8,0.99,1367.1,314.7,0.949,1390.5,307.5,0.976,1365.8,191.8,0.89,1376.7,197.5,0.942
1137,45.48,1390.8,537.8,0.0,1379.6,538.5,0.0,1391.4,543.2,0.0,1366.0,525.6,0.0,1393.6,541.7,0.0,1350.5,502.0,0.98,1434.8,511.0,0.987,1356.8,421.6,0.968,1545.2,462.2,0.961,1353.7,378.1,0.958,1604.1,440.1,0.932,1346.8,375.2,0.991,1392.9,379.0,0.99,1366.8,326.7,0.977,1413.1,320.7,0.976,1357.0,176.6,0.932,1389.5,180.4,0.939
1140,45.6,1394.8,543.8,0.0,1387.7,545.8,0.0,1394.7,544.8,0.0,1370.5,535.6,0.0,1388.3,538.1,0.0,1340.8,522.6,0.992,1405.2,506.2,0.993,1322.1,441.9,0.976,1483.5,445.9,0.965,1309.4,392.4,0.958,1543.0,347.7,0.923,1299.2,403.5,0.996,1334.9,394.8,0.995,1317.3,381.4,0.99,1347.3,365.9,0.988,1284.9,202.8,0.977,1301.5,218.3,0.977
1143,45.72,1432.9,9.2,0.0,1420.3,4.2,0.0,1416.0,7.7,0.0,1428.2,0.0,0.0,1414.9,8.8,0.0,1505.0,0.0,0.016,1474.0,2.0,0.023,1584.3,11.0,0.128,1523.2,5.1,0.168,1606.7,86.3,0.413,1537.2,61.7,0.48,1590.7,23.1,0.174,1572.8,32.3,0.2,1604.2,23.0,0.293,1578.0,23.9,0.323,1638.2,100.3,0.273,1605.4,103.4,0.302
1146,45.84,0,0,0,0,0,0,0,0,0,0,0,0,0,0,0,0,0,0,0,0,0,0,0,0,0,0,0,0,0,0,0,0,0,0,0,0,0,0,0,0,0,0,0,0,0,0,0,0,0,0,0
1149,45.96,1392.7,550.5,0.0,1385.5,552.8,0.0,1391.7,551.0,0.0,1369.2,539.3,0.0,1384.5,542.0,0.0,1345.8,515.8,0.963,1404.2,513.7,0.995,1363.4,447.5,0.935,1509.0,466.2,0.992,1370.7,400.9,0.926,1576.1,386.2,0.977,1318.3,377.7,0.993,1352.7,376.8,0.997,1363.0,343.1,0.982,1390.9,331.5,0.992,1353.1,175.5,0.95,1368.7,181.5,0.975
1152,46.08,1329.0,526.5,0.0,1320.1,527.6,0.0,1335.2,531.1,0.0,1321.0,521.5,0.0,1358.9,530.2,0.0,1289.2,515.6,0.978,1423.5,496.6,0.998,1156.3,438.0,0.968,1507.8,465.2,0.996,1108.4,436.2,0.963,1558.4,421.9,0.988,1329.3,380.6,0.998,1390.8,368.6,0.999,1337.7,326.6,0.997,1394.7,299.8,0.999,1356.4,168.0,0.992,1384.2,167.6,0.996
1155,46.2,1371.3,531.5,0.0,1361.7,535.2,0.0,1373.9,534.9,0.0,1347.6,529.1,0.0,1379.1,528.4,0.0,1301.6,503.7,0.987,1423.7,488.7,0.997,1172.2,417.6,0.972,1493.3,442.9,0.991,1125.5,396.9,0.955,1533.4,416.4,0.976,1323.4,346.4,0.997,1381.0,337.6,0.998,1353.9,296.6,0.991,1408.1,282.6,0.995,1367.6,157.5,0.974,1393.2,154.1,0.0
1158,46.32,1365.4,529.3,0.0,1346.4,535.7,0.0,1367.5,543.2,0.0,1320.4,518.0,0.0,1370.7,544.4,0.0,1310.5,454.9,0.983,1390.9,503.3,0.985,1328.7,329.7,0.97,1475.8,456.0,0.964,1381.6,227.4,0.959,1504.6,382.0,0.944,1325.3,339.5,0.993,1366.8,373.2,0.993,1352.1,317.8,0.976,1408.0,382.5,0.977,1350.9,173.9,0.929,1417.4,268.5,0.937
1161,46.44,1314.5,512.1,0.0,1300.9,515.6,0.0,1317.3,519.8,0.0,1292.6,514.5,0.0,1335.2,526.3,0.0,1278.9,505.5,0.983,1398.5,495.3,0.993,1220.7,443.0,0.959,1492.2,436.7,0.973,1196.7,403.8,0.948,1490.6,357.2,0.0,1296.0,394.5,0.0,1351.2,392.7,0.991,1305.8,384.9,0.0,1369.9,398.3,0.977,1336.6,252.3,0.933,1380.8,298.5,0.94
1164,46.56,1332.7,553.9,0.0,1324.8,557.4,0.0,1331.6,554.4,0.0,1314.5,554.1,0.0,1331.1,544.7,0.0,1299.1,529.1,0.984,1347.8,506.9,0.975,1241.7,451.2,0.958,1357.8,417.9,0.899,1177.0,404.7,0.913,1305.6,350.4,0.831,1314.4,416.0,0.994,1340.4,405.9,0.991,1306.9,388.9,0.989,1332.1,383.1,0.985,1336.6,235.4,0.974,1354.0,238.6,0.971
1167,46.68,1316.6,505.1,0.0,1310.5,506.7,0.0,1311.8,505.1,0.0,1311.5,516.0,0.0,1314.7,508.3,0.0,1325.4,517.0,0.938,1344.4,499.1,0.961,1336.2,452.0,0.789,1380.3,421.0,0.851,1326.7,387.0,0.71,1363.2,315.4,0.768,1367.7,420.4,0.972,1387.7,412.3,0.976,1328.4,339.5,0.97,1343.8,342.8,0.977,1363.0,200.4,0.971,1368.8,205.0,0.977
1170,46.8,1306.6,369.6,0.0,1304.4,367.8,0.0,1303.4,369.2,0.0,1300.3,375.6,0.0,1294.6,381.2,0.0,1301.4,397.7,0.989,1299.9,411.4,0.99,1345.6,348.2,0.976,1251.7,392.0,0.969,1383.9,262.4,0.964,1209.2,344.9,0.955,1350.3,417.9,0.999,1353.2,428.4,0.999,1387.0,400.8,0.999,1393.7,404.8,0.999,1458.3,363.7,0.998,1436.5,368.2,0.998
1173,46.92,1304.8,368.2,0.0,1304.1,364.2,0.0,1301.8,362.0,0.0,1303.7,369.3,0.0,1297.8,366.8,0.0,1308.6,394.7,0.992,1331.8,399.6,0.992,1310.4,343.7,0.969,1351.8,348.2,0.977,1286.2,272.6,0.932,1381.6,239.1,0.942,1314.8,460.3,0.998,1327.2,456.8,0.998,1221.1,435.6,0.99,1258.9,432.3,0.99,1137.9,371.8,0.971,1181.4,356.8,0.973
1176,47.04,1302.0,362.2,0.0,1298.5,360.3,0.0,1304.3,356.3,0.0,1294.3,376.9,0.0,1325.5,368.5,0.0,1307.5,423.0,0.997,1384.5,398.7,0.995,1277.3,412.2,0.979,1425.0,348.1,0.967,1193.4,335.6,0.92,1404.1,254.5,0.882,1283.4,487.2,0.998,1337.2,464.3,0.998,1119.2,461.7,0.992,1227.2,435.8,0.989,937.5,407.9,0.966,1089.8,376.6,0.963
1179,47.16,1313.1,360.7,0.0,1311.9,357.1,0.0,1306.0,354.1,0.0,1308.5,371.8,0.0,1302.8,367.1,0.0,1326.1,400.8,0.997,1359.2,396.1,0.993,1360.4,351.2,0.981,1389.1,353.2,0.962,1370.1,263.7,0.931,1381.5,252.4,0.884,1311.5,466.2,0.999,1327.2,453.9,0.998,1191.6,448.6,0.995,1187.6,437.9,0.992,1032.4,423.7,0.982,994.2,405.4,0.977
1182,47.28,1304.9,474.7,0.0,1299.9,476.9,0.0,1309.1,474.9,0.0,1300.4,484.1,0.0,1314.0,478.1,0.0,1318.0,498.1,0.973,1338.9,471.4,0.957,1325.3,446.5,0.921,1370.4,351.9,0.88,1283.1,370.7,0.877,1388.4,259.8,0.818,1342.3,447.4,0.995,1359.2,434.9,0.993,1249.2,405.6,0.991,1324.0,387.7,0.989,1177.7,304.2,0.987,1308.5,282.6,0.986
1185,47.4,1299.0,372.0,0.0,1297.0,372.4,0.0,1302.9,366.4,0.0,1293.7,390.7,0.0,1314.3,377.9,0.0,1303.9,433.3,0.992,1341.7,409.3,0.987,1282.7,413.3,0.956,1382.8,339.6,0.939,1228.1,347.2,0.893,1407.4,254.0,0.846,1304.3,482.2,0.997,1336.1,466.0,0.996,1148.4,416.8,0.989,1262.6,396.7,0.985,1020.2,358.9,0.974,1223.8,327.8,0.972
1188,47.52,1285.5,359.3,0.0,1284.8,358.4,0.0,1288.9,352.4,0.0,1288.2,370.0,0.0,1305.3,356.9,0.0,1303.6,402.6,0.998,1341.4,376.1,0.996,1314.3,372.1,0.988,1374.5,305.6,0.985,1317.7,306.1,0.963,1428.1,222.5,0.946,1300.4,463.0,0.999,1328.8,445.4,0.999,1165.2,419.5,0.996,1248.3,398.0,0.996,1047.1,360.8,0.987,1175.3,332.9,0.987
1191,47.64,1307.1,368.9,0.0,1313.3,363.7,0.0,1302.9,361.3,0.0,1325.0,371.5,0.0,1292.9,365.6,0.0,1324.6,397.5,0.968,1306.5,395.4,0.943,1357.5,350.4,0.921,1310.9,362.1,0.86,1373.9,236.1,0.903,1319.6,257.6,0.832,1293.5,430.7,0.981,1272.0,424.7,0.972,1248.0,405.6,0.956,1199.1,398.9,0.938,1177.3,360.1,0.919,1092.4,345.9,0.902
1194,47.76,1379.1,469.5,0.0,1374.2,475.0,0.0,1381.5,472.3,0.0,1362.4,480.1,0.0,1368.7,479.6,0.0,1337.5,468.2,0.953,1363.6,478.2,0.975,1344.4,407.4,0.929,1422.3,440.4,0.97,1349.9,300.9,0.953,1501.7,366.6,0.967,1310.8,416.7,0.996,1321.9,419.1,0.996,1311.3,340.7,0.996,1322.8,337.4,0.997,1279.1,287.3,0.996,1285.9,275.3,0.997
1197,47.88,1328.7,495.6,0.0,1323.8,496.2,0.0,1335.2,500.1,0.0,1329.6,498.6,0.0,1340.3,506.4,0.0,1324.7,499.4,0.879,1350.3,500.9,0.908,1339.8,438.6,0.861,1365.6,411.5,0.877,1364.3,302.4,0.925,1363.7,277.2,0.909,1335.8,460.3,0.967,1349.6,461.6,0.965,1292.8,373.7,0.967,1319.2,376.1,0.965,1303.4,310.9,0.955,1338.9,312.4,0.957
1200,48.0,1333.5,463.4,0.0,1327.9,467.6,0.0,1340.0,468.4,0.0,1320.4,473.5,0.0,1348.3,476.6,0.0,1306.4,469.4,0.976,1352.2,463.2,0.972,1228.0,429.0,0.964,1371.2,384.3,0.94,1169.8,368.9,0.954,1399.6,292.4,0.925,1317.3,425.0,0.997,1345.4,424.0,0.996,1297.2,320.9,0.997,1343.6,323.1,0.996,1285.8,276.4,0.997,1366.5,281.3,0.996
1203,48.12,1305.7,447.0,0.0,1296.3,453.7,0.0,1311.5,454.6,0.0,1287.1,465.0,0.0,1322.3,469.4,0.0,1290.3,464.6,0.954,1347.7,457.6,0.987,1277.3,424.5,0.912,1405.6,361.9,0.98,1263.5,343.8,0.929,1413.5,234.1,0.971,1331.3,422.8,0.995,1365.1,421.2,0.997,1340.1,291.2,0.995,1358.1,289.5,0.997,1352.5,235.9,0.995,1377.8,233.6,0.997
1206,48.24,1377.5,408.8,0.0,1381.7,419.3,0.0,1386.0,414.5,0.0,1383.8,450.8,0.0,1384.1,441.1,0.0,1342.9,454.2,0.924,1360.1,450.2,0.945,1336.9,386.9,0.93,1382.0,373.5,0.937,1351.6,298.9,0.949,1415.3,279.7,0.932,1294.9,445.1,0.987,1300.0,442.1,0.986,1273.1,337.9,0.984,1282.0,332.8,0.981,1289.3,303.1,0.984,1300.1,281.3,0.983
1209,48.36,1382.7,411.6,0.0,1381.5,414.9,0.0,1392.4,416.6,0.0,1366.9,431.9,0.0,1392.2,440.4,0.0,1318.7,441.1,0.965,1352.7,468.9,0.956,1262.2,392.9,0.946,1329.4,426.9,0.893,1284.3,315.7,0.951,1375.4,292.9,0.899,1265.1,423.7,0.988,1285.8,438.7,0.982,1298.1,294.9,0.988,1316.3,322.3,0.982,1316.0,279.9,0.987,1338.4,298.6,0.984
1212,48.48,1225.7,394.4,0.0,1216.0,404.4,0.0,1235.2,397.0,0.0,1199.6,434.8,0.0,1248.7,416.2,0.0,1194.0,464.4,0.972,1267.9,430.3,0.979,1149.3,465.8,0.928,1302.4,389.9,0.944,1100.5,409.6,0.897,1354.7,257.9,0.926,1292.8,447.7,0.989,1339.7,439.9,0.991,1323.7,328.7,0.986,1366.0,313.6,0.989,1336.8,290.1,0.984,1391.4,259.7,0.987
1215,48.6,1267.1,479.6,0.0,1259.7,483.2,0.0,1274.8,486.6,0.0,1250.4,479.5,0.0,1278.0,489.2,0.0,1239.1,460.6,0.939,1265.2,474.9,0.981,1224.5,439.7,0.906,1302.1,430.4,0.974,1260.9,358.1,0.923,1420.9,286.6,0.964,1284.7,389.2,0.994,1298.9,404.6,0.996,1331.1,318.2,0.994,1345.3,338.3,0.996,1379.1,232.6,0.993,1407.6,249.7,0.996
1218,48.72,1268.1,430.0,0.0,1259.4,433.5,0.0,1276.7,432.7,0.0,1234.8,437.1,0.0,1272.4,437.0,0.0,1207.0,438.9,0.937,1250.9,432.6,0.967,1122.8,442.7,0.936,1321.4,406.5,0.965,1072.3,393.8,0.916,1481.1,301.4,0.945,1255.1,421.0,0.996,1277.5,427.6,0.997,1291.9,330.1,0.994,1341.1,336.6,0.995,1322.3,280.6,0.991,1428.4,284.0,0.993
1221,48.84,1280.7,362.5,0.0,1276.3,358.4,0.0,1282.0,360.1,0.0,1265.3,363.1,0.0,1279.8,368.5,0.0,1265.7,383.8,0.979,1275.4,399.5,0.992,1312.9,351.3,0.963,1287.3,366.9,0.985,1339.6,264.9,0.946,1351.6,255.6,0.967,1325.8,440.6,0.998,1331.4,455.6,0.999,1361.3,376.1,0.996,1375.9,388.6,0.997,1461.0,341.1,0.992,1468.8,344.8,0.994
1224,48.96,1312.3,539.0,0.0,1307.7,548.1,0.0,1320.3,544.4,0.0,1302.5,539.3,0.0,1318.2,532.5,0.0,1277.3,503.7,0.988,1288.8,484.4,0.997,1177.4,469.4,0.957,1344.3,438.6,0.991,1055.0,432.3,0.941,1533.9,427.8,0.979,1294.5,389.9,0.999,1294.0,386.6,0.999,1315.2,358.9,0.999,1350.8,345.6,0.999,1343.7,290.8,0.998,1434.3,279.7,0.999
1227,49.08,1290.2,359.7,0.0,1286.3,358.7,0.0,1292.3,357.2,0.0,1270.7,365.1,0.0,1296.1,365.7,0.0,1257.3,378.9,0.0,1305.4,394.1,0.999,1224.2,333.0,0.963,1314.1,345.8,0.996,1167.5,306.1,0.928,1384.1,233.6,0.986,1307.8,428.4,1.0,1350.6,439.0,1.0,1277.1,360.3,0.999,1423.0,370.7,1.0,1285.8,348.7,0.998,1511.4,342.5,0.999
1230,49.2,1286.4,355.5,0.0,1283.0,357.4,0.0,1289.6,352.2,0.0,1273.2,381.8,0.0,1304.0,371.5,0.0,1284.5,429.7,0.997,1332.4,406.0,0.997,1188.8,433.2,0.981,1382.0,345.2,0.985,991.0,367.0,0.94,1421.6,238.9,0.946,1308.1,490.2,0.999,1354.6,476.0,0.999,1154.3,451.1,0.995,1369.2,429.5,0.996,998.4,406.5,0.978,1382.6,372.0,0.981
1233,49.32,1303.2,550.1,0.0,1298.6,559.2,0.0,1310.8,552.8,0.0,1285.0,558.7,0.0,1305.9,544.9,0.0,1277.7,523.9,0.993,1289.9,510.1,0.996,1174.8,458.2,0.977,1331.2,406.8,0.986,1005.2,405.6,0.948,1416.5,311.3,0.965,1304.8,421.6,0.999,1321.1,416.7,0.999,1218.0,421.2,0.998,1369.9,408.7,0.998,1120.4,332.1,0.995,1427.3,299.6,0.996
1236,49.44,1286.6,358.5,0.0,1282.1,361.3,0.0,1291.1,355.5,0.0,1264.4,382.6,0.0,1300.0,372.6,0.0,1266.2,419.9,0.994,1299.3,411.3,0.996,1215.8,414.8,0.972,1342.8,377.5,0.982,1140.7,369.2,0.921,1379.3,290.8,0.938,1288.9,486.9,0.999,1326.6,483.5,0.999,1193.1,448.6,0.995,1362.3,442.0,0.995,1099.1,419.8,0.984,1424.2,397.8,0.987
1239,49.56,1294.9,361.7,0.0,1283.3,357.6,0.0,1292.6,351.2,0.0,1253.5,370.3,0.0,1284.5,359.6,0.0,1269.1,437.6,0.998,1322.7,411.3,0.993,1149.2,453.0,0.987,1381.5,368.1,0.955,890.9,399.3,0.947,1429.8,251.1,0.893,1297.9,522.9,0.998,1341.2,504.0,0.996,1092.2,447.1,0.986,1296.2,424.1,0.975,894.3,399.1,0.921,1253.5,362.9,0.89
1242,49.68,1288.4,363.6,0.0,1279.2,362.5,0.0,1284.7,357.1,0.0,1255.1,374.4,0.0,1281.0,368.6,0.0,1264.9,430.0,0.997,1319.9,399.7,0.998,1173.7,423.5,0.976,1359.4,326.0,0.99,1006.8,397.8,0.924,1407.4,236.8,0.963,1263.1,486.4,1.0,1320.7,467.2,1.0,1094.6,394.8,0.999,1352.9,375.5,0.999,900.7,355.4,0.996,1341.8,340.1,0.997
1245,49.8,1287.5,391.9,0.0,1280.2,395.6,0.0,1295.6,389.0,0.0,1264.6,414.7,0.0,1303.0,401.7,0.0,1277.8,455.3,0.98,1305.0,431.1,0.986,1253.0,437.9,0.947,1371.4,340.1,0.97,1165.9,360.7,0.91,1431.5,221.6,0.927,1296.3,477.0,0.998,1326.0,466.3,0.998,1177.6,436.9,0.994,1337.9,419.5,0.994,1049.0,365.0,0.984,1365.1,329.9,0.986
1248,49.92,1251.1,300.2,0.0,1244.1,296.8,0.0,1241.8,299.0,0.0,1238.8,322.7,0.0,1236.6,332.9,0.0,1278.2,387.4,0.958,1275.4,406.2,0.96,1331.9,338.9,0.832,1301.6,365.4,0.823,1305.9,230.1,0.759,1290.3,244.5,0.744,1333.0,485.0,0.985,1337.4,492.6,0.985,1293.4,376.2,0.983,1337.3,382.0,0.983,1268.9,355.7,0.977,1344.4,354.7,0.98
1251,50.04,1289.0,362.1,0.0,1278.2,359.9,0.0,1285.1,360.2,0.0,1254.4,369.9,0.0,1276.0,377.6,0.0,1246.0,415.9,0.969,1313.8,413.4,0.985,1194.5,387.2,0.907,1368.2,338.5,0.964,1097.7,350.4,0.897,1407.7,237.2,0.95,1280.0,468.6,0.983,1325.8,467.7,0.988,1250.2,332.6,0.967,1353.8,333.8,0.977,1198.2,302.1,0.935,1349.8,304.1,0.951
1254,50.16,1284.4,380.3,0.0,1276.6,383.3,0.0,1289.3,377.6,0.0,1260.0,403.7,0.0,1293.3,391.9,0.0,1264.4,450.3,0.954,1311.5,418.6,0.979,1241.4,455.5,0.896,1363.3,355.7,0.964,1153.4,345.5,0.87,1384.3,236.5,0.931,1293.3,477.7,0.992,1328.8,464.1,0.994,1216.1,418.8,0.977,1330.6,394.0,0.983,1140.2,342.0,0.946,1334.9,308.7,0.96
1257,50.28,1284.8,356.4,0.0,1276.1,356.6,0.0,1282.3,356.0,0.0,1256.8,373.0,0.0,1275.4,375.8,0.0,1253.8,414.2,0.978,1297.2,417.5,0.992,1206.7,383.8,0.96,1372.0,359.4,0.986,1151.7,316.8,0.949,1423.2,244.2,0.973,1300.7,457.9,0.998,1324.5,462.0,0.999,1274.5,397.8,0.997,1325.7,403.4,0.998,1280.8,368.6,0.993,1370.3,370.2,0.995
1260,50.4,1275.5,512.9,0.0,1274.1,526.0,0.0,1290.6,520.9,0.0,1254.8,536.1,0.0,1293.8,526.3,0.0,1210.2,504.6,0.98,1294.2,482.6,0.971,1118.6,462.1,0.946,1312.6,364.3,0.904,1040.3,411.7,0.941,1270.8,243.8,0.912,1206.1,430.7,0.987,1245.0,421.1,0.982,1240.6,423.5,0.988,1294.6,394.4,0.983,1143.3,353.3,0.982,1209.9,331.7,0.978
1263,50.52,1243.4,511.7,0.0,1241.2,519.0,0.0,1255.4,520.9,0.0,1237.7,527.5,0.0,1271.4,525.4,0.0,1208.9,504.9,0.974,1293.6,506.3,0.964,1156.1,444.1,0.952,1339.2,379.7,0.938,1138.2,415.2,0.938,1319.1,245.6,0.931,1246.0,430.1,0.994,1289.1,434.1,0.993,1270.5,377.8,0.0,1326.5,375.2,0.991,1295.1,269.7,0.988,1345.7,262.8,0.987
1266,50.64,1252.0,521.3,0.0,1248.4,531.2,0.0,1266.6,530.6,0.0,1237.4,545.5,0.0,1283.8,532.2,0.0,1188.5,504.6,0.972,1317.5,516.2,0.977,1075.8,471.0,0.933,1379.0,446.9,0.975,1062.6,419.9,0.934,1457.9,420.2,0.971,1290.5,394.0,0.991,1350.0,400.2,0.993,1268.0,406.2,0.986,1341.7,404.7,0.99,1308.6,304.1,0.972,1379.2,272.0,0.978
1269,50.76,1285.7,507.4,0.0,1278.1,517.7,0.0,1295.4,521.6,0.0,1248.6,536.7,0.0,1291.9,542.4,0.0,1186.0,498.8,0.989,1328.5,524.7,0.951,1064.4,448.3,0.982,1421.6,462.1,0.926,966.9,396.8,0.965,1470.0,442.7,0.911,1241.5,371.4,0.996,1310.4,387.7,0.992,1273.6,332.5,0.993,1354.8,332.5,0.988,1268.6,233.3,0.988,1347.0,220.2,0.984
1272,50.88,1279.5,503.1,0.0,1272.5,511.8,0.0,1288.1,520.9,0.0,1247.2,533.1,0.0,1287.0,551.6,0.0,1188.3,497.7,0.99,1317.6,527.8,0.957,1077.3,448.2,0.983,1403.7,452.4,0.926,987.8,401.9,0.965,1460.9,431.0,0.91,1238.3,376.4,0.997,1300.8,396.3,0.993,1289.1,351.3,0.995,1362.5,352.4,0.99,1305.8,252.1,0.992,1381.2,242.4,0.989
1275,51.0,1268.2,503.7,0.0,1258.2,513.1,0.0,1277.6,522.7,0.0,1233.9,534.7,0.0,1283.4,551.1,0.0,1187.1,495.8,0.992,1331.8,522.1,0.975,1081.2,467.6,0.985,1432.5,454.2,0.957,1012.5,441.4,0.973,1483.8,446.5,0.945,1278.0,384.4,0.998,1346.0,403.7,0.997,1307.5,355.7,0.998,1396.3,357.2,0.997,1344.9,247.2,0.997,1441.5,246.0,0.997
1278,51.12,1263.4,505.4,0.0,1255.0,519.3,0.0,1278.9,521.4,0.0,1224.9,531.6,0.0,1287.1,534.6,0.0,1168.1,488.4,0.987,1329.9,492.1,0.948,1017.1,471.2,0.957,1425.3,408.2,0.839,947.9,396.8,0.923,1495.8,360.9,0.825,1260.6,413.3,0.962,1329.6,425.2,0.929,1230.5,393.0,0.895,1325.5,428.6,0.819,1236.6,329.0,0.792,1348.8,400.0,0.725
1281,51.24,1286.9,507.1,0.0,1275.0,515.3,0.0,1293.5,523.6,0.0,1233.7,528.1,0.0,1278.4,551.9,0.0,1178.7,491.1,0.992,1307.1,519.2,0.967,1092.6,466.7,0.976,1422.2,420.0,0.901,1021.8,433.5,0.948,1488.4,383.9,0.865,1262.5,382.2,0.0,1320.6,404.2,0.982,1320.3,380.9,0.978,1393.5,379.3,0.961,1343.2,284.3,0.971,1427.7,268.0,0.96
1284,51.36,1291.9,509.7,0.0,1277.3,518.0,0.0,1295.7,527.0,0.0,1231.4,534.2,0.0,1274.2,561.7,0.0,1187.9,499.0,0.995,1289.8,519.8,0.983,1169.3,450.1,0.979,1399.3,404.6,0.919,1191.0,399.1,0.954,1444.2,366.8,0.877,1238.5,413.9,0.995,1284.9,429.1,0.991,1283.5,418.6,0.989,1351.0,404.7,0.98,1298.0,321.9,0.981,1380.5,300.8,0.976
1287,51.48,1286.4,499.5,0.0,1276.4,509.3,0.0,1295.8,525.1,0.0,1234.5,533.3,0.0,1285.6,571.9,0.0,1160.4,492.3,0.984,1298.6,536.4,0.942,1037.0,449.4,0.967,1377.9,436.5,0.855,942.1,441.8,0.939,1445.5,381.8,0.839,1206.2,391.5,0.982,1272.3,423.6,0.966,1276.6,331.8,0.972,1358.3,333.1,0.948,1279.9,242.5,0.964,1380.6,238.4,0.951
1290,51.6,1284.6,498.1,0.0,1275.9,510.4,0.0,1296.4,524.5,0.0,1239.2,540.0,0.0,1292.0,572.8,0.0,1174.2,501.4,0.979,1298.8,525.5,0.879,1017.9,462.2,0.955,1301.2,411.2,0.661,907.9,392.4,0.927,1315.0,331.6,0.713,1249.3,388.0,0.0,1312.1,409.6,0.885,1250.5,351.8,0.92,1334.7,349.7,0.819,1239.8,242.3,0.879,1354.5,241.8,0.811
1293,51.72,1277.1,498.2,0.0,1268.3,508.1,0.0,1284.6,515.3,0.0,1262.7,530.5,0.0,1302.1,536.6,0.0,1269.8,483.5,0.946,1338.3,511.5,0.929,1324.1,437.2,0.915,1446.9,455.3,0.881,1441.1,398.3,0.918,1519.4,430.2,0.872,1315.2,395.5,0.988,1351.3,404.5,0.985,1297.1,354.3,0.985,1350.6,341.6,0.981,1339.2,313.9,0.972,1406.8,274.1,0.97
1296,51.84,1273.5,504.5,0.0,1266.8,511.7,0.0,1280.8,520.8,0.0,1248.4,520.7,0.0,1279.1,536.6,0.0,1223.3,477.1,0.985,1266.4,490.1,0.968,1149.5,463.6,0.956,1247.7,442.9,0.889,1040.7,419.5,0.936,1267.0,420.4,0.877,1302.5,380.0,0.987,1328.0,389.7,0.978,1309.0,388.3,0.973,1343.6,374.2,0.958,1343.3,281.2,0.966,1421.9,274.0,0.955
1299,51.96,1285.8,493.3,0.0,1279.4,499.2,0.0,1299.9,512.5,0.0,1250.2,507.6,0.0,1301.5,535.2,0.0,1183.0,468.5,0.986,1312.6,490.7,0.869,1023.9,466.9,0.976,1347.0,400.7,0.718,889.4,416.2,0.954,1396.2,335.2,0.772,1202.8,390.2,0.979,1262.6,410.5,0.934,1270.0,368.9,0.0,1349.9,365.6,0.9,1261.8,275.2,0.957,1374.7,272.3,0.914
1302,52.08,1273.2,480.3,0.0,1274.5,482.7,0.0,1285.3,498.5,0.0,1255.9,490.3,0.0,1284.3,535.7,0.0,1189.5,474.1,0.975,1275.0,507.5,0.905,1047.4,449.2,0.958,1308.2,382.2,0.745,889.9,408.7,0.933,1364.6,256.6,0.778,1186.3,402.6,0.947,1226.0,431.7,0.885,1204.7,380.3,0.916,1245.9,385.3,0.824,1116.1,305.8,0.829,1180.3,300.8,0.749
1305,52.2,1266.1,499.0,0.0,1263.1,506.7,0.0,1277.4,501.7,0.0,1263.7,503.0,0.0,1303.3,495.5,0.0,1223.9,491.9,0.973,1333.7,453.5,0.987,1056.5,435.2,0.963,1309.8,385.3,0.975,928.6,403.2,0.969,1277.8,304.5,0.966,1275.5,368.0,0.0,1327.9,348.0,0.995,1231.0,341.8,0.991,1283.4,320.0,0.992,1266.6,231.8,0.972,1302.1,216.2,0.977
1308,52.32,1254.3,510.9,0.0,1249.8,515.3,0.0,1263.7,515.9,0.0,1255.8,504.3,0.0,1292.5,510.0,0.0,1230.9,489.5,0.944,1329.4,460.6,0.968,1131.0,448.2,0.939,1354.5,396.9,0.948,1044.3,421.7,0.956,1389.7,341.9,0.939,1279.6,359.6,0.986,1326.5,343.0,0.987,1231.4,359.7,0.978,1276.0,338.9,0.979,1238.9,276.3,0.0,1272.5,264.6,0.955
1311,52.44,1273.2,511.2,0.0,1267.4,517.3,0.0,1279.5,516.2,0.0,1261.7,516.5,0.0,1294.2,513.2,0.0,1217.4,499.6,0.995,1309.8,462.8,0.989,1030.9,431.8,0.994,1258.1,390.7,0.971,950.1,404.3,0.989,1226.6,354.0,0.961,1264.4,365.8,0.0,1307.9,348.0,0.999,1261.5,328.3,0.0,1306.5,317.9,0.997,1308.6,174.8,0.992,1341.9,189.3,0.99
1314,52.56,1268.3,500.5,0.0,1261.4,500.6,0.0,1265.8,498.4,0.0,1260.8,495.5,0.0,1270.1,489.4,0.0,1266.9,487.4,0.971,1302.7,474.9,0.977,1270.3,410.9,0.961,1341.7,407.9,0.96,1261.2,349.5,0.953,1285.4,325.4,0.947,1314.4,399.5,0.997,1338.7,393.8,0.997,1319.5,329.0,0.995,1344.3,318.0,0.996,1335.9,197.1,0.987,1344.6,194.5,0.989
1317,52.68,1273.8,502.7,0.0,1264.8,505.8,0.0,1282.3,510.4,0.0,1256.3,496.2,0.0,1300.5,510.0,0.0,1204.1,486.7,0.989,1315.0,455.9,0.982,998.4,425.0,0.992,1268.9,378.3,0.97,883.3,406.0,0.986,1204.4,318.7,0.96,1262.4,372.7,0.999,1309.0,364.0,0.999,1291.8,365.0,0.998,1343.6,376.8,0.996,1315.1,189.5,0.989,1360.0,253.9,0.987
1320,52.8,1257.6,499.9,0.0,1252.7,499.8,0.0,1260.9,503.5,0.0,1257.0,493.1,0.0,1276.7,497.9,0.0,1235.6,486.5,0.991,1298.7,450.1,0.991,1075.2,428.1,0.986,1224.8,416.8,0.98,951.3,405.9,0.976,1073.2,408.5,0.97,1286.3,369.5,0.998,1317.6,348.0,0.998,1271.8,328.4,0.995,1304.0,288.7,0.995,1281.7,190.8,0.983,1298.9,171.5,0.984
1323,52.92,1286.0,508.8,0.0,1285.1,516.5,0.0,1299.0,511.4,0.0,1284.3,500.7,0.0,1320.1,498.4,0.0,1234.9,472.6,0.968,1311.5,439.1,0.941,1012.2,424.2,0.977,1178.1,410.6,0.918,847.9,399.9,0.979,1044.3,393.3,0.938,1275.0,347.1,0.995,1308.7,330.6,0.992,1242.7,368.1,0.99,1280.5,357.4,0.985,1249.8,256.0,0.967,1283.4,260.3,0.96
1326,53.04,1306.9,516.6,0.0,1300.8,516.7,0.0,1307.3,516.6,0.0,1288.5,504.6,0.0,1305.5,505.3,0.0,1244.4,486.7,0.991,1331.7,480.5,0.99,1127.2,440.1,0.985,1404.2,444.4,0.965,1003.9,421.6,0.968,1495.1,418.0,0.92,1241.0,357.8,0.996,1284.3,357.0,0.995,1280.9,312.7,0.99,1312.0,316.9,0.988,1285.6,170.2,0.967,1306.4,183.3,0.966
1329,53.16,1270.1,502.9,0.0,1266.1,507.1,0.0,1277.6,508.8,0.0,1271.0,501.9,0.0,1301.8,502.4,0.0,1232.8,484.9,0.993,1327.2,446.5,0.992,1038.0,430.1,0.988,1302.8,411.4,0.976,899.6,411.6,0.979,1279.2,395.6,0.962,1264.4,358.7,0.998,1305.2,336.5,0.998,1209.2,351.9,0.996,1246.5,331.2,0.995,1221.9,230.7,0.989,1251.9,245.1,0.989
1332,53.28,1266.7,492.6,0.0,1259.4,495.6,0.0,1267.0,499.5,0.0,1261.1,500.0,0.0,1283.9,504.1,0.0,1233.2,485.6,0.989,1335.0,468.4,0.994,1094.7,435.1,0.977,1415.3,434.0,0.978,945.3,430.6,0.958,1494.9,416.4,0.946,1262.1,335.9,0.0,1309.5,327.7,0.992,1299.6,325.5,0.976,1333.4,322.6,0.977,1368.0,188.5,0.899,1389.6,206.7,0.909
1335,53.4,1260.1,509.3,0.0,1251.9,511.9,0.0,1251.1,509.4,0.0,1263.0,512.3,0.0,1259.7,498.2,0.0,1313.3,476.4,0.953,1297.6,463.4,0.985,1440.6,438.9,0.86,1410.1,454.9,0.958,1528.3,403.4,0.77,1518.7,413.1,0.898,1330.3,341.6,0.952,1331.1,328.2,0.973,1295.7,364.8,0.877,1285.6,345.8,0.924,1340.9,265.7,0.777,1334.5,248.4,0.848
1338,53.52,1290.8,517.9,0.0,1289.2,522.2,0.0,1302.6,518.9,0.0,1293.6,511.3,0.0,1328.4,508.0,0.0,1248.8,502.9,0.977,1350.6,460.0,0.982,1098.6,442.3,0.967,1357.4,398.2,0.958,976.0,406.1,0.964,1324.6,338.1,0.939,1215.7,403.0,0.995,1257.5,379.9,0.0,1145.4,415.3,0.995,1187.1,406.6,0.994,1096.2,288.8,0.992,1124.7,321.8,0.992
1341,53.64,1275.0,505.3,0.0,1270.2,512.1,0.0,1285.4,511.4,0.0,1272.0,509.6,0.0,1309.6,507.9,0.0,1240.2,489.3,0.985,1310.1,448.5,0.98,1041.3,445.9,0.982,1157.5,418.9,0.961,911.1,380.7,0.972,966.6,416.7,0.949,1274.5,381.6,0.997,1306.8,361.9,0.997,1249.5,399.6,0.994,1299.2,407.1,0.992,1276.0,283.2,0.975,1327.6,332.2,0.972
1344,53.76,1284.3,514.6,0.0,1277.8,516.4,0.0,1282.3,517.7,0.0,1277.4,511.8,0.0,1288.1,514.6,0.0,1279.5,493.0,0.965,1312.2,463.7,0.979,1211.4,451.3,0.888,1311.2,412.8,0.919,1075.8,439.3,0.836,1247.8,378.2,0.866,1251.9,361.1,0.986,1270.1,344.4,0.0,1281.6,364.6,0.981,1290.5,341.0,0.984,1286.7,232.4,0.963,1294.6,223.4,0.97
1347,53.88,1257.2,493.5,0.0,1245.1,497.3,0.0,1254.9,502.5,0.0,1242.8,496.7,0.0,1267.3,507.0,0.0,1260.1,454.1,0.989,1306.6,480.4,0.986,1252.0,386.8,0.964,1376.4,426.0,0.944,1222.0,346.6,0.93,1428.7,381.3,0.903,1316.2,352.9,0.991,1342.9,376.7,0.99,1317.5,289.0,0.974,1344.3,353.5,0.972,1356.6,181.2,0.935,1395.2,260.4,0.935
1350,54.0,1238.5,412.3,0.0,1243.1,413.7,0.0,1241.4,410.6,0.0,1263.0,432.8,0.0,1258.3,419.2,0.0,1276.7,465.6,0.979,1308.4,454.4,0.966,1255.3,446.3,0.971,1369.3,445.5,0.949,1228.7,381.0,0.961,1408.3,369.0,0.941,1304.9,451.6,0.996,1326.3,443.3,0.996,1248.6,385.3,0.994,1267.1,393.3,0.992,1220.1,341.7,0.975,1223.7,366.1,0.974
1353,54.12,1287.9,503.6,0.0,1291.4,507.0,0.0,1290.8,506.9,0.0,1305.1,513.0,0.0,1299.2,508.5,0.0,1317.9,482.9,0.968,1298.2,490.8,0.964,1347.1,404.8,0.939,1295.2,419.3,0.893,1380.8,357.9,0.925,1282.4,362.0,0.862,1315.4,412.9,0.991,1313.0,412.5,0.988,1271.7,381.5,0.0,1264.2,350.1,0.983,1245.8,366.8,0.967,1235.7,304.7,0.961
1356,54.24,1286.5,500.9,0.0,1295.6,500.6,0.0,1298.8,502.0,0.0,1325.7,486.7,0.0,1326.7,486.3,0.0,1328.1,439.1,0.968,1334.0,457.2,0.978,1312.3,298.9,0.907,1315.2,305.7,0.939,1320.3,225.7,0.882,1281.2,251.3,0.918,1357.0,374.2,0.976,1360.1,382.3,0.978,1300.7,374.8,0.949,1299.8,371.0,0.953,1282.6,287.6,0.833,1267.6,251.5,0.836
1359,54.36,1279.9,499.0,0.0,1284.0,508.6,0.0,1292.6,504.3,0.0,1291.7,516.4,0.0,1309.4,504.8,0.0,1283.5,472.3,0.959,1308.8,484.4,0.937,1295.1,302.9,0.892,1329.4,322.4,0.784,1331.0,181.9,0.855,1330.1,193.5,0.783,1305.6,386.8,0.955,1324.2,391.9,0.939,1325.2,316.6,0.93,1343.9,327.2,0.899,1335.3,173.5,0.882,1352.1,183.4,0.854
1362,54.48,1299.2,510.0,0.0,1295.1,510.9,0.0,1304.6,517.5,0.0,1302.7,516.2,0.0,1321.4,524.6,0.0,1320.0,505.8,0.981,1356.1,512.9,0.973,1359.7,431.6,0.957,1411.7,445.4,0.953,1408.7,368.1,0.938,1413.6,379.2,0.933,1316.3,412.1,0.996,1343.3,411.8,0.995,1308.6,346.0,0.989,1339.8,327.5,0.988,1305.0,180.8,0.964,1333.6,165.6,0.0
1365,54.6,1268.3,514.3,0.0,1264.1,525.7,0.0,1282.0,520.3,0.0,1260.9,540.3,0.0,1303.5,516.9,0.0,1244.4,527.6,0.979,1336.1,495.9,0.983,1210.0,520.8,0.924,1393.2,410.4,0.969,1221.1,502.5,0.898,1442.1,324.9,0.952,1289.1,405.2,0.994,1340.7,387.2,0.995,1291.1,347.1,0.992,1357.4,326.5,0.994,1319.4,191.0,0.984,1389.7,173.3,0.988
1368,54.72,1263.9,511.8,0.0,1259.8,520.2,0.0,1268.9,526.8,0.0,1256.6,539.8,0.0,1281.9,551.0,0.0,1270.6,505.2,0.963,1319.6,537.6,0.923,1329.3,461.9,0.954,1415.4,467.8,0.87,1433.4,465.0,0.95,1473.2,408.8,0.86,1301.5,422.4,0.988,1328.8,433.7,0.981,1286.4,351.6,0.977,1317.2,332.7,0.961,1287.7,319.5,0.936,1318.7,260.1,0.917
1371,54.84,1263.6,519.8,0.0,1258.8,527.0,0.0,1261.6,530.6,0.0,1254.7,546.0,0.0,1263.0,550.2,0.0,1278.2,523.0,0.984,1301.9,539.7,0.972,1371.7,458.9,0.978,1431.0,471.6,0.941,1434.2,431.8,0.972,1487.1,414.6,0.926,1313.1,436.9,0.997,1332.1,443.7,0.995,1285.7,338.6,0.994,1299.6,337.7,0.99,1257.8,322.4,0.98,1265.3,311.1,0.975
1374,54.96,1273.4,506.3,0.0,1275.0,523.8,0.0,1286.4,522.6,0.0,1262.9,559.1,0.0,1293.2,553.8,0.0,1257.3,508.1,0.948,1305.2,514.1,0.869,1343.8,460.1,0.854,1427.6,454.1,0.62,1495.2,458.2,0.849,1533.6,450.5,0.605,1274.8,363.9,0.943,1301.6,362.3,0.896,1292.9,311.2,0.91,1321.6,325.3,0.852,1243.5,276.2,0.797,1278.8,291.3,0.74
1377,55.08,1275.9,527.4,0.0,1264.2,537.9,0.0,1284.6,547.7,0.0,1238.4,562.7,0.0,1287.5,581.6,0.0,1212.7,522.4,0.996,1326.1,553.6,0.988,1166.2,481.0,0.989,1412.3,489.1,0.97,1169.1,427.7,0.977,1483.5,478.1,0.949,1290.5,396.7,0.999,1349.8,406.8,0.999,1287.3,368.6,0.999,1365.5,309.5,0.998,1299.3,257.8,0.997,1396.8,144.4,0.997
1380,55.2,1284.9,532.2,0.0,1272.9,544.4,0.0,1291.5,547.4,0.0,1239.5,568.9,0.0,1284.8,572.0,0.0,1221.8,524.0,0.99,1315.1,553.4,0.973,1239.8,480.5,0.985,1432.4,485.9,0.96,1343.3,435.7,0.98,1519.4,484.3,0.949,1247.9,422.9,0.999,1294.0,427.7,0.998,1307.0,417.5,0.999,1373.0,350.6,0.998,1310.3,333.4,0.998,1390.5,188.0,0.998
1383,55.32,1291.0,532.3,0.0,1282.7,538.4,0.0,1293.2,543.1,0.0,1260.5,550.1,0.0,1283.6,566.9,0.0,1250.3,523.8,0.997,1300.3,549.0,0.994,1323.3,414.4,0.992,1423.7,481.7,0.979,1434.7,333.4,0.98,1536.3,478.1,0.956,1276.0,431.5,0.999,1303.7,443.5,0.999,1338.9,392.0,0.999,1369.4,397.0,0.998,1334.8,271.8,0.997,1365.0,288.9,0.996
1386,55.44,1280.2,534.3,0.0,1269.1,540.7,0.0,1284.2,547.5,0.0,1243.2,552.8,0.0,1277.9,566.1,0.0,1212.6,519.0,0.995,1307.6,542.9,0.992,1182.8,461.3,0.982,1413.7,468.9,0.977,1164.4,428.7,0.962,1520.1,473.7,0.957,1285.1,423.5,0.997,1331.1,438.7,0.997,1334.1,391.9,0.995,1385.0,394.3,0.994,1348.6,306.9,0.99,1404.4,302.2,0.99
1389,55.56,1292.8,542.4,0.0,1278.9,549.7,0.0,1299.7,561.6,0.0,1234.3,566.3,0.0,1283.1,592.9,0.0,1166.9,516.8,0.994,1315.2,558.0,0.963,1047.2,476.3,0.988,1417.3,483.0,0.927,977.2,436.8,0.974,1518.2,480.5,0.913,1255.9,386.3,0.0,1324.6,413.8,0.994,1302.9,388.9,0.996,1386.5,383.3,0.992,1300.9,279.2,0.994,1395.7,253.3,0.991
1392,55.68,1285.4,544.8,0.0,1271.7,552.4,0.0,1294.0,561.6,0.0,1231.5,559.0,0.0,1283.3,581.0,0.0,1177.0,505.1,0.997,1319.6,531.8,0.988,1071.7,466.2,0.99,1420.7,452.5,0.972,1001.1,419.9,0.977,1499.9,423.1,0.958,1251.9,380.6,0.999,1315.4,397.3,0.998,1297.4,424.9,0.998,1376.3,395.6,0.997,1260.2,330.5,0.996,1352.8,283.5,0.996
1395,55.8,1275.0,533.9,0.0,1267.3,536.7,0.0,1279.8,541.7,0.0,1268.8,536.3,0.0,1302.4,543.6,0.0,1228.4,522.1,0.993,1355.6,504.2,0.996,1057.8,444.8,0.982,1427.4,454.2,0.983,935.4,423.3,0.961,1528.3,453.2,0.945,1244.5,383.5,0.996,1301.6,375.0,0.997,1240.7,346.2,0.991,1288.9,361.5,0.992,1260.4,201.0,0.978,1293.8,243.0,0.981
1398,55.92,1257.3,532.3,0.0,1253.0,534.4,0.0,1264.4,537.2,0.0,1270.4,530.4,0.0,1300.4,532.9,0.0,1255.8,514.0,0.983,1370.3,504.0,0.996,1160.1,420.5,0.912,1485.6,442.1,0.972,1043.7,364.5,0.879,1586.8,377.3,0.902,1248.1,409.1,0.957,1299.8,399.9,0.974,1114.9,408.3,0.917,1159.3,405.0,0.945,1078.1,289.8,0.925,1109.1,293.7,0.948
1401,56.04,1330.4,550.4,0.0,1322.7,553.5,0.0,1341.8,559.7,0.0,1320.9,533.3,0.0,1370.5,551.9,0.0,1258.4,518.7,0.978,1404.4,484.3,0.986,1064.1,441.6,0.958,1440.3,411.3,0.956,934.9,419.1,0.964,1478.7,318.8,0.939,1257.9,377.1,0.98,1321.6,358.9,0.98,1204.1,381.3,0.98,1266.1,361.1,0.0,1253.2,258.0,0.0,1297.0,273.2,0.964
1404,56.16,1330.3,539.9,0.0,1322.7,545.8,0.0,1338.6,545.2,0.0,1303.0,533.8,0.0,1344.0,540.2,0.0,1236.5,513.3,0.988,1352.2,496.5,0.987,1082.4,459.6,0.975,1388.2,474.4,0.957,940.6,390.1,0.963,1441.1,426.6,0.916,1224.7,377.0,0.994,1278.2,366.2,0.992,1134.6,383.7,0.991,1185.9,391.0,0.989,1069.1,286.4,0.988,1118.5,313.9,0.987
1407,56.28,1254.8,530.4,0.0,1254.0,535.0,0.0,1259.4,536.5,0.0,1265.9,540.8,0.0,1284.2,535.8,0.0,1246.1,528.1,0.996,1319.6,489.6,0.997,1079.0,454.1,0.988,1326.5,434.0,0.988,930.9,413.4,0.972,1346.4,386.9,0.968,1246.0,393.9,0.999,1282.9,371.5,0.999,1245.7,325.6,0.997,1270.1,300.0,0.997,1222.6,178.5,0.99,1244.4,177.5,0.992
1410,56.4,1274.2,521.1,0.0,1267.2,527.8,0.0,1284.9,528.0,0.0,1269.8,532.4,0.0,1318.9,528.4,0.0,1221.4,530.2,0.989,1362.1,473.8,0.99,1009.8,459.3,0.983,1353.7,389.7,0.973,913.7,418.5,0.978,1338.4,326.2,0.961,1284.4,407.0,0.997,1345.7,375.3,0.996,1220.7,376.8,0.995,1287.0,347.2,0.994,1286.6,244.3,0.986,1334.0,245.9,0.986
1413,56.52,1336.1,520.5,0.0,1327.7,524.0,0.0,1338.1,523.4,0.0,1313.0,506.7,0.0,1339.3,516.2,0.0,1289.8,479.9,0.956,1348.4,486.0,0.926,1236.0,390.6,0.963,1367.7,422.5,0.883,1192.1,339.4,0.972,1374.0,348.6,0.911,1315.2,382.7,0.991,1346.4,387.1,0.985,1316.0,357.7,0.991,1345.1,359.2,0.986,1378.5,224.3,0.97,1402.4,217.6,0.965
1416,56.64,1308.6,530.3,0.0,1305.2,535.3,0.0,1315.9,533.1,0.0,1303.8,526.9,0.0,1332.5,524.8,0.0,1262.6,508.9,0.979,1353.1,483.1,0.981,1132.9,427.3,0.974,1375.2,401.7,0.961,984.9,399.4,0.975,1352.2,335.5,0.952,1280.5,392.6,0.995,1322.2,379.0,0.995,1239.3,368.7,0.994,1274.3,353.1,0.993,1257.7,246.4,0.986,1279.4,245.4,0.986
1419,56.76,1294.4,530.1,0.0,1290.2,536.9,0.0,1302.2,529.0,0.0,1283.2,532.1,0.0,1314.2,510.9,0.0,1235.9,521.2,0.991,1333.7,470.4,0.991,1061.9,445.9,0.975,1341.9,402.7,0.968,899.4,387.9,0.96,1311.7,310.8,0.937,1236.9,425.5,0.996,1280.7,394.3,0.996,1140.8,382.9,0.995,1181.7,344.9,0.994,1105.1,277.8,0.992,1139.2,257.9,0.992
1422,56.88,1270.0,515.9,0.0,1261.9,523.6,0.0,1275.1,516.2,0.0,1254.0,531.8,0.0,1289.3,505.5,0.0,1211.0,513.9,0.994,1336.6,467.9,0.995,1042.7,442.0,0.982,1370.4,388.1,0.972,952.5,395.0,0.953,1341.4,315.4,0.923,1258.8,396.3,0.0,1313.5,367.7,0.995,1203.7,396.2,0.986,1264.7,355.4,0.983,1231.1,296.6,0.958,1267.5,250.8,0.956
1425,57.0,1306.6,533.5,0.0,1295.1,536.7,0.0,1310.2,536.5,0.0,1277.8,526.4,0.0,1315.7,526.2,0.0,1227.1,515.1,0.992,1354.1,486.7,0.988,1055.6,422.6,0.987,1394.3,404.5,0.962,936.9,397.9,0.975,1351.0,295.2,0.936,1284.2,398.2,0.997,1340.5,386.3,0.996,1280.6,354.0,0.994,1337.4,334.3,0.991,1294.8,194.0,0.979,1328.5,206.0,0.976
1428,57.12,1268.1,522.9,0.0,1266.2,528.3,0.0,1267.7,526.9,0.0,1279.2,537.5,0.0,1287.8,524.6,0.0,1284.6,526.1,0.991,1322.4,477.2,0.996,1195.7,466.1,0.978,1332.6,397.5,0.991,1085.3,438.5,0.961,1320.3,326.4,0.979,1336.2,413.8,0.999,1356.2,383.7,0.999,1293.9,390.7,0.996,1301.9,334.5,0.997,1311.4,269.7,0.986,1316.8,219.0,0.99
1431,57.24,1272.3,525.8,0.0,1268.6,532.2,0.0,1272.9,528.8,0.0,1275.5,543.3,0.0,1290.6,525.6,0.0,1268.3,528.3,0.994,1332.1,483.5,0.997,1126.9,437.2,0.982,1322.2,399.5,0.987,1014.4,373.0,0.964,1291.6,324.2,0.967,1331.8,401.1,0.999,1362.9,376.0,0.999,1299.2,372.5,0.996,1323.3,348.8,0.997,1321.9,213.0,0.988,1336.2,206.3,0.99
1434,57.36,1264.1,523.3,0.0,1262.1,528.3,0.0,1261.1,527.1,0.0,1277.9,546.1,0.0,1281.3,534.2,0.0,1300.3,548.7,0.965,1328.5,496.0,0.996,1274.1,470.9,0.0,1374.8,413.3,0.989,1191.9,426.8,0.875,1366.4,359.5,0.971,1347.7,424.0,0.995,1365.4,392.4,0.998,1323.9,385.1,0.994,1325.0,355.7,0.998,1355.6,203.4,0.988,1347.6,201.0,0.994
1437,57.48,1293.9,545.0,0.0,1286.2,548.2,0.0,1291.3,548.1,0.0,1281.6,551.6,0.0,1296.8,548.0,0.0,1266.8,533.5,0.992,1330.7,528.8,0.99,1190.7,459.7,0.988,1387.1,485.2,0.973,1078.3,399.3,0.974,1406.9,410.0,0.943,1313.6,413.0,0.998,1348.9,415.2,0.998,1335.9,375.2,0.994,1364.0,394.7,0.992,1371.9,221.2,0.969,1394.2,270.6,0.965
1440,57.6,1314.4,566.1,0.0,1306.6,570.4,0.0,1320.2,572.3,0.0,1299.8,559.7,0.0,1321.2,568.6,0.0,1290.1,522.3,0.946,1309.0,538.6,0.955,1288.3,456.2,0.923,1328.1,490.3,0.931,1312.2,321.4,0.942,1401.0,352.7,0.94,1303.1,413.6,0.994,1319.2,424.9,0.994,1341.8,365.2,0.996,1384.2,375.0,0.996,1345.2,274.5,0.996,1421.8,283.4,0.996
1443,57.72,1328.1,428.9,0.0,1323.8,426.2,0.0,1325.1,432.4,0.0,1311.4,436.4,0.0,1315.1,453.4,0.0,1294.0,444.6,0.864,1315.7,484.5,0.947,1306.2,404.6,0.0,1356.3,513.4,0.943,1319.6,288.5,0.885,1442.9,407.6,0.942,1306.5,450.9,0.975,1318.1,472.2,0.983,1393.7,407.5,0.966,1403.5,429.9,0.979,1426.6,369.6,0.959,1421.8,392.6,0.971
1446,57.84,1308.5,464.1,0.0,1302.1,466.4,0.0,1310.6,470.9,0.0,1300.7,473.0,0.0,1312.1,484.8,0.0,1305.5,468.0,0.954,1317.2,491.9,0.974,1299.3,396.1,0.948,1367.8,449.4,0.968,1276.3,299.7,0.96,1454.5,357.9,0.967,1332.8,439.2,0.997,1341.8,450.5,0.998,1331.2,345.4,0.998,1378.0,356.7,0.998,1339.3,290.2,0.998,1431.3,300.8,0.998
1449,57.96,1288.6,552.5,0.0,1277.3,558.6,0.0,1293.0,560.1,0.0,1259.8,560.0,0.0,1285.1,565.2,0.0,1239.2,549.7,0.947,1309.1,542.1,0.966,1164.3,497.8,0.947,1362.3,433.1,0.953,1111.3,387.5,0.956,1374.3,305.9,0.956,1331.2,470.8,0.994,1366.4,475.4,0.994,1347.6,362.1,0.995,1362.3,362.1,0.995,1410.0,267.4,0.996,1425.0,268.9,0.996
1452,58.08,1319.6,555.9,0.0,1312.6,559.2,0.0,1324.2,567.0,0.0,1314.2,551.4,0.0,1328.4,572.1,0.0,1309.1,517.1,0.941,1339.1,547.1,0.976,1291.4,470.8,0.894,1412.1,506.3,0.956,1277.8,364.0,0.929,1487.2,400.1,0.951,1325.7,385.6,0.993,1341.7,399.0,0.994,1343.2,305.6,0.995,1355.6,320.9,0.996,1362.9,197.9,0.997,1388.4,215.5,0.998
1455,58.2,1303.9,567.6,0.0,1297.3,572.1,0.0,1308.5,576.9,0.0,1302.3,568.9,0.0,1313.3,580.9,0.0,1308.4,550.7,0.962,1322.1,548.5,0.976,1262.6,560.2,0.929,1368.7,507.0,0.95,1199.9,482.5,0.951,1409.9,386.9,0.954,1337.5,401.2,0.996,1346.8,400.8,0.996,1331.4,286.7,0.998,1342.5,285.4,0.998,1325.6,166.2,0.999,1365.6,168.7,0.0
1458,58.32,1357.5,518.3,0.0,1349.7,527.9,0.0,1364.3,524.9,0.0,1338.9,537.6,0.0,1363.6,534.4,0.0,1299.8,537.9,0.961,1372.1,510.5,0.96,1201.4,525.5,0.936,1407.1,434.6,0.921,1084.4,483.3,0.943,1467.9,311.2,0.933,1315.6,445.3,0.992,1360.0,434.4,0.992,1313.6,339.6,0.995,1389.6,325.1,0.995,1300.1,266.2,0.996,1400.0,246.3,0.996
1461,58.44,1319.9,485.5,0.0,1311.5,489.6,0.0,1323.2,492.4,0.0,1304.4,497.8,0.0,1318.8,503.8,0.0,1287.6,510.1,0.885,1341.8,486.3,0.927,1197.9,503.6,0.916,1372.4,384.7,0.935,1089.8,391.5,0.938,1385.1,236.6,0.944,1351.5,479.4,0.988,1375.7,475.0,0.988,1347.7,356.1,0.988,1371.5,348.0,0.988,1392.0,261.4,0.986,1412.3,261.3,0.988
1464,58.56,1326.8,545.9,0.0,1321.7,555.9,0.0,1335.2,552.9,0.0,1321.1,562.8,0.0,1340.9,555.0,0.0,1315.9,551.0,0.968,1345.8,512.2,0.975,1251.6,517.9,0.95,1351.5,385.2,0.954,1175.3,426.5,0.954,1377.9,265.3,0.949,1358.8,429.9,0.996,1374.4,417.4,0.996,1348.8,344.4,0.997,1362.1,323.4,0.997,1359.9,239.8,0.998,1387.5,219.9,0.998
1467,58.68,1317.7,412.7,0.0,1316.4,414.6,0.0,1323.6,411.3,0.0,1318.5,431.5,0.0,1338.4,420.7,0.0,1330.7,472.6,0.974,1360.3,423.9,0.986,1254.8,468.9,0.945,1389.0,308.0,0.972,1120.7,417.3,0.927,1392.0,240.4,0.943,1352.1,484.4,0.997,1374.7,461.2,0.998,1236.2,423.0,0.992,1334.1,392.6,0.994,1174.6,358.6,0.984,1365.7,333.1,0.988
1470,58.8,1307.0,551.0,0.0,1300.6,558.5,0.0,1311.6,564.3,0.0,1308.0,556.0,0.0,1321.3,570.1,0.0,1311.1,515.3,0.979,1338.6,527.4,0.986,1279.3,423.8,0.954,1363.6,423.7,0.965,1261.8,313.1,0.962,1408.2,312.3,0.961,1344.7,408.3,0.997,1358.8,415.0,0.997,1346.1,299.1,0.998,1348.2,307.6,0.998,1369.0,210.0,0.999,1373.3,225.6,0.999
1473,58.92,1316.6,471.9,0.0,1309.9,478.8,0.0,1323.1,475.1,0.0,1302.8,492.5,0.0,1326.2,484.7,0.0,1305.6,502.0,0.964,1340.5,484.6,0.98,1218.9,439.4,0.949,1391.0,368.2,0.971,1037.4,363.2,0.946,1428.2,270.8,0.959,1336.1,455.1,0.998,1359.0,444.6,0.998,1243.5,394.1,0.996,1351.2,372.5,0.997,1156.4,306.2,0.994,1363.2,268.7,0.996
1476,59.04,1307.0,409.2,0.0,1303.3,414.3,0.0,1313.0,411.2,0.0,1302.2,433.6,0.0,1318.4,427.7,0.0,1306.5,457.1,0.988,1323.9,455.4,0.992,1245.1,417.3,0.978,1381.9,363.4,0.979,1127.5,363.8,0.969,1441.3,246.6,0.964,1369.4,460.5,0.999,1376.8,462.9,0.999,1318.7,365.9,0.999,1370.4,363.6,0.998,1312.2,308.9,0.998,1435.1,281.8,0.998
1479,59.16,1330.6,408.8,0.0,1326.3,412.9,0.0,1333.3,407.3,0.0,1315.2,430.8,0.0,1334.6,421.0,0.0,1325.0,453.4,0.99,1344.1,442.1,0.994,1258.8,421.1,0.975,1376.8,371.5,0.985,1110.8,362.1,0.954,1404.4,268.1,0.964,1324.7,469.9,0.999,1345.1,459.2,0.999,1186.9,428.8,0.998,1322.5,413.2,0.998,1041.6,365.8,0.993,1301.0,331.9,0.994
1482,59.28,1354.2,447.1,0.0,1349.0,450.9,0.0,1361.1,449.0,0.0,1337.0,461.9,0.0,1365.1,459.7,0.0,1325.7,463.7,0.965,1371.9,472.2,0.975,1284.0,401.7,0.0,1390.0,403.2,0.963,1220.8,328.4,0.94,1404.7,296.8,0.94,1336.4,467.0,0.998,1371.1,468.4,0.998,1239.8,436.8,0.996,1359.9,438.1,0.996,1162.0,371.5,0.991,1356.5,355.0,0.992
1485,59.4,1287.3,519.8,0.0,1276.0,526.5,0.0,1293.3,526.4,0.0,1272.1,532.1,0.0,1318.3,527.3,0.0,1247.4,517.8,0.992,1381.5,494.8,0.994,1110.5,439.9,0.968,1441.1,416.3,0.967,1026.8,387.5,0.941,1401.2,317.7,0.927,1287.5,412.5,0.0,1346.2,399.0,0.992,1229.4,402.8,0.982,1297.3,384.8,0.981,1255.5,304.6,0.964,1303.1,291.2,0.964
1488,59.52,1296.9,549.2,0.0,1289.5,553.8,0.0,1301.9,553.5,0.0,1289.9,548.5,0.0,1323.1,546.0,0.0,1279.0,531.0,0.975,1365.6,498.9,0.964,1220.7,446.2,0.947,1398.9,398.3,0.871,1168.3,403.5,0.939,1372.8,331.8,0.845,1346.7,418.5,0.982,1389.9,402.5,0.974,1305.0,376.7,0.0,1351.1,361.1,0.955,1349.6,261.3,0.907,1377.9,260.0,0.894
1491,59.64,1335.3,584.1,0.0,1323.4,582.5,0.0,1336.3,588.8,0.0,1308.0,561.0,0.0,1337.9,583.9,0.0,1295.5,545.3,0.989,1373.9,537.0,0.969,1275.9,438.9,0.972,1450.9,450.2,0.839,1246.5,371.7,0.954,1403.7,326.7,0.81,1309.2,431.9,0.997,1347.7,429.2,0.993,1368.7,425.3,0.996,1410.6,396.4,0.992,1341.7,232.3,0.991,1368.7,237.6,0.986
1494,59.76,1314.4,557.6,0.0,1306.8,559.1,0.0,1317.2,563.5,0.0,1304.3,556.5,0.0,1331.5,562.4,0.0,1289.3,553.8,0.993,1379.2,521.6,0.995,1227.5,482.6,0.977,1442.0,440.3,0.97,1154.0,449.2,0.96,1420.3,350.1,0.937,1323.4,422.0,0.998,1370.1,404.9,0.997,1320.0,375.2,0.0,1364.1,345.7,0.995,1299.3,222.5,0.987,1324.6,221.7,0.988
1497,59.88,1344.4,583.1,0.0,1340.3,587.3,0.0,1351.6,583.7,0.0,1335.6,570.4,0.0,1361.0,565.2,0.0,1313.3,530.5,0.989,1361.9,522.0,0.988,1218.6,448.3,0.979,1296.7,463.0,0.965,1125.6,412.0,0.967,1169.0,421.9,0.945,1306.0,410.8,0.0,1333.2,407.7,0.0,1311.8,375.4,0.0,1343.0,369.2,0.996,1276.0,221.3,0.985,1303.1,221.7,0.986
1500,60.0,1305.4,539.7,0.0,1294.4,540.7,0.0,1308.6,551.1,0.0,1303.0,537.5,0.0,1339.6,558.3,0.0,1309.7,514.9,0.983,1401.7,526.4,0.994,1301.1,435.3,0.943,1515.2,488.2,0.97,1254.7,360.0,0.916,1577.0,444.3,0.918,1313.5,404.9,0.0,1360.0,415.1,0.991,1320.0,383.6,0.979,1369.6,431.8,0.983,1377.6,224.6,0.94,1427.4,322.5,0.953
1503,60.12,1305.7,545.3,0.0,1298.7,555.1,0.0,1310.7,552.5,0.0,1286.1,561.2,0.0,1320.4,559.9,0.0,1250.9,540.6,0.987,1337.5,529.0,0.972,1159.3,458.6,0.985,1335.9,470.0,0.935,1132.9,444.7,0.983,1321.2,426.4,0.943,1310.4,425.1,0.997,1356.0,422.9,0.995,1305.7,363.2,0.0,1354.1,368.4,0.992,1382.8,258.5,0.978,1412.3,279.8,0.971
1506,60.24,1308.1,535.5,0.0,1297.8,538.9,0.0,1310.5,544.6,0.0,1298.3,541.4,0.0,1330.1,548.4,0.0,1298.1,527.3,0.99,1383.2,507.3,0.995,1267.6,456.1,0.966,1469.0,464.8,0.976,1241.3,433.2,0.95,1547.8,449.8,0.946,1326.2,397.9,0.994,1371.1,384.1,0.995,1327.7,347.2,0.987,1369.3,327.5,0.99,1341.6,207.0,0.963,1378.0,208.1,0.971
1509,60.36,1335.6,543.5,0.0,1321.9,545.2,0.0,1334.3,550.7,0.0,1311.9,526.9,0.0,1338.1,548.3,0.0,1321.2,481.0,0.921,1365.1,503.2,0.982,1375.3,394.6,0.904,1455.1,476.8,0.979,1429.9,308.1,0.923,1514.4,427.3,0.971,1304.1,327.6,0.981,1333.2,339.7,0.991,1351.7,315.6,0.945,1382.8,322.5,0.972,1350.7,171.0,0.851,1386.3,197.4,0.913
1512,60.48,1385.6,528.9,0.0,1376.7,535.8,0.0,1379.1,530.6,0.0,1353.4,533.9,0.0,1358.0,525.8,0.0,1349.4,490.2,0.991,1344.4,487.6,0.989,1420.2,430.5,0.98,1406.5,463.4,0.973,1487.5,392.7,0.949,1506.6,405.1,0.938,1326.2,338.8,0.997,1335.8,337.4,0.997,1366.1,306.0,0.99,1367.2,299.6,0.989,1326.2,149.1,0.963,1340.6,159.3,0.965
1515,60.6,1366.6,537.3,0.0,1358.7,544.2,0.0,1358.6,534.4,0.0,1345.2,546.0,0.0,1343.3,518.3,0.0,1347.9,494.7,0.988,1336.3,486.1,0.989,1425.0,445.0,0.966,1399.0,481.3,0.966,1492.7,404.6,0.912,1492.7,423.6,0.92,1330.7,325.8,0.995,1338.5,320.1,0.995,1359.3,295.6,0.97,1357.9,298.5,0.973,1349.3,163.9,0.0,1354.8,179.7,0.912
1518,60.72,1341.8,541.1,0.0,1328.4,546.4,0.0,1342.4,547.5,0.0,1313.0,538.5,0.0,1346.3,542.4,0.0,1304.4,490.4,0.969,1371.5,507.2,0.994,1337.6,407.7,0.932,1461.2,478.4,0.987,1397.8,338.5,0.92,1493.9,415.2,0.973,1301.3,351.5,0.992,1339.7,361.3,0.996,1327.9,320.2,0.973,1374.6,335.4,0.987,1332.4,188.4,0.93,1377.9,215.7,0.961
1521,60.84,1349.7,540.1,0.0,1339.0,544.8,0.0,1346.6,544.7,0.0,1320.8,535.5,0.0,1339.8,535.9,0.0,1312.2,492.9,0.984,1354.2,506.2,0.993,1333.0,414.8,0.962,1433.7,483.1,0.983,1353.8,324.0,0.94,1505.6,406.4,0.957,1305.6,376.5,0.995,1333.0,384.5,0.997,1353.9,359.6,0.982,1382.5,369.6,0.988,1365.8,238.7,0.934,1399.8,268.0,0.953
1524,60.96,1337.8,559.5,0.0,1324.9,561.8,0.0,1332.7,566.3,0.0,1313.3,550.2,0.0,1329.1,561.5,0.0,1335.1,508.0,0.98,1350.9,503.5,0.985,1402.1,416.8,0.944,1413.5,428.6,0.954,1418.2,331.0,0.909,1401.8,356.5,0.917,1343.9,366.7,0.989,1359.7,365.2,0.99,1399.5,352.5,0.955,1414.7,349.9,0.961,1368.2,218.8,0.86,1388.8,239.0,0.883
1527,61.08,1320.7,554.0,0.0,1313.1,556.1,0.0,1314.0,553.7,0.0,1313.8,553.2,0.0,1314.1,539.0,0.0,1339.5,523.8,0.983,1337.6,493.8,0.0,1407.1,451.9,0.923,1405.5,434.0,0.992,1439.2,392.3,0.87,1452.4,372.1,0.972,1338.6,379.2,0.995,1346.8,360.2,0.998,1370.4,345.5,0.982,1367.1,330.5,0.993,1382.6,201.1,0.944,1378.7,205.4,0.974
1530,61.2,1308.4,547.3,0.0,1294.1,546.4,0.0,1306.5,559.7,0.0,1288.4,532.1,0.0,1316.8,566.0,0.0,1305.5,508.5,0.977,1350.0,522.9,0.992,1324.6,433.4,0.931,1393.4,411.3,0.981,1321.9,366.4,0.917,1366.3,282.5,0.965,1360.3,403.2,0.994,1388.7,418.4,0.996,1365.8,342.0,0.985,1398.3,354.8,0.991,1394.2,233.6,0.961,1431.7,253.2,0.975
1533,61.32,1298.8,546.4,0.0,1290.8,546.0,0.0,1301.5,551.9,0.0,1293.3,534.1,0.0,1321.9,550.4,0.0,1274.5,526.2,0.989,1385.3,504.8,0.994,1118.5,480.7,0.972,1453.7,438.5,0.978,974.9,478.8,0.955,1469.5,346.5,0.956,1308.6,384.1,0.993,1357.8,378.3,0.994,1325.0,357.8,0.983,1365.2,352.5,0.984,1339.6,205.0,0.954,1362.1,226.9,0.961
1536,61.44,1306.1,544.1,0.0,1300.4,546.4,0.0,1299.0,541.8,0.0,1304.2,548.8,0.0,1300.3,531.1,0.0,1334.5,530.7,0.992,1328.2,496.9,0.999,1428.4,491.5,0.96,1410.7,459.9,0.994,1547.8,470.3,0.911,1511.3,387.0,0.977,1325.9,377.1,0.996,1333.3,354.7,0.998,1339.2,354.6,0.983,1334.8,331.9,0.992,1352.7,201.1,0.946,1339.5,190.4,0.972
1539,61.56,1301.7,539.1,0.0,1296.9,541.9,0.0,1296.2,538.0,0.0,1305.2,546.4,0.0,1302.5,534.2,0.0,1335.8,524.3,0.981,1331.5,504.0,0.996,1431.7,488.6,0.941,1415.7,470.8,0.988,1557.3,473.9,0.882,1533.0,422.3,0.963,1325.6,363.9,0.991,1334.9,350.7,0.996,1333.5,332.7,0.963,1331.9,323.6,0.981,1343.8,186.0,0.9,1335.1,185.8,0.941
1542,61.68,1282.2,538.8,0.0,1277.7,540.6,0.0,1286.7,544.8,0.0,1288.4,541.8,0.0,1314.4,540.8,0.0,1272.6,534.7,0.996,1365.1,507.1,0.999,1122.2,453.7,0.987,1412.5,481.0,0.993,1024.9,434.3,0.97,1534.5,487.0,0.975,1300.2,435.1,0.998,1344.3,417.1,0.999,1280.5,345.0,0.995,1311.5,326.9,0.997,1291.8,175.0,0.986,1320.5,182.9,0.991
1545,61.8,1292.4,535.2,0.0,1287.7,535.1,0.0,1285.5,535.1,0.0,1299.3,536.4,0.0,1293.3,526.9,0.0,1328.3,527.2,0.991,1326.4,488.3,0.998,1371.8,479.4,0.963,1399.1,450.2,0.993,1387.3,469.7,0.924,1483.6,371.4,0.974,1344.8,376.0,0.996,1354.4,353.1,0.998,1347.4,325.9,0.984,1338.7,303.2,0.993,1349.9,164.2,0.947,1337.3,172.7,0.97
1548,61.92,1315.2,539.0,0.0,1312.7,541.9,0.0,1312.3,534.5,0.0,1316.0,546.7,0.0,1316.4,519.5,0.0,1301.2,533.1,0.996,1354.2,500.9,0.999,1208.0,452.1,0.983,1421.3,450.2,0.992,1072.4,429.8,0.959,1496.6,382.8,0.967,1309.7,395.3,0.999,1338.5,376.8,0.999,1297.9,352.0,0.995,1302.4,344.9,0.997,1280.1,189.1,0.986,1268.8,194.5,0.99
1551,62.04,1301.7,533.1,0.0,1291.1,536.2,0.0,1307.0,537.9,0.0,1289.0,530.6,0.0,1329.2,535.3,0.0,1260.9,514.2,0.992,1391.6,501.8,0.995,1139.5,452.1,0.982,1482.6,464.5,0.978,1056.8,430.3,0.966,1538.5,402.5,0.944,1273.7,378.6,0.996,1333.7,374.5,0.996,1238.3,371.9,0.992,1298.9,381.2,0.991,1260.5,207.6,0.981,1303.4,252.4,0.982
1554,62.16,1291.2,527.8,0.0,1282.3,529.3,0.0,1295.6,533.7,0.0,1282.2,529.6,0.0,1317.1,535.4,0.0,1256.4,535.8,0.99,1369.6,503.5,0.997,1139.3,449.0,0.985,1441.7,466.1,0.991,1087.3,438.3,0.977,1506.6,418.8,0.977,1289.0,432.2,0.999,1341.5,412.3,0.999,1316.1,375.7,0.998,1361.8,348.2,0.998,1334.2,195.1,0.993,1361.5,211.5,0.995
1557,62.28,1306.2,537.8,0.0,1298.8,535.6,0.0,1305.7,537.9,0.0,1296.8,527.0,0.0,1312.7,529.7,0.0,1297.6,534.4,0.99,1350.6,488.7,0.99,1275.0,470.8,0.972,1410.6,394.5,0.954,1243.7,434.9,0.961,1418.3,302.1,0.925,1323.0,427.8,0.997,1350.7,403.4,0.997,1347.8,400.7,0.996,1369.0,367.5,0.995,1357.6,212.0,0.989,1365.7,205.8,0.989
1560,62.4,1293.8,524.4,0.0,1288.4,525.5,0.0,1296.8,527.8,0.0,1287.1,526.5,0.0,1309.7,530.8,0.0,1268.0,534.8,0.996,1345.6,498.7,0.994,1160.5,475.8,0.994,1350.5,423.9,0.982,1117.2,456.9,0.988,1294.6,367.9,0.972,1304.1,428.8,1.0,1343.2,410.2,1.0,1320.1,350.6,1.0,1358.3,323.5,0.999,1325.6,182.6,0.998,1342.9,176.4,0.998
1563,62.52,1314.9,534.6,0.0,1308.0,539.5,0.0,1315.3,536.6,0.0,1300.6,545.4,0.0,1320.9,533.3,0.0,1282.1,539.9,0.99,1351.0,496.3,0.995,1207.6,481.5,0.978,1391.9,393.0,0.986,1112.4,447.7,0.96,1355.4,298.3,0.966,1302.9,429.3,0.998,1337.3,407.1,0.999,1301.8,384.7,0.996,1332.1,358.2,0.996,1293.8,255.4,0.986,1313.2,244.6,0.989
1566,62.64,1283.7,522.6,0.0,1277.9,528.3,0.0,1286.7,529.3,0.0,1283.2,536.8,0.0,1309.6,535.8,0.0,1277.2,533.8,0.978,1359.0,498.6,0.994,1196.2,469.0,0.953,1394.6,377.0,0.986,1123.1,455.6,0.933,1343.2,261.8,0.968,1327.0,421.4,0.997,1367.5,405.6,0.998,1297.7,360.5,0.0,1335.7,334.8,0.996,1319.5,216.8,0.986,1339.8,204.4,0.991
1569,62.76,1259.8,484.6,0.0,1254.6,489.1,0.0,1264.4,483.9,0.0,1252.8,499.4,0.0,1278.9,482.3,0.0,1248.5,506.9,0.983,1290.9,481.9,0.978,1182.1,479.2,0.973,1239.2,468.3,0.939,1143.2,420.2,0.956,1157.4,413.9,0.912,1290.1,462.9,0.998,1315.7,449.3,0.997,1290.0,415.5,0.997,1326.3,413.5,0.996,1324.9,260.0,0.989,1366.7,269.4,0.987
1572,62.88,1300.9,522.3,0.0,1291.4,525.0,0.0,1300.0,525.6,0.0,1288.5,523.8,0.0,1310.2,518.4,0.0,1280.9,511.9,0.99,1351.2,481.5,0.996,1176.2,462.1,0.98,1363.3,388.1,0.992,1113.4,436.4,0.968,1333.0,295.0,0.983,1368.6,405.5,0.998,1404.0,393.5,0.999,1303.2,333.1,0.996,1338.6,322.0,0.997,1335.8,218.1,0.988,1362.3,211.1,0.992
1575,63.0,1310.9,372.5,0.0,1307.6,377.9,0.0,1317.9,369.1,0.0,1297.9,399.8,0.0,1328.9,376.8,0.0,1304.6,438.4,0.995,1326.9,376.2,0.994,1243.7,455.7,0.986,1373.1,291.2,0.985,1161.5,419.5,0.965,1444.7,219.2,0.964,1346.0,465.3,0.999,1367.4,445.3,0.999,1319.6,410.0,0.998,1427.5,381.0,0.998,1267.5,395.8,0.994,1493.7,367.3,0.995
1578,63.12,1328.2,445.1,0.0,1324.9,450.8,0.0,1334.7,448.8,0.0,1323.7,461.5,0.0,1338.9,455.3,0.0,1322.2,458.4,0.952,1346.7,435.4,0.975,1225.7,427.8,0.944,1388.7,326.4,0.967,1031.6,374.6,0.927,1424.7,228.8,0.946,1372.7,431.5,0.995,1384.1,422.7,0.996,1310.8,384.2,0.988,1387.8,366.9,0.99,1296.2,316.4,0.973,1451.5,287.0,0.979
1581,63.24,1316.5,477.6,0.0,1313.4,485.5,0.0,1326.2,480.4,0.0,1313.9,494.5,0.0,1335.6,479.9,0.0,1295.3,489.6,0.958,1351.5,447.0,0.0,1202.5,468.9,0.953,1400.6,343.6,0.959,1054.5,403.6,0.94,1443.0,264.8,0.942,1348.0,415.8,0.997,1375.7,400.9,0.997,1335.5,379.7,0.995,1388.4,351.6,0.995,1337.9,299.7,0.992,1412.5,264.2,0.993
1584,63.36,1334.2,475.5,0.0,1327.8,480.3,0.0,1344.5,480.4,0.0,1327.8,486.2,0.0,1355.1,484.2,0.0,1331.3,485.4,0.94,1356.3,475.7,0.943,1224.9,440.3,0.949,1387.1,365.6,0.92,1050.4,366.2,0.945,1389.9,246.1,0.916,1382.6,452.6,0.994,1390.6,450.3,0.993,1339.9,365.4,0.992,1373.2,359.5,0.989,1321.3,293.1,0.989,1420.6,272.7,0.988
1587,63.48,1341.8,524.6,0.0,1334.3,528.9,0.0,1347.7,532.3,0.0,1336.1,524.2,0.0,1347.6,530.7,0.0,1347.2,505.9,0.92,1357.4,502.3,0.917,1319.7,470.7,0.939,1396.5,405.2,0.92,1235.3,398.1,0.952,1415.1,296.2,0.928,1380.5,427.7,0.996,1383.6,428.7,0.995,1345.0,384.3,0.996,1386.5,384.5,0.995,1322.3,273.5,0.995,1410.9,269.0,0.995
1590,63.6,1335.6,534.6,0.0,1329.3,538.5,0.0,1344.6,537.8,0.0,1336.3,530.3,0.0,1354.0,527.0,0.0,1330.7,510.8,0.912,1374.0,496.6,0.952,1307.4,455.2,0.881,1400.2,393.8,0.929,1263.7,371.0,0.922,1375.4,313.4,0.938,1377.1,448.5,0.985,1403.2,444.6,0.987,1334.9,403.0,0.985,1392.4,392.5,0.986,1319.3,324.1,0.975,1419.0,303.9,0.98
1593,63.72,1347.9,527.0,0.0,1341.8,534.1,0.0,1354.2,534.2,0.0,1337.9,534.1,0.0,1351.7,534.7,0.0,1335.7,515.0,0.946,1347.8,499.1,0.966,1310.9,500.4,0.94,1392.7,412.0,0.96,1276.1,458.2,0.952,1461.0,328.2,0.955,1364.6,423.1,0.997,1368.7,421.0,0.997,1362.2,340.9,0.997,1372.0,335.8,0.997,1376.7,257.1,0.998,1411.4,250.2,0.998
1596,63.84,1327.3,496.3,0.0,1320.5,501.9,0.0,1335.7,502.8,0.0,1317.9,504.8,0.0,1337.7,506.2,0.0,1303.2,490.2,0.872,1325.6,497.9,0.869,1207.9,477.3,0.93,1377.6,467.1,0.87,1053.3,371.3,0.942,1432.2,313.0,0.904,1348.0,436.6,0.0,1351.7,443.2,0.0,1371.9,342.7,0.991,1377.7,342.8,0.988,1388.5,259.6,0.992,1423.1,239.0,0.991
1599,63.96,1331.9,450.8,0.0,1328.8,452.1,0.0,1341.4,453.6,0.0,1336.6,458.6,0.0,1354.2,457.1,0.0,1335.3,475.7,0.816,1368.4,450.7,0.864,1247.7,472.4,0.888,1402.9,360.5,0.885,1111.2,393.9,0.923,1398.7,262.3,0.904,1372.0,451.0,0.98,1384.5,441.3,0.98,1326.4,370.7,0.978,1352.2,356.0,0.975,1333.4,300.1,0.973,1393.2,284.6,0.975
1602,64.08,1267.1,365.9,0.0,1261.2,371.8,0.0,1275.5,367.6,0.0,1256.2,392.2,0.0,1282.4,379.5,0.0,1249.8,422.9,0.882,1304.6,396.5,0.954,1207.9,430.6,0.877,1347.6,334.5,0.952,1126.9,373.3,0.901,1388.2,164.8,0.95,1341.4,438.4,0.0,1371.6,431.5,0.986,1346.1,317.8,0.973,1375.1,303.3,0.983,1381.3,249.8,0.974,1414.8,212.8,0.983
1605,64.2,1299.1,455.9,0.0,1293.6,465.7,0.0,1305.3,461.1,0.0,1294.5,476.1,0.0,1307.4,464.2,0.0,1288.4,480.9,0.947,1328.6,424.0,0.959,1226.2,476.4,0.919,1352.7,304.1,0.939,1106.5,454.6,0.92,1376.2,213.0,0.936,1352.9,404.4,0.988,1370.9,383.4,0.989,1358.8,308.5,0.987,1368.7,278.5,0.989,1387.1,229.1,0.987,1392.5,200.1,0.99
1608,64.32,1331.7,483.7,0.0,1325.5,489.0,0.0,1335.6,491.3,0.0,1328.4,491.7,0.0,1340.6,498.4,0.0,1348.8,470.3,0.929,1342.3,473.6,0.942,1359.8,386.9,0.913,1355.0,389.6,0.928,1367.8,273.1,0.937,1388.2,299.5,0.936,1372.5,385.1,0.991,1369.6,387.3,0.991,1373.0,283.0,0.992,1373.7,282.8,0.993,1364.2,202.9,0.994,1389.9,209.7,0.995
1611,64.44,1349.0,375.4,0.0,1345.4,379.1,0.0,1353.7,377.4,0.0,1345.3,396.9,0.0,1364.8,393.6,0.0,1357.4,416.0,0.95,1370.9,403.4,0.964,1361.0,365.4,0.925,1377.2,324.0,0.948,1362.5,266.4,0.927,1388.9,219.1,0.933,1372.0,421.3,0.989,1383.1,416.1,0.991,1347.8,317.9,0.983,1372.3,310.8,0.985,1339.3,283.0,0.979,1392.0,276.9,0.982
1614,64.56,1336.2,394.7,0.0,1334.3,397.5,0.0,1338.2,397.9,0.0,1337.6,409.4,0.0,1336.1,408.9,0.0,1337.5,435.5,0.947,1342.3,402.7,0.972,1299.2,432.3,0.929,1337.2,309.2,0.961,1254.3,380.6,0.942,1377.7,239.3,0.955,1371.2,383.4,0.995,1370.9,374.6,0.996,1362.5,325.6,0.993,1365.6,313.5,0.994,1418.0,239.7,0.991,1420.1,241.3,0.993
1617,64.68,1363.3,408.5,0.0,1360.3,411.4,0.0,1365.1,410.6,0.0,1366.5,416.3,0.0,1370.8,412.3,0.0,1376.9,434.2,0.966,1388.2,379.5,0.979,1305.8,425.6,0.939,1382.0,259.0,0.968,1189.8,377.2,0.941,1393.1,179.4,0.96,1381.9,409.5,0.994,1388.8,385.1,0.996,1341.1,298.3,0.993,1372.0,270.3,0.995,1299.1,247.0,0.991,1369.6,239.0,0.994
1620,64.8,1390.6,462.4,0.0,1384.7,466.0,0.0,1394.6,468.5,0.0,1385.6,460.9,0.0,1399.5,470.1,0.0,1388.0,437.9,0.965,1391.7,448.2,0.984,1368.2,367.9,0.931,1387.6,373.0,0.971,1352.6,273.2,0.95,1437.5,274.7,0.967,1372.4,391.6,0.996,1378.3,395.4,0.997,1348.7,287.5,0.996,1385.4,293.5,0.997,1302.4,229.3,0.996,1383.5,238.0,0.997
1623,64.92,1374.1,480.1,0.0,1369.6,485.2,0.0,1379.9,485.8,0.0,1374.8,481.7,0.0,1388.2,483.4,0.0,1381.1,464.4,0.978,1393.6,448.7,0.984,1312.3,408.5,0.962,1401.9,341.3,0.97,1229.5,357.4,0.963,1442.8,267.2,0.963,1385.7,369.7,0.998,1399.4,361.4,0.999,1316.1,295.8,0.999,1395.1,287.0,0.999,1252.4,212.8,0.999,1412.8,209.6,0.999
1626,65.04,1353.2,359.8,0.0,1351.4,358.7,0.0,1356.6,357.0,0.0,1358.2,366.3,0.0,1374.0,363.9,0.0,1372.5,389.6,0.995,1398.7,381.9,0.993,1357.8,340.5,0.986,1365.3,326.8,0.982,1334.0,249.7,0.977,1376.2,230.7,0.97,1367.3,425.9,0.999,1395.5,416.2,0.999,1257.3,339.2,0.999,1363.1,327.6,0.999,1168.0,289.7,0.997,1326.4,278.8,0.998
1629,65.16,1337.2,352.8,0.0,1336.9,351.2,0.0,1344.1,348.5,0.0,1344.6,366.8,0.0,1372.2,358.9,0.0,1358.8,400.5,0.991,1405.9,376.9,0.982,1342.6,378.7,0.975,1429.3,308.9,0.953,1308.8,298.0,0.938,1435.5,207.9,0.879,1325.8,458.0,0.998,1356.0,438.7,0.997,1200.6,423.3,0.992,1253.5,404.9,0.989,1063.5,386.2,0.976,1140.8,364.0,0.972
1632,65.28,1381.3,366.9,0.0,1379.9,366.8,0.0,1388.6,365.3,0.0,1381.7,382.7,0.0,1403.9,379.2,0.0,1385.4,421.0,0.969,1397.0,407.0,0.966,1328.0,425.7,0.949,1394.8,379.6,0.936,1262.8,331.3,0.924,1425.6,271.7,0.894,1358.5,475.0,0.989,1368.1,464.1,0.987,1263.8,382.4,0.959,1320.3,370.6,0.0,1179.5,316.9,0.922,1303.4,303.2,0.922
1635,65.4,1334.1,360.1,0.0,1337.0,353.0,0.0,1338.3,352.7,0.0,1354.0,358.0,0.0,1353.0,354.3,0.0,1366.4,403.0,0.967,1371.7,390.4,0.964,1315.0,433.4,0.946,1368.5,374.2,0.909,1171.7,381.9,0.942,1349.0,284.0,0.908,1393.5,450.9,0.979,1390.5,442.3,0.975,1339.2,396.9,0.953,1336.8,383.8,0.939,1330.8,382.9,0.884,1340.1,357.5,0.879
1638,65.52,1350.2,368.3,0.0,1344.6,367.6,0.0,1354.2,368.0,0.0,1339.7,377.6,0.0,1369.3,381.1,0.0,1354.7,398.3,0.977,1380.6,411.8,0.985,1374.6,327.1,0.949,1388.9,364.7,0.0,1363.0,232.5,0.938,1402.5,275.7,0.94,1379.6,428.6,0.992,1398.7,433.5,0.993,1369.3,310.0,0.985,1402.0,312.7,0.987,1387.7,280.2,0.975,1439.2,277.9,0.979
1641,65.64,1346.3,379.5,0.0,1343.8,379.8,0.0,1352.9,376.7,0.0,1343.7,389.6,0.0,1372.2,381.6,0.0,1364.5,411.8,0.984,1386.3,383.4,0.984,1315.4,398.4,0.963,1390.0,311.9,0.968,1196.2,324.7,0.931,1386.9,236.2,0.928,1343.4,435.0,0.998,1369.2,416.0,0.998,1208.3,409.3,0.992,1342.0,385.3,0.993,1054.5,358.3,0.976,1304.5,333.7,0.979
1644,65.76,1378.5,382.5,0.0,1376.2,383.9,0.0,1381.3,382.0,0.0,1375.7,395.8,0.0,1384.5,393.2,0.0,1379.9,413.4,0.96,1389.8,405.2,0.952,1379.3,385.3,0.952,1393.5,367.1,0.95,1366.3,298.4,0.951,1419.8,288.7,0.937,1344.6,420.6,0.997,1359.6,412.1,0.997,1256.0,371.9,0.995,1349.1,362.1,0.995,1145.6,312.6,0.991,1298.9,302.6,0.991
1647,65.88,1390.4,472.9,0.0,1383.3,472.8,0.0,1391.3,479.4,0.0,1379.7,462.7,0.0,1385.8,482.3,0.0,1377.0,442.4,0.949,1373.4,474.2,0.961,1342.4,389.4,0.924,1401.3,445.0,0.941,1326.3,297.6,0.945,1485.0,349.0,0.945,1346.9,363.6,0.995,1351.4,376.5,0.995,1318.1,292.3,0.996,1387.9,313.7,0.996,1242.2,207.8,0.996,1390.2,236.2,0.996
1650,66.0,1331.8,338.9,0.0,1325.1,337.7,0.0,1330.6,335.2,0.0,1309.1,355.4,0.0,1331.8,354.0,0.0,1321.0,401.4,0.983,1356.9,391.5,0.984,1252.7,389.9,0.954,1402.2,334.0,0.964,1134.2,335.3,0.917,1401.7,226.4,0.925,1290.9,431.6,0.997,1324.7,420.8,0.997,1166.6,385.4,0.992,1315.3,380.0,0.993,973.1,348.2,0.978,1247.7,340.1,0.98
1653,66.12,1326.6,337.4,0.0,1326.1,336.2,0.0,1327.8,330.2,0.0,1328.2,353.3,0.0,1333.4,339.5,0.0,1342.0,403.5,0.983,1368.2,353.2,0.971,1296.4,399.7,0.956,1405.8,260.2,0.945,1205.5,308.2,0.92,1416.4,171.0,0.888,1290.1,422.6,0.995,1297.8,390.8,0.994,1163.8,412.9,0.977,1174.5,377.8,0.97,986.3,343.6,0.931,1011.1,315.4,0.923
1656,66.24,1346.5,382.8,0.0,1342.6,388.2,0.0,1352.2,381.3,0.0,1336.0,404.7,0.0,1355.5,390.3,0.0,1336.3,422.7,0.961,1372.1,393.2,0.97,1322.5,370.1,0.937,1402.0,293.1,0.967,1316.4,309.5,0.915,1401.7,222.9,0.937,1317.8,409.2,0.996,1341.6,391.7,0.997,1215.1,390.0,0.988,1279.5,369.6,0.989,1081.7,312.3,0.973,1196.2,285.7,0.977
1659,66.36,1325.7,334.5,0.0,1325.5,336.3,0.0,1331.3,334.6,0.0,1330.9,354.2,0.0,1341.8,349.4,0.0,1316.4,387.5,0.966,1355.4,377.5,0.981,1285.0,370.2,0.96,1385.7,314.7,0.969,1210.8,350.0,0.964,1397.8,218.0,0.966,1353.9,386.7,0.997,1376.2,385.0,0.997,1370.7,347.6,0.996,1409.0,341.2,0.996,1422.9,326.3,0.992,1473.1,302.3,0.994
1662,66.48,1326.9,338.8,0.0,1331.9,337.9,0.0,1330.2,330.8,0.0,1346.0,351.9,0.0,1346.1,334.3,0.0,1349.4,370.9,0.995,1384.1,342.6,0.97,1355.5,326.6,0.988,1383.2,282.5,0.924,1359.0,256.1,0.964,1393.1,211.2,0.856,1317.9,416.0,0.999,1330.8,393.5,0.997,1211.6,431.1,0.995,1187.9,404.1,0.988,1081.5,414.8,0.981,1004.7,376.7,0.97
1665,66.6,1320.0,331.6,0.0,1322.4,331.2,0.0,1325.0,327.3,0.0,1331.9,342.0,0.0,1341.4,330.2,0.0,1334.4,372.4,0.992,1366.3,342.0,0.991,1336.6,352.1,0.0,1375.1,270.6,0.975,1324.9,303.4,0.969,1370.0,216.5,0.96,1378.9,419.4,0.998,1408.4,409.1,0.998,1342.2,358.5,0.996,1435.7,338.9,0.996,1355.8,336.3,0.99,1503.1,314.5,0.991
1668,66.72,1314.0,340.3,0.0,1314.5,337.0,0.0,1319.4,334.6,0.0,1323.1,348.8,0.0,1339.5,340.3,0.0,1341.5,396.3,0.983,1369.3,361.9,0.965,1311.5,403.7,0.963,1386.9,289.7,0.914,1245.9,361.4,0.942,1377.2,223.4,0.874,1339.6,438.6,0.994,1368.4,418.8,0.991,1198.3,377.5,0.982,1317.0,355.4,0.0,1090.1,325.5,0.957,1305.0,304.6,0.951
1671,66.84,1369.3,401.8,0.0,1364.2,400.0,0.0,1379.3,401.6,0.0,1359.2,399.0,0.0,1385.4,400.5,0.0,1335.8,408.7,0.752,1389.6,403.0,0.876,1248.6,412.4,0.84,1407.1,338.7,0.897,1111.8,389.3,0.891,1402.5,246.7,0.913,1371.9,410.6,0.953,1396.2,411.3,0.961,1360.4,334.0,0.933,1393.4,334.4,0.938,1388.6,300.0,0.901,1433.8,286.6,0.916
1674,66.96,1449.9,375.3,0.0,1447.6,377.1,0.0,1453.5,373.7,0.0,1424.3,390.8,0.0,1434.5,388.0,0.0,1373.3,408.2,0.857,1399.3,413.5,0.866,1266.4,419.6,0.913,1389.7,414.8,0.88,1147.4,354.2,0.926,1416.8,301.9,0.897,1324.0,459.6,0.977,1335.8,460.0,0.972,1278.0,364.9,0.968,1328.8,365.3,0.0,1220.3,337.1,0.955,1309.3,321.0,0.946
1677,67.08,1345.8,374.0,0.0,1345.0,372.5,0.0,1353.8,372.0,0.0,1342.8,384.1,0.0,1365.3,379.7,0.0,1308.9,421.9,0.884,1385.1,392.7,0.915,1196.2,416.1,0.898,1401.6,304.8,0.901,1150.4,342.6,0.911,1383.9,214.7,0.9,1331.1,467.5,0.968,1378.8,458.1,0.968,1263.3,350.5,0.952,1351.1,343.3,0.947,1248.7,311.6,0.931,1384.5,313.5,0.934
1680,67.2,1370.5,385.5,0.0,1365.0,387.1,0.0,1372.7,388.0,0.0,1358.0,398.7,0.0,1373.5,402.2,0.0,1371.1,410.3,0.932,1377.9,410.4,0.953,1386.8,351.9,0.921,1384.0,327.5,0.944,1368.8,258.7,0.925,1381.8,218.3,0.928,1380.8,437.8,0.99,1389.1,436.5,0.991,1321.9,329.3,0.983,1363.7,327.8,0.984,1296.1,280.2,0.978,1379.2,276.3,0.98
1683,67.32,1427.9,392.5,0.0,1425.7,397.5,0.0,1435.2,394.7,0.0,1405.3,418.5,0.0,1427.2,416.1,0.0,1353.8,444.0,0.0,1415.6,441.5,0.969,1256.1,417.7,0.869,1402.0,381.0,0.929,1208.3,331.0,0.897,1388.3,252.5,0.925,1358.9,439.9,0.0,1393.0,441.3,0.976,1335.7,316.1,0.959,1380.5,320.3,0.965,1369.0,265.7,0.946,1423.0,262.7,0.954
1686,67.44,1369.0,380.9,0.0,1363.1,380.5,0.0,1377.1,380.2,0.0,1348.8,388.1,0.0,1391.6,389.1,0.0,1349.2,394.7,0.945,1382.4,401.8,0.967,1364.1,320.6,0.921,1380.6,327.0,0.948,1371.5,245.4,0.899,1384.9,230.1,0.914,1350.6,436.8,0.0,1375.7,440.7,0.987,1347.8,317.5,0.961,1388.0,323.1,0.967,1365.0,313.1,0.94,1439.0,313.0,0.949
1689,67.56,1339.0,372.9,0.0,1333.6,371.0,0.0,1343.0,371.6,0.0,1328.7,381.3,0.0,1347.6,382.0,0.0,1334.8,418.6,0.93,1362.7,402.7,0.938,1282.1,428.1,0.94,1401.2,339.6,0.933,1181.2,361.7,0.941,1414.2,242.9,0.925,1374.3,465.6,0.992,1390.0,460.9,0.991,1326.4,391.2,0.985,1377.5,383.3,0.982,1302.6,350.3,0.972,1406.2,340.2,0.972
1692,67.68,1339.6,347.4,0.0,1336.5,345.8,0.0,1340.3,346.5,0.0,1326.3,356.9,0.0,1341.4,358.3,0.0,1329.8,376.7,0.971,1344.1,383.0,0.99,1364.1,333.3,0.949,1387.4,352.5,0.985,1382.2,261.4,0.938,1426.0,282.9,0.972,1363.1,441.9,0.996,1373.1,449.0,0.998,1405.1,417.0,0.991,1432.1,420.9,0.995,1455.6,423.8,0.978,1507.5,427.2,0.986
1695,67.8,1305.4,486.7,0.0,1296.8,490.6,0.0,1313.7,487.9,0.0,1283.3,488.1,0.0,1316.2,482.4,0.0,1258.9,474.5,0.928,1343.3,461.9,0.955,1191.6,444.2,0.915,1397.4,371.5,0.935,1083.8,386.1,0.917,1396.7,260.0,0.932,1349.2,416.7,0.977,1396.7,417.2,0.979,1356.9,374.9,0.96,1416.0,366.9,0.961,1394.0,322.0,0.922,1470.9,295.2,0.931
1698,67.92,1335.1,369.0,0.0,1334.8,372.7,0.0,1339.5,369.4,0.0,1332.7,389.9,0.0,1346.6,383.5,0.0,1333.1,407.2,0.985,1351.0,399.4,0.983,1279.7,368.4,0.976,1365.3,334.8,0.968,1200.0,321.3,0.959,1395.2,260.5,0.945,1353.7,419.8,0.0,1378.9,416.2,0.999,1267.9,416.9,0.998,1416.6,408.8,0.998,1197.8,368.7,0.994,1469.6,350.3,0.995
1701,68.04,1318.1,341.8,0.0,1321.6,342.0,0.0,1318.4,337.8,0.0,1338.3,357.9,0.0,1319.8,346.8,0.0,1338.2,393.5,0.993,1350.6,356.8,0.951,1369.4,373.0,0.994,1327.5,309.2,0.921,1407.0,271.0,0.985,1356.7,262.1,0.899,1377.1,413.9,1.0,1360.6,399.3,0.999,1420.7,439.7,0.999,1274.1,410.5,0.998,1518.8,367.3,0.999,1196.2,345.5,0.997
1704,68.16,1326.5,347.9,0.0,1322.0,344.5,0.0,1322.9,341.6,0.0,1313.2,355.6,0.0,1320.5,352.2,0.0,1324.9,386.3,0.995,1358.8,388.7,0.992,1325.2,341.2,0.979,1364.6,351.8,0.966,1269.6,271.6,0.926,1383.3,256.3,0.903,1339.3,464.8,0.999,1354.3,460.2,0.999,1267.6,427.4,0.995,1277.3,420.6,0.994,1180.1,381.2,0.986,1158.8,361.5,0.984
1707,68.28,1318.5,345.4,0.0,1320.7,345.4,0.0,1322.1,341.1,0.0,1331.9,368.2,0.0,1337.7,357.6,0.0,1340.4,410.0,0.0,1373.3,392.5,0.907,1335.5,381.0,0.939,1394.2,353.3,0.837,1323.0,277.7,0.877,1379.5,256.2,0.741,1321.6,448.1,0.996,1345.1,432.0,0.994,1217.6,466.8,0.991,1280.5,447.7,0.986,1087.4,398.6,0.98,1178.6,373.6,0.976
1710,68.4,1331.7,464.5,0.0,1324.5,468.3,0.0,1335.2,468.8,0.0,1313.6,474.7,0.0,1337.0,478.9,0.0,1319.5,466.8,0.974,1352.9,472.7,0.976,1286.2,406.5,0.953,1360.5,383.3,0.967,1265.6,319.2,0.921,1396.3,228.5,0.934,1322.1,439.1,0.0,1357.4,439.3,0.998,1212.7,401.4,0.995,1358.8,408.1,0.996,1089.9,304.3,0.991,1339.2,307.3,0.992
1713,68.52,1581.5,9.1,0.0,1587.2,2.1,0.0,1577.7,2.9,0.0,1599.6,0.0,0.0,1556.9,0.0,0.0,1612.7,0.0,0.093,1525.4,0.0,0.139,1637.0,10.7,0.532,1527.6,24.0,0.66,1639.6,84.0,0.715,1553.0,84.1,0.788,1600.7,69.7,0.661,1533.1,74.2,0.702,1652.6,106.1,0.346,1554.3,111.9,0.394,1649.4,114.5,0.159,1549.7,117.7,0.178
1716,68.64,1334.2,331.6,0.0,1326.3,326.5,0.0,1332.8,325.2,0.0,1293.9,333.8,0.0,1328.6,337.7,0.0,1289.2,364.9,0.988,1339.0,385.8,0.996,1314.2,330.3,0.921,1357.3,382.0,0.987,1327.8,256.5,0.805,1393.7,281.7,0.944,1284.1,478.5,0.999,1350.5,486.1,0.999,1172.1,407.5,0.997,1455.6,416.2,0.998,1061.7,405.5,0.991,1530.1,407.9,0.995
1719,68.76,1290.3,307.4,0.0,1289.3,305.2,0.0,1294.6,303.3,0.0,1277.5,327.1,0.0,1310.0,324.3,0.0,1265.1,369.9,0.997,1327.5,377.9,0.996,1169.8,403.2,0.993,1358.7,388.5,0.985,974.5,409.5,0.971,1390.9,249.8,0.956,1288.7,478.4,1.0,1352.7,481.1,1.0,1199.9,422.7,0.998,1476.0,425.4,0.998,1112.7,426.0,0.992,1574.2,398.5,0.993
1722,68.88,1318.3,472.8,0.0,1312.4,476.6,0.0,1326.8,475.6,0.0,1293.3,471.8,0.0,1331.3,470.8,0.0,1281.6,451.6,0.988,1318.7,435.8,0.0,1253.0,401.2,0.978,1328.4,327.7,0.991,1244.8,343.1,0.962,1387.4,210.6,0.978,1305.0,397.9,1.0,1345.9,397.5,1.0,1260.4,400.5,0.999,1422.4,401.5,0.999,1288.6,344.2,0.996,1580.2,351.3,0.997
1725,69.0,1334.9,484.3,0.0,1327.3,494.5,0.0,1347.3,489.4,0.0,1302.1,501.3,0.0,1350.9,492.2,0.0,1282.9,475.3,0.974,1354.1,464.5,0.984,1198.9,393.8,0.937,1393.0,312.1,0.973,1130.8,363.0,0.89,1422.6,187.7,0.931,1280.1,391.6,0.999,1350.4,385.6,0.999,1117.4,379.4,0.998,1388.8,377.0,0.998,934.3,286.8,0.996,1416.2,266.8,0.997
1728,69.12,1324.2,380.4,0.0,1321.9,387.1,0.0,1334.2,378.3,0.0,1317.0,414.5,0.0,1354.9,396.7,0.0,1312.4,439.6,0.986,1377.6,420.5,0.975,1255.7,384.9,0.96,1390.3,335.2,0.944,1188.3,309.5,0.886,1401.4,210.0,0.85,1286.0,452.1,0.999,1347.3,435.3,0.999,1104.2,449.7,0.998,1329.8,430.3,0.0,884.1,378.1,0.996,1258.4,337.3,0.996
1731,69.24,1306.2,355.1,0.0,1302.2,353.9,0.0,1308.8,350.9,0.0,1289.3,366.7,0.0,1319.3,362.2,0.0,1289.1,398.5,0.997,1340.1,396.0,0.998,1203.5,380.6,0.99,1357.8,338.7,0.992,1074.5,366.6,0.967,1401.9,237.9,0.972,1325.6,463.3,1.0,1378.0,464.0,1.0,1209.9,413.4,0.999,1447.8,416.2,0.999,1093.9,373.5,0.994,1497.7,361.7,0.995
1734,69.36,1326.3,527.2,0.0,1320.8,533.2,0.0,1329.8,530.5,0.0,1312.1,523.7,0.0,1325.5,518.9,0.0,1313.8,487.4,0.995,1326.4,466.0,0.996,1232.0,430.6,0.981,1352.4,333.5,0.988,1075.0,390.1,0.959,1435.9,240.1,0.969,1325.9,406.6,1.0,1347.7,397.7,1.0,1204.2,407.4,0.999,1390.0,395.1,0.999,1091.7,310.1,0.996,1433.6,293.0,0.996
1737,69.48,1313.9,359.4,0.0,1311.1,360.6,0.0,1317.0,355.0,0.0,1293.9,377.0,0.0,1328.4,368.1,0.0,1298.1,397.9,0.995,1343.5,391.0,0.997,1228.6,376.6,0.96,1369.2,334.8,0.985,1114.7,358.5,0.843,1417.6,248.4,0.918,1294.8,458.4,0.999,1354.2,451.4,1.0,1108.5,418.4,0.998,1405.0,412.2,0.999,923.0,403.5,0.994,1446.4,382.9,0.996
1740,69.6,1318.7,474.4,0.0,1315.3,479.4,0.0,1324.5,473.0,0.0,1301.7,479.9,0.0,1320.0,468.4,0.0,1278.4,460.8,0.993,1316.8,445.4,0.984,1126.2,423.1,0.987,1337.7,390.1,0.958,881.2,387.2,0.962,1442.1,318.7,0.924,1279.5,405.6,0.999,1322.4,393.6,0.999,1102.8,408.1,0.998,1375.9,386.8,0.996,947.1,331.1,0.99,1423.4,292.5,0.987
1743,69.72,1320.7,487.5,0.0,1317.9,493.0,0.0,1326.4,487.1,0.0,1319.2,494.6,0.0,1331.7,482.8,0.0,1322.4,479.2,0.957,1351.8,450.6,0.963,1313.0,424.5,0.871,1389.5,346.2,0.945,1338.8,334.5,0.786,1426.6,236.6,0.85,1257.6,434.5,0.994,1277.3,411.7,0.995,1089.2,432.9,0.983,1159.5,412.7,0.986,882.9,328.9,0.968,1012.9,306.2,0.972
1746,69.84,1301.4,363.8,0.0,1299.1,361.5,0.0,1304.4,358.5,0.0,1299.5,377.8,0.0,1316.7,370.2,0.0,1309.3,426.0,0.993,1354.6,401.5,0.981,1199.4,416.4,0.981,1358.8,333.1,0.917,983.4,349.8,0.948,1345.9,235.8,0.858,1333.3,476.1,0.997,1358.5,458.4,0.995,1200.9,415.4,0.989,1272.1,391.4,0.98,1097.6,357.3,0.967,1213.0,323.7,0.956
1749,69.96,1316.1,391.7,0.0,1313.6,395.0,0.0,1322.2,389.4,0.0,1299.9,402.5,0.0,1325.5,389.6,0.0,1267.9,409.1,0.993,1336.2,381.1,0.993,1149.0,384.4,0.987,1365.5,326.6,0.984,982.5,370.9,0.968,1446.2,301.2,0.966,1308.8,387.8,1.0,1357.2,377.3,1.0,1255.7,390.1,0.999,1415.9,367.1,0.999,1241.0,342.0,0.996,1485.4,312.4,0.997
1752,70.08,1208.4,349.1,0.0,1210.7,347.0,0.0,1227.1,346.4,0.0,1238.9,361.2,0.0,1274.9,349.5,0.0,1227.6,398.4,0.982,1294.4,386.4,0.0,1126.2,424.1,0.988,1357.2,364.6,0.867,967.1,373.3,0.975,1406.2,237.6,0.856,1330.7,453.7,0.997,1360.9,454.2,0.993,1351.3,385.2,0.995,1381.0,375.3,0.987,1430.7,349.7,0.988,1476.1,305.0,0.983
1755,70.2,1294.1,504.8,0.0,1287.4,503.9,0.0,1297.6,507.7,0.0,1286.5,495.9,0.0,1312.3,505.4,0.0,1255.0,495.8,0.983,1364.4,479.1,0.994,1126.2,422.1,0.958,1461.5,472.7,0.975,1011.4,399.7,0.939,1562.8,450.9,0.937,1249.4,381.4,0.989,1298.4,368.6,0.992,1242.5,371.2,0.979,1277.8,349.2,0.984,1219.4,214.1,0.968,1238.2,222.2,0.975
1758,70.32,1291.2,505.2,0.0,1282.3,506.5,0.0,1294.7,509.2,0.0,1284.7,501.7,0.0,1318.4,504.5,0.0,1253.0,483.7,0.992,1389.1,480.6,0.995,1088.9,412.7,0.979,1485.1,462.3,0.974,967.4,402.5,0.957,1550.6,421.7,0.93,1282.4,364.2,0.993,1341.5,365.2,0.993,1265.9,351.8,0.985,1320.0,369.1,0.984,1319.7,206.7,0.963,1350.7,253.8,0.965
1761,70.44,1285.2,497.0,0.0,1275.2,501.2,0.0,1289.0,505.8,0.0,1273.9,504.4,0.0,1311.9,507.7,0.0,1244.2,493.0,0.994,1370.9,475.2,0.998,1099.4,421.8,0.978,1438.7,446.8,0.99,1003.0,391.4,0.96,1490.9,398.7,0.968,1282.7,367.9,0.996,1340.8,358.1,0.997,1267.5,349.2,0.991,1323.7,356.2,0.993,1316.2,215.5,0.973,1356.5,257.5,0.98
1764,70.56,1290.2,508.9,0.0,1284.9,510.5,0.0,1288.7,512.7,0.0,1290.5,507.3,0.0,1299.8,504.3,0.0,1294.1,478.8,0.988,1318.7,467.8,0.996,1216.9,384.1,0.937,1310.8,401.3,0.982,1134.6,306.4,0.904,1361.0,314.4,0.946,1317.5,379.4,0.0,1333.1,375.2,0.997,1306.2,359.5,0.988,1310.4,367.5,0.993,1356.3,224.8,0.967,1370.9,252.6,0.979
1767,70.68,1307.6,504.6,0.0,1299.3,508.7,0.0,1312.5,511.1,0.0,1296.2,508.7,0.0,1329.2,507.7,0.0,1279.5,492.0,0.991,1348.4,472.8,0.996,1207.9,426.5,0.966,1375.1,434.0,0.979,1136.3,341.3,0.945,1425.5,386.2,0.941,1270.3,399.3,0.993,1304.8,388.5,0.995,1251.7,400.4,0.981,1288.8,414.1,0.984,1253.5,257.0,0.0,1305.1,302.3,0.956
1770,70.8,1318.2,483.6,0.0,1312.2,491.7,0.0,1326.5,484.8,0.0,1296.8,497.4,0.0,1335.4,480.5,0.0,1252.6,491.2,0.972,1342.7,452.7,0.981,1154.1,446.2,0.948,1323.9,395.6,0.951,1080.3,389.0,0.943,1262.7,341.8,0.923,1258.5,412.4,0.99,1302.3,387.6,0.989,1219.9,385.2,0.982,1273.0,361.1,0.982,1212.3,303.0,0.955,1258.2,272.0,0.0
1773,70.92,1293.4,492.5,0.0,1290.0,497.3,0.0,1297.7,498.3,0.0,1293.3,500.0,0.0,1316.7,498.3,0.0,1273.3,491.4,0.995,1350.7,453.5,0.997,1113.6,425.6,0.985,1333.7,380.8,0.985,998.4,375.9,0.973,1295.6,313.7,0.969,1298.8,374.2,0.0,1334.6,353.8,0.998,1259.7,353.2,0.996,1292.4,331.6,0.996,1256.2,217.5,0.989,1280.8,216.3,0.99
1776,71.04,1296.5,495.6,0.0,1295.4,500.5,0.0,1299.2,500.9,0.0,1303.2,505.1,0.0,1315.1,495.5,0.0,1291.8,478.1,0.995,1324.0,443.0,0.997,1171.3,418.4,0.976,1281.8,399.0,0.983,1035.7,368.1,0.949,1258.5,367.3,0.956,1272.4,358.1,0.997,1290.2,335.8,0.997,1219.7,352.1,0.99,1228.6,332.5,0.992,1177.5,254.6,0.977,1196.0,250.1,0.982
1779,71.16,1296.1,484.0,0.0,1291.4,486.9,0.0,1302.4,486.0,0.0,1294.9,486.1,0.0,1323.9,478.1,0.0,1259.9,480.1,0.992,1370.9,443.3,0.997,1096.7,426.1,0.968,1417.8,420.9,0.981,956.7,381.5,0.945,1437.5,397.0,0.949,1259.7,372.9,0.993,1308.6,347.6,0.995,1172.9,359.5,0.988,1218.6,334.0,0.99,1161.7,251.8,0.982,1194.8,247.5,0.986
1782,71.28,1308.9,486.2,0.0,1304.3,489.9,0.0,1305.3,487.2,0.0,1303.5,495.1,0.0,1308.3,480.0,0.0,1293.5,474.6,0.995,1332.7,453.1,0.997,1225.0,434.0,0.975,1375.6,418.8,0.987,1105.4,392.5,0.945,1431.2,335.4,0.957,1303.3,342.1,0.996,1328.0,326.5,0.997,1282.1,347.6,0.985,1293.5,313.2,0.989,1296.0,247.1,0.949,1309.3,199.6,0.961
1785,71.4,1294.3,484.1,0.0,1286.9,488.3,0.0,1297.8,488.8,0.0,1292.4,489.7,0.0,1321.8,480.5,0.0,1258.8,475.8,0.978,1375.2,445.4,0.992,1089.5,418.5,0.933,1453.6,429.7,0.965,978.5,421.6,0.886,1566.6,407.6,0.9,1278.2,383.7,0.95,1326.3,368.9,0.966,1213.2,363.1,0.881,1253.1,381.1,0.914,1256.9,284.1,0.837,1284.7,347.1,0.873
1788,71.52,1325.1,512.0,0.0,1315.9,513.2,0.0,1326.5,515.6,0.0,1305.3,498.3,0.0,1332.4,504.7,0.0,1260.5,474.1,0.971,1378.5,459.4,0.995,1122.5,426.2,0.929,1475.5,457.1,0.986,1019.8,413.9,0.904,1547.5,426.2,0.964,1273.2,305.3,0.979,1328.0,296.7,0.99,1307.8,274.9,0.94,1352.9,261.1,0.971,1328.3,170.2,0.875,1351.6,179.4,0.929
1791,71.64,1195.6,436.6,0.0,1193.5,439.4,0.0,1197.4,439.9,0.0,1211.2,440.9,0.0,1224.2,446.2,0.0,1238.6,435.9,0.901,1261.3,439.2,0.905,1106.3,395.3,0.878,1159.4,421.7,0.86,962.6,336.2,0.892,1056.5,350.6,0.859,1340.3,397.8,0.978,1352.7,400.4,0.975,1330.5,432.4,0.943,1344.2,410.7,0.935,1359.0,364.7,0.833,1379.0,328.2,0.827
1794,71.76,1302.2,492.9,0.0,1298.9,493.1,0.0,1305.4,494.5,0.0,1303.0,490.7,0.0,1320.6,500.6,0.0,1294.9,499.7,0.978,1345.1,481.3,0.958,1172.0,444.2,0.967,1298.1,441.9,0.0,1065.9,355.8,0.951,1204.7,369.8,0.866,1300.5,423.2,0.996,1327.2,416.8,0.993,1289.6,396.9,0.995,1318.8,406.1,0.992,1293.5,249.3,0.992,1315.8,291.6,0.99
1797,71.88,1326.9,515.1,0.0,1320.4,516.8,0.0,1325.5,516.1,0.0,1316.5,512.5,0.0,1329.4,507.6,0.0,1313.7,506.0,0.974,1357.1,464.3,0.986,1294.0,445.4,0.915,1392.9,350.3,0.0,1239.1,425.1,0.873,1370.2,212.8,0.885,1310.2,395.2,0.992,1334.1,375.8,0.993,1341.9,384.1,0.983,1359.5,354.5,0.986,1323.8,237.7,0.952,1330.7,236.4,0.961
1800,72.0,1276.6,488.8,0.0,1275.6,500.4,0.0,1293.2,494.5,0.0,1285.9,520.3,0.0,1328.7,486.6,0.0,1259.5,499.6,0.964,1373.3,457.4,0.973,1170.6,443.1,0.933,1405.2,346.5,0.971,1131.7,358.4,0.935,1369.8,254.1,0.97,1318.8,388.0,0.99,1376.2,359.6,0.992,1252.3,366.7,0.981,1326.2,341.4,0.986,1267.2,278.8,0.939,1327.0,245.9,0.949
1803,72.12,0,0,0,0,0,0,0,0,0,0,0,0,0,0,0,0,0,0,0,0,0,0,0,0,0,0,0,0,0,0,0,0,0,0,0,0,0,0,0,0,0,0,0,0,0,0,0,0,0,0,0
1806,72.24,1291.0,483.8,0.0,1285.2,498.0,0.0,1306.4,498.5,0.0,1268.8,517.1,0.0,1322.5,516.8,0.0,1233.6,471.6,0.979,1362.1,485.1,0.921,1159.9,439.6,0.964,1447.0,358.7,0.832,1133.5,424.7,0.959,1456.3,255.8,0.875,1297.8,382.3,0.0,1355.5,395.5,0.965,1316.6,370.7,0.0,1398.3,361.0,0.963,1307.5,286.8,0.973,1397.8,258.1,0.96
1809,72.36,1284.1,475.7,0.0,1285.4,484.3,0.0,1292.2,476.3,0.0,1288.5,496.3,0.0,1305.8,471.1,0.0,1273.5,485.8,0.984,1331.4,470.8,0.961,1201.5,458.8,0.956,1372.1,451.6,0.881,1133.9,440.2,0.922,1413.7,424.0,0.851,1318.5,440.8,0.985,1345.5,431.1,0.0,1283.3,401.4,0.961,1309.9,402.3,0.936,1316.1,353.5,0.917,1341.9,364.0,0.89
1812,72.48,1267.7,507.1,0.0,1265.8,516.2,0.0,1279.5,512.0,0.0,1275.5,530.5,0.0,1307.0,507.7,0.0,1267.2,504.3,0.99,1354.0,491.8,0.988,1221.9,463.6,0.981,1398.6,390.5,0.984,1211.5,414.6,0.974,1381.8,266.4,0.978,1329.6,383.5,0.999,1376.6,374.2,0.999,1270.3,371.2,0.998,1329.7,346.9,0.998,1285.6,285.6,0.995,1332.1,230.9,0.995
1815,72.6,0,0,0,0,0,0,0,0,0,0,0,0,0,0,0,0,0,0,0,0,0,0,0,0,0,0,0,0,0,0,0,0,0,0,0,0,0,0,0,0,0,0,0,0,0,0,0,0,0,0,0
1818,72.72,1287.7,486.4,0.0,1285.7,500.8,0.0,1303.7,493.4,0.0,1271.9,515.5,0.0,1318.0,495.4,0.0,1236.0,470.8,0.968,1348.2,471.1,0.969,1129.8,457.2,0.916,1416.0,457.9,0.951,1063.8,426.3,0.916,1512.9,454.0,0.947,1258.0,384.6,0.944,1305.0,382.6,0.954,1203.7,424.6,0.865,1255.5,412.4,0.896,1076.0,388.3,0.604,1138.6,378.2,0.651
1821,72.84,1314.3,488.3,0.0,1303.7,498.7,0.0,1324.7,505.4,0.0,1274.3,521.4,0.0,1327.2,529.6,0.0,1229.3,477.6,0.992,1374.7,513.2,0.972,1141.9,469.2,0.991,1492.3,465.6,0.973,1089.9,434.5,0.985,1568.2,452.1,0.969,1298.6,378.2,0.999,1367.6,393.4,0.999,1293.6,382.6,0.999,1387.2,327.5,0.999,1295.4,304.9,0.998,1405.7,184.6,0.998
1824,72.96,1312.2,482.2,0.0,1306.2,493.0,0.0,1325.6,501.3,0.0,1278.5,514.4,0.0,1327.9,534.2,0.0,1212.2,478.1,0.989,1346.7,505.4,0.958,1103.0,438.2,0.976,1429.1,411.0,0.9,1033.4,407.3,0.958,1486.6,349.8,0.891,1258.9,367.0,0.991,1323.5,385.9,0.983,1301.4,327.7,0.986,1382.2,315.4,0.975,1301.9,233.1,0.977,1393.7,209.2,0.969
1827,73.08,1298.6,485.2,0.0,1292.5,494.8,0.0,1313.5,506.9,0.0,1272.3,520.3,0.0,1326.5,544.3,0.0,1207.9,479.4,0.97,1358.7,520.2,0.923,1070.8,440.5,0.955,1433.0,427.9,0.888,986.9,416.4,0.936,1501.0,383.5,0.89,1273.7,366.0,0.982,1346.3,394.3,0.973,1277.1,309.8,0.976,1369.0,315.5,0.964,1296.2,206.7,0.961,1400.2,195.4,0.954
1830,73.2,1310.5,480.8,0.0,1304.4,489.2,0.0,1317.5,505.4,0.0,1272.1,516.7,0.0,1309.3,555.0,0.0,1218.9,497.0,0.949,1313.9,539.3,0.955,1180.0,439.3,0.874,1417.2,495.7,0.895,1210.5,392.5,0.872,1522.0,445.1,0.865,1281.0,389.0,0.926,1332.6,412.6,0.927,1340.7,306.8,0.881,1400.8,303.3,0.877,1333.7,216.4,0.827,1404.2,212.4,0.84
1833,73.32,1290.9,488.0,0.0,1291.9,497.9,0.0,1306.7,508.4,0.0,1271.0,525.4,0.0,1313.7,547.6,0.0,1202.7,508.7,0.882,1327.0,528.6,0.869,1107.0,472.2,0.855,1430.4,447.3,0.847,1010.6,440.0,0.881,1506.4,368.7,0.876,1252.6,391.6,0.898,1315.5,406.9,0.895,1321.6,313.2,0.9,1392.2,312.7,0.897,1276.6,222.9,0.869,1355.9,213.9,0.88
1836,73.44,1274.6,496.7,0.0,1270.8,512.2,0.0,1292.4,516.6,0.0,1257.0,536.5,0.0,1312.3,540.1,0.0,1234.4,486.6,0.926,1337.0,498.3,0.939,1244.4,461.3,0.885,1452.9,429.2,0.913,1316.4,436.1,0.918,1531.8,381.8,0.916,1262.8,370.4,0.958,1313.8,369.4,0.959,1294.3,328.3,0.948,1365.9,287.8,0.949,1257.2,280.8,0.915,1350.2,212.1,0.922
1839,73.56,1296.3,497.1,0.0,1292.7,506.2,0.0,1295.9,514.0,0.0,1268.3,531.9,0.0,1280.2,547.0,0.0,1229.8,499.8,0.967,1280.4,519.4,0.97,1165.1,445.2,0.906,1345.6,492.2,0.925,1115.3,380.4,0.884,1436.3,540.5,0.874,1313.6,350.3,0.967,1341.1,357.6,0.964,1322.8,349.1,0.936,1342.9,351.4,0.934,1323.9,284.2,0.894,1350.0,266.8,0.898
1842,73.68,1301.1,499.5,0.0,1298.5,510.4,0.0,1304.8,515.8,0.0,1268.8,527.2,0.0,1283.8,538.7,0.0,1208.6,460.3,0.985,1241.3,489.7,0.982,1101.4,403.8,0.948,1200.1,416.0,0.922,988.4,387.4,0.921,1233.3,470.1,0.878,1254.1,354.2,0.982,1270.2,376.3,0.978,1289.6,372.7,0.972,1303.0,382.8,0.967,1310.3,347.8,0.959,1349.1,341.7,0.957
1845,73.8,1300.6,495.8,0.0,1294.7,498.5,0.0,1303.0,503.3,0.0,1269.3,503.4,0.0,1286.0,505.9,0.0,1228.4,467.1,0.948,1261.2,476.3,0.966,1306.0,448.2,0.891,1393.7,425.6,0.931,1458.7,445.5,0.934,1611.9,497.2,0.942,1334.6,412.0,0.986,1346.2,417.8,0.987,1370.3,434.7,0.989,1385.9,438.5,0.991,1445.7,401.5,0.991,1475.1,388.7,0.992
1848,73.92,1282.7,480.1,0.0,1279.5,484.1,0.0,1295.3,508.6,0.0,1275.7,494.5,0.0,1313.4,557.7,0.0,1291.3,443.7,0.89,1330.6,520.1,0.915,1403.2,404.2,0.798,1469.0,501.4,0.836,1525.0,322.1,0.833,1592.1,464.6,0.823,1326.7,354.7,0.93,1348.3,398.3,0.929,1251.7,387.7,0.937,1288.4,411.5,0.94,1073.8,327.6,0.839,1154.4,356.2,0.851
1851,74.04,1256.7,493.7,0.0,1254.2,501.2,0.0,1270.0,507.5,0.0,1258.5,506.9,0.0,1294.6,517.4,0.0,1236.9,456.5,0.992,1328.7,469.7,0.994,1156.3,424.5,0.969,1390.6,434.1,0.986,1045.0,415.8,0.96,1421.1,414.8,0.978,1275.1,329.6,0.998,1316.7,336.7,0.998,1175.2,381.3,0.996,1220.2,362.0,0.997,1046.1,344.1,0.983,1101.6,329.9,0.986
1854,74.16,0,0,0,0,0,0,0,0,0,0,0,0,0,0,0,0,0,0,0,0,0,0,0,0,0,0,0,0,0,0,0,0,0,0,0,0,0,0,0,0,0,0,0,0,0,0,0,0,0,0,0
1857,74.28,1297.8,475.7,0.0,1285.2,485.9,0.0,1304.2,496.1,0.0,1254.5,512.8,0.0,1303.9,528.9,0.0,1217.7,476.7,0.984,1344.6,496.8,0.975,1187.6,451.9,0.966,1509.8,462.3,0.957,1261.9,398.9,0.968,1621.7,493.6,0.948,1314.7,406.2,0.997,1370.0,413.3,0.996,1325.9,401.1,0.996,1408.4,364.6,0.995,1374.7,332.1,0.994,1474.5,284.6,0.995
1860,74.4,1310.8,487.5,0.0,1299.5,500.2,0.0,1316.5,501.7,0.0,1270.6,528.0,0.0,1314.4,521.2,0.0,1243.9,480.7,0.978,1355.6,511.8,0.945,1252.5,444.9,0.975,1502.5,464.3,0.933,1360.2,386.4,0.972,1600.3,478.9,0.928,1278.5,389.7,0.996,1331.6,391.4,0.993,1318.3,387.9,0.995,1395.3,321.7,0.991,1362.7,390.4,0.991,1442.1,226.5,0.989
1863,74.52,1265.1,460.9,0.0,1261.0,471.1,0.0,1280.1,486.8,0.0,1259.6,505.3,0.0,1310.3,529.4,0.0,1243.5,469.5,0.929,1344.7,504.7,0.934,1255.7,428.5,0.885,1477.6,460.9,0.899,1399.5,372.0,0.921,1598.3,425.9,0.903,1317.9,385.1,0.98,1366.9,396.3,0.979,1329.2,363.5,0.984,1401.2,320.0,0.982,1350.5,334.6,0.975,1440.9,256.8,0.977
1866,74.64,1316.5,496.7,0.0,1313.0,498.2,0.0,1316.2,502.1,0.0,1313.2,513.5,0.0,1320.1,515.6,0.0,1325.7,508.2,0.96,1347.5,511.8,0.962,1412.3,471.1,0.941,1454.9,445.5,0.957,1584.2,428.5,0.943,1594.7,432.6,0.948,1336.2,436.9,0.996,1351.1,437.0,0.996,1323.8,410.3,0.993,1341.0,423.1,0.993,1382.3,306.7,0.979,1392.4,308.3,0.982
1869,74.76,1310.0,501.5,0.0,1306.8,505.4,0.0,1314.7,512.2,0.0,1292.5,513.3,0.0,1312.0,530.4,0.0,1271.5,491.7,0.975,1327.6,498.6,0.955,1274.8,475.8,0.958,1432.1,449.3,0.915,1362.1,455.6,0.96,1558.5,434.1,0.915,1334.3,403.8,0.995,1357.2,408.8,0.992,1290.8,429.5,0.995,1316.5,426.0,0.993,1229.4,368.4,0.988,1258.5,366.2,0.986
1872,74.88,1293.9,489.6,0.0,1284.8,498.6,0.0,1305.4,511.1,0.0,1264.6,513.4,0.0,1316.1,542.9,0.0,1234.1,468.1,0.983,1356.5,493.5,0.967,1147.7,437.4,0.959,1433.9,373.9,0.915,1063.7,383.9,0.938,1445.3,262.2,0.909,1314.1,374.6,0.983,1370.2,393.1,0.975,1270.5,389.9,0.967,1349.6,366.5,0.954,1230.3,308.5,0.919,1334.2,269.2,0.908
1875,75.0,1309.9,481.2,0.0,1296.3,488.9,0.0,1311.6,501.9,0.0,1263.7,509.4,0.0,1302.0,533.1,0.0,1246.8,479.8,0.98,1315.1,497.3,0.974,1247.6,435.4,0.96,1393.3,431.6,0.939,1293.4,361.0,0.955,1462.3,401.6,0.929,1336.1,420.6,0.995,1370.6,427.8,0.994,1328.7,395.4,0.992,1382.0,371.4,0.99,1352.4,323.3,0.988,1435.5,290.7,0.987
1878,75.12,1311.2,481.5,0.0,1307.7,488.4,0.0,1322.4,494.3,0.0,1285.6,506.4,0.0,1320.3,515.5,0.0,1228.3,474.3,0.986,1314.4,494.8,0.888,1129.7,455.2,0.977,1310.7,431.8,0.752,1113.0,419.6,0.971,1342.2,406.7,0.839,1293.7,386.7,0.989,1335.6,402.7,0.968,1278.1,389.2,0.988,1335.8,395.3,0.966,1263.4,306.1,0.973,1333.6,293.6,0.95
1881,75.24,1299.4,482.8,0.0,1296.1,489.7,0.0,1300.9,496.6,0.0,1289.6,512.2,0.0,1303.4,524.0,0.0,1286.4,484.1,0.978,1313.8,512.8,0.959,1340.6,420.1,0.966,1392.1,460.3,0.906,1468.0,374.8,0.963,1484.9,421.0,0.902,1335.7,404.3,0.995,1352.3,417.1,0.993,1298.0,383.7,0.994,1315.9,386.6,0.99,1311.6,345.6,0.983,1329.5,330.0,0.979
1884,75.36,1310.3,486.8,0.0,1305.7,494.6,0.0,1312.9,503.4,0.0,1293.5,516.8,0.0,1313.0,531.3,0.0,1286.5,479.5,0.978,1313.0,511.7,0.957,1330.8,417.7,0.964,1372.7,465.3,0.897,1443.6,380.9,0.958,1466.3,438.1,0.889,1328.4,398.9,0.995,1345.3,409.2,0.991,1346.5,386.4,0.993,1366.5,356.0,0.989,1381.8,337.8,0.989,1414.2,270.3,0.985
1887,75.48,1308.5,479.9,0.0,1303.7,491.0,0.0,1315.3,491.3,0.0,1286.3,512.4,0.0,1315.9,508.6,0.0,1255.8,465.0,0.986,1330.2,493.0,0.967,1223.4,416.4,0.975,1398.6,428.7,0.925,1253.6,392.2,0.969,1474.8,425.4,0.927,1313.6,380.1,0.996,1346.7,392.2,0.992,1296.2,394.1,0.994,1338.0,385.3,0.99,1313.8,372.6,0.0,1359.5,314.8,0.981
1890,75.6,1330.8,498.4,0.0,1323.3,502.9,0.0,1334.2,502.1,0.0,1313.0,498.0,0.0,1325.8,495.4,0.0,1295.0,483.3,0.921,1342.5,442.3,0.966,1202.1,463.9,0.91,1399.4,306.4,0.969,1070.8,391.0,0.908,1477.2,200.8,0.952,1343.3,402.3,0.994,1365.4,390.7,0.996,1314.6,383.0,0.991,1381.3,365.2,0.993,1323.3,294.7,0.983,1424.7,285.8,0.987
1893,75.72,1304.1,447.3,0.0,1296.1,453.4,0.0,1317.3,451.3,0.0,1289.8,451.7,0.0,1329.5,444.0,0.0,1275.1,432.8,0.922,1323.3,420.7,0.951,1194.7,399.0,0.943,1344.7,338.5,0.952,1064.0,366.1,0.933,1382.9,222.6,0.941,1326.7,411.9,0.994,1351.3,411.2,0.995,1345.2,358.9,0.99,1379.6,354.0,0.991,1373.9,312.0,0.983,1438.9,286.9,0.986
1896,75.84,1269.5,335.8,0.0,1265.3,334.9,0.0,1282.5,331.8,0.0,1261.9,350.0,0.0,1308.4,340.1,0.0,1245.1,388.4,0.978,1311.8,378.7,0.965,1158.2,407.8,0.978,1345.1,349.7,0.923,1023.7,366.4,0.949,1375.0,215.1,0.882,1323.7,437.6,0.996,1361.1,439.4,0.994,1320.2,374.5,0.988,1380.4,371.3,0.982,1365.0,344.1,0.966,1460.6,311.6,0.961
1899,75.96,1323.4,508.4,0.0,1319.2,514.6,0.0,1333.8,513.8,0.0,1316.1,500.2,0.0,1341.0,498.4,0.0,1283.8,458.8,0.96,1347.2,448.1,0.992,1175.0,408.9,0.921,1414.4,332.9,0.987,1091.0,378.3,0.911,1486.3,258.6,0.969,1306.4,335.4,0.997,1341.5,335.4,0.999,1291.9,346.5,0.995,1375.9,347.2,0.997,1284.6,247.9,0.993,1426.6,245.0,0.996
1902,76.08,1340.8,497.6,0.0,1334.8,502.6,0.0,1345.3,502.3,0.0,1334.7,495.6,0.0,1349.3,497.0,0.0,1330.1,478.0,0.971,1357.0,455.4,0.993,1276.3,464.2,0.915,1439.4,395.2,0.987,1195.0,465.6,0.923,1562.0,396.6,0.976,1334.7,366.6,0.998,1348.6,356.5,0.999,1329.7,291.4,0.998,1374.9,276.3,0.999,1297.4,224.3,0.998,1395.1,219.5,0.999
1905,76.2,1233.0,318.7,0.0,1228.3,315.9,0.0,1249.5,311.0,0.0,1230.0,332.5,0.0,1289.3,316.3,0.0,1230.5,390.8,0.989,1297.6,355.6,0.976,1164.3,428.0,0.983,1351.8,315.2,0.925,1052.1,383.9,0.948,1396.4,223.8,0.856,1341.4,454.6,0.997,1373.8,448.1,0.994,1363.2,358.2,0.988,1371.3,340.3,0.979,1457.0,339.8,0.968,1483.4,301.7,0.961
1908,76.32,1340.4,518.2,0.0,1333.4,525.4,0.0,1349.0,522.5,0.0,1321.8,507.4,0.0,1343.7,500.7,0.0,1297.7,466.0,0.966,1344.4,436.9,0.983,1192.5,435.3,0.935,1408.1,302.6,0.973,1090.7,392.7,0.915,1452.1,186.1,0.95,1309.5,331.5,0.997,1339.5,323.5,0.998,1268.6,355.2,0.995,1379.9,349.5,0.996,1202.5,241.1,0.99,1411.7,233.7,0.992
1911,76.44,1327.4,473.2,0.0,1320.9,481.3,0.0,1339.0,474.3,0.0,1312.8,481.0,0.0,1346.2,463.0,0.0,1306.1,467.2,0.947,1351.9,432.1,0.975,1216.2,425.3,0.909,1410.2,308.9,0.966,1055.6,365.6,0.891,1428.6,198.9,0.942,1317.7,375.9,0.995,1355.8,359.5,0.996,1213.1,386.1,0.988,1384.3,362.5,0.991,1077.1,290.2,0.972,1399.4,249.5,0.98
1914,76.56,1330.5,519.3,0.0,1325.1,522.5,0.0,1344.2,521.5,0.0,1329.2,505.7,0.0,1358.5,501.5,0.0,1303.4,482.6,0.886,1374.4,457.9,0.957,1208.2,450.1,0.853,1414.4,324.4,0.942,1082.4,405.4,0.894,1432.7,236.1,0.933,1327.9,399.7,0.978,1366.9,391.5,0.983,1281.2,381.8,0.967,1363.3,370.1,0.973,1273.0,290.0,0.947,1401.7,269.6,0.959
1917,76.68,1330.8,401.3,0.0,1327.2,407.4,0.0,1345.0,400.3,0.0,1328.0,419.7,0.0,1358.4,400.4,0.0,1315.6,443.7,0.91,1356.1,403.4,0.953,1220.7,424.4,0.899,1383.7,294.7,0.942,1050.2,371.8,0.907,1398.5,196.9,0.932,1347.8,394.1,0.988,1374.3,377.0,0.991,1271.1,364.7,0.978,1377.4,335.4,0.981,1214.8,273.2,0.96,1416.9,222.7,0.969
1920,76.8,1338.0,381.3,0.0,1338.7,386.0,0.0,1348.7,382.2,0.0,1341.3,401.0,0.0,1366.4,391.4,0.0,1333.3,409.4,0.973,1366.9,399.6,0.99,1308.2,362.5,0.0,1402.8,319.1,0.98,1292.5,297.3,0.911,1441.7,232.7,0.952,1330.9,376.1,0.997,1362.8,370.9,0.998,1235.5,379.4,0.99,1370.1,373.2,0.993,1162.3,307.8,0.975,1403.8,288.9,0.983
1923,76.92,1372.6,441.5,0.0,1367.6,447.1,0.0,1379.9,442.2,0.0,1366.0,452.4,0.0,1387.6,442.0,0.0,1374.3,436.9,0.973,1403.6,409.8,0.948,1370.6,369.5,0.966,1393.7,304.8,0.946,1368.4,286.2,0.931,1392.1,216.6,0.89,1335.3,383.2,0.998,1342.9,363.3,0.997,1235.8,411.5,0.99,1211.1,391.7,0.986,1118.6,304.6,0.97,1052.8,282.9,0.965
1926,77.04,1357.0,417.2,0.0,1355.6,422.6,0.0,1365.6,417.0,0.0,1358.5,430.6,0.0,1377.7,417.1,0.0,1370.0,426.7,0.977,1381.2,395.5,0.982,1338.3,387.6,0.952,1401.7,289.1,0.975,1286.1,343.4,0.912,1428.3,210.4,0.931,1337.4,374.9,0.998,1345.3,356.1,0.998,1220.9,403.6,0.99,1287.7,384.7,0.991,1090.8,314.8,0.97,1228.4,290.0,0.975
1929,77.16,1386.9,462.2,0.0,1379.9,466.7,0.0,1393.2,462.8,0.0,1376.3,458.3,0.0,1398.3,451.4,0.0,1376.5,428.0,0.974,1415.0,404.1,0.969,1380.0,351.2,0.951,1418.5,299.7,0.964,1404.1,277.4,0.915,1427.2,237.0,0.92,1316.7,367.2,0.0,1327.9,348.4,0.998,1245.9,389.9,0.993,1210.4,371.6,0.993,1113.9,288.1,0.983,1023.2,272.4,0.983
1932,77.28,1342.8,483.4,0.0,1339.7,486.6,0.0,1349.2,485.0,0.0,1342.9,480.6,0.0,1361.1,474.8,0.0,1347.0,468.8,0.959,1385.4,438.9,0.983,1243.2,427.3,0.909,1436.3,320.5,0.968,1087.7,375.1,0.892,1432.3,261.2,0.94,1343.3,377.8,0.994,1375.1,361.1,0.996,1230.0,378.4,0.988,1379.0,359.3,0.992,1099.1,279.7,0.975,1382.9,265.1,0.983
1935,77.4,1344.3,474.9,0.0,1336.1,480.3,0.0,1346.7,477.5,0.0,1321.5,481.3,0.0,1352.6,477.6,0.0,1269.5,469.6,0.99,1386.3,448.9,0.991,1112.7,420.9,0.985,1453.0,431.4,0.974,1027.8,413.6,0.971,1496.9,393.6,0.948,1270.6,363.1,0.998,1319.1,359.8,0.997,1285.4,346.5,0.995,1331.2,395.8,0.994,1321.3,226.5,0.989,1346.1,337.1,0.988
1938,77.52,1335.4,485.1,0.0,1327.5,489.0,0.0,1340.1,486.5,0.0,1318.3,484.3,0.0,1349.2,476.8,0.0,1287.4,469.2,0.992,1386.0,440.3,0.992,1180.0,418.3,0.978,1401.9,366.4,0.962,1123.8,388.6,0.96,1357.4,290.5,0.925,1320.3,366.7,0.996,1365.5,351.2,0.995,1243.4,360.6,0.992,1296.0,342.6,0.99,1217.1,273.9,0.983,1249.7,263.4,0.982
1941,77.64,1326.2,499.9,0.0,1320.9,503.5,0.0,1326.6,502.6,0.0,1322.9,507.5,0.0,1338.9,499.1,0.0,1320.5,473.1,0.997,1385.7,474.8,0.997,1249.5,369.0,0.985,1420.3,431.6,0.979,1225.5,304.0,0.958,1434.7,425.3,0.939,1346.0,355.1,0.999,1379.5,354.3,0.999,1339.3,321.2,0.996,1371.2,325.8,0.996,1330.4,192.1,0.99,1346.1,196.0,0.991
1944,77.76,0,0,0,0,0,0,0,0,0,0,0,0,0,0,0,0,0,0,0,0,0,0,0,0,0,0,0,0,0,0,0,0,0,0,0,0,0,0,0,0,0,0,0,0,0,0,0,0,0,0,0
1947,77.88,1345.7,502.2,0.0,1336.5,504.3,0.0,1344.6,506.1,0.0,1324.6,498.1,0.0,1344.6,503.2,0.0,1308.7,473.5,0.944,1371.2,474.0,0.972,1275.8,393.8,0.826,1407.0,408.7,0.895,1242.1,343.7,0.766,1382.0,326.0,0.8,1313.6,369.2,0.971,1346.3,369.6,0.0,1324.9,367.4,0.956,1359.3,363.5,0.963,1345.7,256.9,0.905,1365.9,259.1,0.923
1950,78.0,1357.4,501.7,0.0,1348.6,502.9,0.0,1359.2,501.0,0.0,1331.7,494.3,0.0,1359.0,492.2,0.0,1289.0,490.8,0.983,1385.6,466.6,0.98,1214.3,445.5,0.98,1428.0,402.4,0.948,1165.2,419.2,0.975,1418.9,332.5,0.927,1320.1,373.4,0.996,1368.3,361.8,0.994,1333.8,353.1,0.993,1383.9,340.2,0.99,1373.4,202.3,0.974,1398.5,198.2,0.97
1953,78.12,1365.9,448.7,0.0,1362.9,456.7,0.0,1365.7,445.9,0.0,1347.2,481.5,0.0,1358.2,451.0,0.0,1333.3,474.6,0.989,1331.2,463.7,0.993,1321.2,395.6,0.975,1265.4,444.2,0.983,1300.7,313.3,0.954,1175.4,411.1,0.961,1320.2,435.4,0.999,1329.8,435.1,0.0,1368.2,363.8,0.0,1382.8,391.2,0.996,1394.3,197.1,0.971,1416.1,248.8,0.974
1956,78.24,1314.2,503.2,0.0,1304.1,501.4,0.0,1316.4,506.4,0.0,1308.3,489.3,0.0,1336.8,500.0,0.0,1297.8,483.6,0.985,1409.2,462.2,0.995,1216.3,440.2,0.967,1503.9,439.0,0.981,1119.2,420.2,0.959,1480.5,384.0,0.967,1323.2,333.7,0.992,1378.5,320.3,0.994,1312.1,296.0,0.986,1366.7,267.5,0.989,1331.6,141.9,0.959,1362.3,145.9,0.97
1959,78.36,1349.2,517.8,0.0,1342.2,521.9,0.0,1346.4,520.9,0.0,1337.0,515.7,0.0,1348.0,513.0,0.0,1317.4,482.9,0.987,1376.9,461.3,0.982,1259.9,422.3,0.978,1424.1,410.7,0.947,1152.6,414.2,0.969,1415.7,381.0,0.936,1357.6,301.0,0.991,1391.7,288.6,0.988,1343.8,280.8,0.981,1365.3,264.5,0.975,1386.9,185.1,0.922,1388.2,179.9,0.918
1962,78.48,1306.7,507.6,0.0,1297.8,507.0,0.0,1310.7,514.3,0.0,1304.9,493.5,0.0,1337.8,509.9,0.0,1283.2,476.3,0.983,1416.0,463.2,0.996,1144.3,418.3,0.959,1517.2,461.5,0.987,1048.2,421.6,0.944,1561.7,444.9,0.971,1324.4,304.0,0.985,1386.3,294.8,0.992,1335.0,266.4,0.96,1389.5,242.0,0.977,1372.1,128.0,0.898,1397.4,132.6,0.936
1965,78.6,1314.9,508.4,0.0,1306.2,506.5,0.0,1316.2,512.2,0.0,1309.2,490.0,0.0,1332.9,506.1,0.0,1298.3,469.9,0.976,1387.4,467.8,0.994,1245.3,446.7,0.944,1499.7,467.2,0.98,1142.2,430.6,0.929,1552.1,441.0,0.957,1304.7,320.8,0.982,1347.3,320.8,0.989,1321.4,339.1,0.953,1358.2,342.7,0.968,1348.1,210.4,0.877,1375.1,240.8,0.915
1968,78.72,1316.2,511.7,0.0,1309.3,507.8,0.0,1316.6,515.1,0.0,1313.2,496.7,0.0,1333.1,515.9,0.0,1279.6,497.5,0.975,1390.5,478.7,0.992,1161.5,427.6,0.972,1500.1,456.2,0.984,1049.0,429.9,0.971,1558.6,436.2,0.974,1280.2,348.3,0.992,1331.6,338.1,0.995,1332.1,307.0,0.988,1366.9,290.5,0.991,1393.3,127.9,0.963,1396.5,151.0,0.974
1971,78.84,1323.0,499.5,0.0,1319.0,498.5,0.0,1327.6,500.6,0.0,1326.1,493.7,0.0,1350.9,496.6,0.0,1281.6,494.5,0.982,1405.4,471.0,0.996,1114.5,434.0,0.967,1490.8,459.1,0.987,1001.0,419.2,0.951,1603.7,458.3,0.96,1271.2,388.5,0.992,1323.6,381.4,0.0,1288.5,358.6,0.983,1329.3,401.1,0.989,1340.7,200.3,0.96,1357.2,312.7,0.972
1974,78.96,1308.7,498.4,0.0,1299.4,499.6,0.0,1312.5,506.0,0.0,1302.4,493.5,0.0,1336.9,506.7,0.0,1272.2,478.6,0.959,1403.4,474.4,0.996,1140.8,430.0,0.931,1505.8,477.5,0.991,1067.5,447.1,0.914,1583.2,458.1,0.976,1313.9,325.1,0.982,1375.9,322.1,0.993,1327.8,265.0,0.947,1382.2,251.2,0.978,1369.1,152.3,0.877,1398.1,158.5,0.0
1977,79.08,1304.1,503.8,0.0,1294.0,507.9,0.0,1312.8,513.8,0.0,1298.1,501.6,0.0,1347.1,512.2,0.0,1264.1,492.0,0.981,1404.8,466.9,0.994,1092.0,428.5,0.952,1489.7,450.7,0.974,954.7,421.9,0.934,1594.0,458.3,0.935,1260.3,381.0,0.977,1320.1,364.6,0.984,1199.7,359.3,0.967,1253.4,360.4,0.975,1219.7,233.1,0.959,1268.8,273.3,0.968
1980,79.2,1339.7,464.0,0.0,1337.1,470.9,0.0,1348.0,465.7,0.0,1345.2,473.1,0.0,1361.6,461.4,0.0,1358.4,436.9,0.971,1372.2,415.7,0.956,1309.9,365.6,0.964,1358.6,308.4,0.951,1205.5,318.8,0.907,1355.7,242.2,0.881,1347.6,405.3,0.999,1340.8,387.8,0.998,1263.0,435.3,0.994,1217.2,413.4,0.992,1181.1,356.8,0.98,1110.4,321.7,0.98
1983,79.32,1313.0,402.7,0.0,1310.8,406.2,0.0,1320.8,401.1,0.0,1303.4,418.5,0.0,1328.1,407.3,0.0,1279.3,425.9,0.969,1340.7,425.4,0.977,1205.7,421.4,0.961,1365.4,409.2,0.968,1089.5,366.6,0.945,1402.5,284.6,0.953,1319.7,416.7,0.998,1370.5,415.9,0.999,1243.2,440.5,0.996,1421.9,431.4,0.997,1169.3,372.3,0.988,1448.9,332.5,0.99
1986,79.44,1325.1,435.2,0.0,1319.9,437.5,0.0,1332.2,432.0,0.0,1298.4,441.5,0.0,1327.2,431.1,0.0,1266.7,442.9,0.977,1331.7,432.6,0.976,1159.6,424.4,0.971,1373.4,370.6,0.965,1031.3,386.5,0.948,1435.6,263.8,0.943,1313.9,426.7,0.998,1364.8,425.1,0.998,1220.3,416.1,0.996,1411.8,410.4,0.995,1144.5,350.5,0.984,1467.9,324.2,0.984
1989,79.56,1345.1,525.7,0.0,1340.0,532.7,0.0,1355.2,528.9,0.0,1327.4,522.7,0.0,1353.1,515.7,0.0,1310.4,485.4,0.957,1341.5,475.3,0.973,1234.1,452.9,0.939,1379.6,385.9,0.962,1150.9,410.0,0.918,1425.5,288.6,0.935,1319.9,409.3,0.997,1349.2,407.4,0.997,1235.3,414.0,0.993,1393.4,410.8,0.994,1160.5,321.9,0.986,1462.0,306.0,0.988
1992,79.68,1331.5,529.7,0.0,1328.0,535.4,0.0,1341.0,530.9,0.0,1321.1,522.0,0.0,1343.7,514.8,0.0,1295.1,485.1,0.976,1338.1,478.2,0.978,1195.7,442.8,0.948,1345.6,415.7,0.945,1110.7,387.9,0.926,1371.9,359.0,0.92,1309.9,381.8,0.0,1347.1,380.0,0.997,1242.0,413.3,0.995,1385.3,407.6,0.994,1184.3,321.2,0.987,1438.1,307.8,0.987
1995,79.8,1300.6,393.8,0.0,1295.7,399.5,0.0,1307.5,395.4,0.0,1281.1,410.8,0.0,1302.4,400.5,0.0,1248.7,416.1,0.972,1299.5,401.7,0.983,1172.4,382.5,0.978,1340.3,340.7,0.98,1059.0,392.2,0.972,1410.4,272.7,0.977,1323.4,423.4,0.999,1348.7,424.8,0.999,1383.5,382.7,0.999,1414.5,376.9,0.999,1467.5,370.9,0.997,1515.5,346.3,0.997
1998,79.92,1364.5,456.8,0.0,1365.5,462.4,0.0,1370.6,455.4,0.0,1372.2,469.6,0.0,1364.0,453.0,0.0,1354.1,453.0,0.914,1372.9,421.5,0.839,1369.4,400.6,0.956,1389.4,328.4,0.906,1398.0,312.6,0.949,1413.5,247.8,0.891,1358.5,396.4,0.997,1340.5,381.0,0.994,1364.4,436.5,0.991,1208.8,412.3,0.985,1396.9,340.0,0.982,1102.3,304.8,0.976
2001,80.04,1330.6,418.5,0.0,1328.6,424.9,0.0,1336.1,423.9,0.0,1338.3,434.6,0.0,1343.4,432.4,0.0,1346.0,428.5,0.952,1344.5,422.4,0.967,1341.4,365.6,0.934,1357.2,348.2,0.955,1284.9,265.7,0.0,1394.1,253.5,0.954,1362.6,384.8,0.994,1366.1,381.3,0.995,1351.8,347.7,0.992,1403.5,335.9,0.994,1344.2,277.2,0.989,1450.1,259.1,0.991
2004,80.16,1361.0,420.6,0.0,1359.9,426.6,0.0,1369.2,421.4,0.0,1362.1,436.8,0.0,1379.7,424.0,0.0,1360.1,429.9,0.972,1387.5,401.5,0.985,1355.2,351.4,0.953,1412.2,275.7,0.982,1356.5,273.6,0.935,1435.9,209.8,0.956,1341.0,407.4,0.998,1352.3,391.4,0.998,1259.0,398.0,0.99,1275.9,378.0,0.992,1189.9,323.8,0.975,1219.8,300.0,0.98
2007,80.28,1373.8,503.5,0.0,1369.0,509.2,0.0,1379.8,507.9,0.0,1364.2,499.9,0.0,1383.0,498.4,0.0,1361.5,462.2,0.945,1389.9,450.8,0.982,1297.1,391.9,0.894,1412.6,327.4,0.977,1197.8,346.4,0.894,1419.9,263.5,0.957,1330.8,391.6,0.996,1361.0,381.9,0.997,1198.5,390.7,0.99,1366.0,381.6,0.994,1048.5,299.1,0.98,1355.4,287.9,0.987
2010,80.4,1360.8,479.0,0.0,1357.9,484.2,0.0,1369.5,480.3,0.0,1368.5,477.1,0.0,1384.7,466.8,0.0,1374.9,446.5,0.951,1401.0,411.8,0.957,1350.6,375.0,0.949,1400.5,290.3,0.965,1318.0,289.4,0.937,1390.5,242.4,0.938,1344.7,383.5,0.997,1349.4,362.3,0.997,1274.1,418.8,0.991,1251.9,392.9,0.991,1198.8,323.4,0.978,1149.7,303.4,0.98
2013,80.52,1334.8,359.5,0.0,1333.8,358.7,0.0,1341.3,357.4,0.0,1334.9,372.3,0.0,1364.7,367.7,0.0,1343.0,398.8,0.985,1389.6,384.3,0.988,1292.0,370.8,0.961,1408.1,308.7,0.968,1201.1,309.3,0.926,1404.1,218.0,0.923,1334.2,433.5,0.997,1376.5,422.2,0.997,1206.1,394.7,0.99,1358.0,383.8,0.99,1079.5,347.2,0.969,1340.7,331.1,0.973
2016,80.64,1325.2,355.0,0.0,1325.6,353.1,0.0,1332.7,351.1,0.0,1332.6,369.7,0.0,1354.3,360.7,0.0,1323.0,421.2,0.976,1381.9,388.5,0.953,1217.4,433.5,0.967,1403.4,323.5,0.0,1082.6,356.1,0.951,1389.6,229.2,0.865,1359.1,445.9,0.992,1397.5,432.4,0.987,1286.3,390.3,0.984,1379.0,370.9,0.972,1250.2,335.1,0.967,1403.3,313.4,0.959
2019,80.76,1323.9,349.0,0.0,1325.3,350.9,0.0,1332.1,346.1,0.0,1332.4,367.5,0.0,1348.6,352.7,0.0,1322.1,407.0,0.984,1350.0,368.8,0.974,1230.0,417.8,0.981,1377.3,301.9,0.944,1120.7,379.2,0.971,1400.8,235.5,0.933,1359.3,425.4,0.998,1375.7,414.1,0.997,1353.6,378.3,0.997,1406.5,358.8,0.995,1346.9,351.8,0.993,1463.1,325.6,0.993
2022,80.88,1336.7,357.0,0.0,1336.4,356.3,0.0,1342.0,354.9,0.0,1337.5,369.4,0.0,1355.8,365.2,0.0,1339.3,403.1,0.984,1363.8,384.9,0.99,1268.3,400.3,0.971,1372.4,318.6,0.98,1161.0,381.2,0.953,1385.0,239.3,0.961,1359.7,425.4,0.998,1381.3,418.9,0.999,1309.6,375.8,0.995,1407.8,369.5,0.996,1284.6,343.2,0.987,1466.3,333.4,0.99
2025,81.0,1327.6,482.6,0.0,1322.2,491.8,0.0,1336.8,491.6,0.0,1307.1,508.4,0.0,1343.1,499.3,0.0,1262.2,479.7,0.991,1380.4,493.8,0.981,1165.0,444.8,0.987,1444.0,390.3,0.973,1071.1,389.1,0.978,1441.3,279.1,0.969,1318.0,401.2,0.999,1377.1,409.1,0.998,1291.2,379.8,0.999,1366.7,358.5,0.998,1289.9,364.4,0.996,1358.7,286.7,0.995
2028,81.12,1318.9,496.4,0.0,1313.9,500.1,0.0,1326.1,507.8,0.0,1300.5,511.3,0.0,1331.4,518.5,0.0,1251.4,487.5,0.987,1356.0,504.7,0.967,1161.9,450.4,0.981,1426.9,412.7,0.949,1139.5,404.4,0.975,1489.3,352.4,0.951,1351.4,421.9,0.999,1398.7,430.5,0.998,1331.4,427.6,0.999,1390.6,404.4,0.999,1392.0,378.0,0.998,1447.2,302.6,0.998
2031,81.24,1315.5,496.1,0.0,1310.9,503.1,0.0,1324.2,506.5,0.0,1309.7,514.5,0.0,1340.7,516.7,0.0,1301.7,489.4,0.987,1367.9,482.0,0.992,1319.0,460.9,0.97,1437.6,391.5,0.986,1395.7,426.5,0.967,1452.7,296.1,0.979,1334.7,406.6,0.999,1367.8,401.7,0.999,1245.9,416.4,0.997,1295.7,400.1,0.998,1225.1,371.6,0.988,1273.0,348.5,0.99
2034,81.36,1306.0,501.1,0.0,1302.2,504.5,0.0,1314.1,514.4,0.0,1296.0,516.2,0.0,1325.2,531.7,0.0,1259.2,494.9,0.987,1349.5,503.0,0.966,1187.7,446.4,0.981,1424.2,411.5,0.941,1141.0,404.2,0.973,1454.7,328.6,0.936,1331.6,407.7,0.999,1373.9,412.8,0.998,1280.1,396.2,0.999,1329.5,377.6,0.0,1308.5,309.9,0.997,1358.5,275.6,0.996
2037,81.48,1332.8,492.1,0.0,1327.6,498.2,0.0,1339.7,504.9,0.0,1312.9,515.0,0.0,1343.1,525.0,0.0,1271.0,490.6,0.989,1360.6,509.4,0.97,1195.9,438.7,0.983,1414.7,424.5,0.948,1146.5,402.8,0.971,1446.1,351.6,0.938,1327.4,413.2,0.999,1371.7,424.5,0.998,1299.5,388.7,0.998,1352.5,373.7,0.997,1345.6,300.4,0.996,1400.6,260.5,0.995
2040,81.6,1308.0,495.2,0.0,1303.2,498.0,0.0,1313.2,510.6,0.0,1305.0,512.1,0.0,1329.8,537.1,0.0,1289.1,491.7,0.987,1358.5,511.3,0.979,1263.6,426.4,0.969,1436.7,468.6,0.944,1308.6,372.9,0.951,1508.9,441.5,0.911,1365.6,391.4,0.998,1398.6,397.8,0.997,1301.8,386.3,0.996,1338.7,373.5,0.0,1355.5,309.2,0.989,1390.0,294.0,0.988
2043,81.72,1204.9,412.2,0.0,1190.9,407.1,0.0,1205.0,429.6,0.0,1190.4,418.9,0.0,1226.0,454.8,0.0,1198.8,428.8,0.975,1294.1,473.5,0.974,1204.9,431.2,0.958,1440.7,463.2,0.969,1209.6,387.0,0.96,1521.1,413.2,0.967,1364.7,420.3,0.998,1408.8,443.6,0.998,1331.0,408.2,0.998,1390.6,401.1,0.999,1384.6,342.9,0.997,1454.2,322.9,0.998
2046,81.84,1234.4,281.2,0.0,1242.2,271.7,0.0,1235.6,279.9,0.0,1275.5,281.1,0.0,1261.3,291.0,0.0,1298.9,327.8,0.996,1267.9,354.1,0.988,1299.6,334.0,0.981,1223.3,427.4,0.914,1335.6,237.0,0.957,1203.6,396.3,0.871,1401.8,440.0,0.998,1389.7,452.8,0.996,1352.4,443.9,0.995,1347.5,456.5,0.993,1472.3,460.2,0.99,1469.2,476.6,0.987
2049,81.96,1320.8,484.1,0.0,1317.6,489.7,0.0,1327.5,492.2,0.0,1312.2,500.0,0.0,1337.4,496.0,0.0,1279.8,471.0,0.966,1353.9,481.5,0.972,1240.5,387.7,0.942,1431.5,430.8,0.958,1253.2,284.9,0.94,1478.6,403.3,0.949,1338.8,399.7,0.996,1372.8,399.9,0.996,1273.8,390.5,0.993,1315.2,379.7,0.993,1336.5,311.5,0.982,1374.5,284.9,0.984
2052,82.08,1328.9,477.8,0.0,1320.9,484.6,0.0,1334.8,487.2,0.0,1300.4,497.8,0.0,1333.3,492.7,0.0,1253.8,463.5,0.98,1355.2,482.0,0.958,1189.1,426.9,0.973,1431.4,435.6,0.939,1136.0,370.9,0.96,1474.6,412.8,0.933,1299.7,396.0,0.995,1349.9,402.1,0.993,1279.3,363.6,0.992,1342.8,339.6,0.989,1316.9,373.8,0.979,1380.6,305.9,0.976
2055,82.2,1307.9,473.7,0.0,1301.8,483.9,0.0,1320.1,489.3,0.0,1296.4,501.7,0.0,1341.8,505.5,0.0,1283.8,464.7,0.972,1373.8,471.1,0.981,1256.6,436.7,0.963,1428.6,354.6,0.976,1243.8,398.3,0.968,1390.1,211.4,0.977,1339.1,398.3,0.997,1382.8,396.9,0.998,1280.2,416.4,0.997,1349.1,350.2,0.997,1269.6,362.0,0.991,1354.9,243.9,0.993
2058,82.32,1322.0,479.9,0.0,1318.4,485.5,0.0,1328.5,490.1,0.0,1315.1,498.5,0.0,1339.7,503.1,0.0,1310.7,473.8,0.963,1362.7,492.9,0.957,1333.1,445.4,0.952,1445.5,430.3,0.938,1376.7,402.3,0.957,1475.2,362.8,0.939,1342.8,423.4,0.0,1370.2,429.7,0.995,1310.4,405.2,0.995,1351.3,367.5,0.994,1297.9,368.7,0.99,1347.9,288.0,0.99
2061,82.44,1322.0,465.7,0.0,1318.4,475.8,0.0,1338.7,482.0,0.0,1308.0,496.3,0.0,1358.8,503.5,0.0,1263.7,457.4,0.975,1374.2,473.6,0.935,1165.5,435.2,0.965,1398.6,358.3,0.882,1102.6,398.8,0.963,1380.4,224.8,0.919,1325.7,389.6,0.992,1377.4,399.8,0.985,1275.3,406.5,0.99,1352.4,367.7,0.983,1276.9,331.3,0.98,1375.9,251.8,0.973
2064,82.56,1266.5,451.7,0.0,1264.5,463.9,0.0,1286.9,459.8,0.0,1282.1,488.8,0.0,1333.4,457.0,0.0,1273.7,462.5,0.959,1372.0,423.9,0.973,1177.4,415.2,0.921,1359.9,328.6,0.966,1085.2,376.6,0.923,1301.5,245.4,0.965,1361.7,370.6,0.983,1411.5,344.6,0.988,1259.7,349.6,0.962,1323.4,316.4,0.971,1265.0,284.7,0.877,1335.4,247.2,0.895
2067,82.68,1319.3,465.1,0.0,1314.7,474.0,0.0,1328.1,479.0,0.0,1300.4,489.0,0.0,1333.7,497.2,0.0,1259.8,454.0,0.975,1348.9,473.6,0.938,1159.8,417.7,0.955,1373.0,388.6,0.858,1061.9,379.9,0.933,1401.7,268.7,0.87,1327.7,348.1,0.0,1373.4,363.9,0.966,1329.2,346.5,0.0,1383.3,346.8,0.0,1341.8,276.3,0.945,1406.6,267.2,0.93
2070,82.8,1324.4,473.6,0.0,1317.8,478.4,0.0,1329.0,479.0,0.0,1305.6,476.5,0.0,1331.1,479.5,0.0,1287.5,449.7,0.983,1339.2,457.2,0.987,1169.6,398.4,0.964,1406.7,410.4,0.967,1061.7,342.1,0.937,1483.3,347.1,0.942,1319.2,378.0,0.998,1351.0,382.9,0.998,1301.9,321.5,0.997,1391.3,325.5,0.997,1246.9,260.4,0.995,1416.3,262.4,0.996
2073,82.92,1310.2,486.5,0.0,1305.3,493.2,0.0,1316.5,491.1,0.0,1307.4,487.1,0.0,1325.5,481.8,0.0,1320.3,454.3,0.987,1335.6,436.1,0.99,1257.1,411.0,0.966,1370.6,349.0,0.974,1128.5,365.3,0.951,1400.5,284.8,0.958,1348.4,362.9,0.998,1364.6,353.4,0.998,1291.2,325.8,0.997,1384.8,308.8,0.997,1215.0,244.4,0.995,1411.4,221.9,0.996
2076,83.04,1344.5,478.1,0.0,1341.2,483.7,0.0,1353.1,478.6,0.0,1332.1,479.0,0.0,1350.3,466.6,0.0,1312.2,451.2,0.946,1350.7,438.1,0.951,1201.0,392.2,0.938,1388.6,333.0,0.932,1038.6,340.8,0.918,1425.0,231.6,0.911,1342.9,393.8,0.993,1369.9,388.9,0.992,1250.1,375.4,0.984,1389.7,364.8,0.982,1165.4,289.9,0.966,1426.2,258.0,0.966
2079,83.16,1278.6,332.9,0.0,1273.5,329.5,0.0,1288.6,326.0,0.0,1261.9,337.8,0.0,1306.2,326.9,0.0,1244.8,377.2,0.983,1315.3,350.2,0.0,1190.3,410.9,0.977,1370.2,309.9,0.962,1079.3,371.1,0.947,1409.5,219.4,0.924,1330.1,440.8,0.997,1366.0,439.0,0.996,1376.2,373.0,0.988,1407.0,360.8,0.986,1469.2,358.1,0.965,1506.5,330.5,0.964
2082,83.28,1327.4,323.2,0.0,1327.3,323.3,0.0,1334.4,321.0,0.0,1322.8,337.3,0.0,1350.5,331.8,0.0,1303.3,361.4,0.99,1352.9,353.6,0.994,1220.9,366.3,0.982,1371.0,317.8,0.988,1133.2,369.3,0.962,1409.9,244.3,0.971,1327.1,405.9,0.999,1367.5,406.4,0.999,1294.4,342.6,0.997,1431.6,343.8,0.998,1272.6,331.0,0.992,1505.5,320.1,0.994
2085,83.4,1320.1,324.7,0.0,1318.7,323.7,0.0,1323.5,319.6,0.0,1317.2,339.7,0.0,1335.3,330.3,0.0,1320.1,390.7,0.991,1357.0,362.5,0.988,1231.0,403.1,0.977,1396.0,293.4,0.964,1106.3,359.5,0.957,1412.0,186.0,0.934,1317.2,430.6,0.998,1350.9,416.1,0.998,1195.2,353.1,0.995,1345.5,339.3,0.993,1054.9,305.0,0.987,1335.8,285.1,0.987
2088,83.52,1344.2,451.2,0.0,1336.6,457.6,0.0,1350.8,454.7,0.0,1322.5,456.2,0.0,1351.5,453.4,0.0,1324.9,429.1,0.981,1350.1,428.9,0.988,1277.2,361.8,0.957,1365.3,347.5,0.981,1218.0,301.9,0.936,1409.4,259.9,0.961,1313.4,349.0,0.0,1338.1,344.8,0.999,1224.2,333.6,0.997,1330.8,329.5,0.998,1093.7,242.8,0.994,1296.0,230.8,0.995
2091,83.64,1340.5,492.2,0.0,1336.6,497.2,0.0,1348.0,490.6,0.0,1332.7,480.9,0.0,1351.6,466.4,0.0,1333.7,446.5,0.983,1353.8,415.0,0.993,1284.1,392.2,0.95,1385.4,302.3,0.986,1196.6,328.3,0.929,1420.9,247.2,0.965,1316.9,335.3,0.999,1335.3,319.7,0.999,1233.9,391.4,0.997,1343.7,369.2,0.998,1118.6,287.4,0.993,1327.3,263.1,0.995
2094,83.76,1348.8,484.6,0.0,1345.3,489.9,0.0,1356.8,485.4,0.0,1348.7,476.1,0.0,1367.8,467.1,0.0,1357.7,437.0,0.0,1376.3,415.8,0.982,1315.1,378.1,0.955,1397.5,317.8,0.969,1234.6,312.3,0.93,1416.9,261.4,0.934,1317.1,338.5,0.998,1332.1,322.4,0.998,1210.6,383.6,0.995,1297.6,364.7,0.995,1071.7,279.4,0.989,1235.7,258.6,0.99
2097,83.88,1395.9,438.2,0.0,1387.6,445.2,0.0,1398.8,442.6,0.0,1377.5,438.5,0.0,1394.4,440.1,0.0,1380.3,410.8,0.991,1392.2,407.9,0.988,1336.4,345.2,0.0,1404.6,340.4,0.972,1250.8,250.1,0.957,1454.3,268.2,0.956,1310.4,341.5,0.999,1326.8,331.0,0.999,1201.4,339.8,0.998,1323.3,327.6,0.998,1007.5,252.1,0.994,1237.7,240.9,0.994
2100,84.0,1342.0,333.6,0.0,1338.1,334.1,0.0,1344.8,330.6,0.0,1329.6,350.3,0.0,1349.2,342.5,0.0,1334.4,392.2,0.97,1365.6,368.6,0.972,1236.0,387.8,0.948,1418.1,298.1,0.943,1076.5,327.2,0.925,1424.1,206.9,0.914,1341.2,411.6,0.994,1366.8,399.5,0.994,1244.3,338.2,0.985,1373.5,323.3,0.984,1112.8,281.0,0.971,1370.8,261.0,0.972
2103,84.12,1347.9,326.9,0.0,1345.8,325.8,0.0,1349.8,323.6,0.0,1344.0,334.8,0.0,1354.5,331.2,0.0,1325.8,381.6,0.985,1381.1,354.7,0.973,1186.5,371.1,0.971,1410.8,282.1,0.923,1020.9,373.8,0.95,1424.4,215.6,0.908,1332.4,419.8,0.994,1371.0,406.0,0.991,1261.1,295.4,0.989,1391.3,286.1,0.985,1181.8,263.5,0.978,1405.2,259.0,0.976
2106,84.24,1339.9,319.9,0.0,1343.1,320.5,0.0,1348.7,316.9,0.0,1351.8,344.4,0.0,1374.7,331.9,0.0,1340.0,383.2,0.971,1397.8,353.8,0.961,1233.6,381.2,0.952,1433.7,279.4,0.91,1104.2,326.7,0.928,1439.1,190.6,0.867,1342.4,421.6,0.991,1382.0,405.8,0.988,1231.9,361.2,0.977,1345.6,343.1,0.0,1133.0,342.9,0.947,1332.6,315.3,0.942
2109,84.36,1362.5,349.0,0.0,1359.5,353.2,0.0,1370.5,350.2,0.0,1356.3,371.4,0.0,1383.6,363.4,0.0,1347.5,397.0,0.946,1386.5,374.2,0.966,1257.8,383.9,0.941,1411.3,298.2,0.95,1143.0,340.8,0.931,1417.0,218.6,0.93,1367.3,404.8,0.994,1391.2,395.9,0.995,1323.7,331.7,0.99,1388.9,319.1,0.99,1290.4,290.7,0.983,1419.3,270.7,0.986
2112,84.48,1379.4,366.4,0.0,1375.7,372.1,0.0,1386.5,369.3,0.0,1368.3,390.8,0.0,1388.2,384.0,0.0,1342.4,409.9,0.881,1384.9,391.4,0.926,1236.1,387.9,0.923,1415.9,311.5,0.932,1116.5,326.6,0.933,1438.6,215.9,0.932,1369.6,392.8,0.991,1388.8,388.8,0.991,1366.3,315.4,0.989,1404.8,306.5,0.988,1367.1,264.9,0.985,1439.4,247.0,0.987
2115,84.6,1337.4,442.6,0.0,1330.3,446.3,0.0,1337.9,443.7,0.0,1323.0,446.5,0.0,1343.8,438.1,0.0,1295.7,441.2,0.985,1381.4,414.3,0.99,1224.2,386.8,0.969,1438.4,367.5,0.97,1171.3,345.3,0.953,1478.4,261.7,0.932,1327.3,342.3,0.993,1370.4,329.1,0.993,1320.1,329.7,0.982,1361.6,322.8,0.98,1346.5,237.3,0.935,1368.3,267.2,0.938
2118,84.72,1330.1,442.4,0.0,1325.6,445.5,0.0,1326.4,442.7,0.0,1329.9,449.1,0.0,1332.8,432.0,0.0,1342.2,435.3,0.985,1362.3,397.6,0.996,1315.3,401.3,0.939,1377.2,322.8,0.985,1228.0,380.7,0.904,1326.7,243.0,0.962,1374.9,336.7,0.992,1389.4,315.8,0.996,1346.2,307.2,0.973,1354.4,278.6,0.985,1357.5,229.9,0.914,1361.4,204.2,0.945
2121,84.84,0,0,0,0,0,0,0,0,0,0,0,0,0,0,0,0,0,0,0,0,0,0,0,0,0,0,0,0,0,0,0,0,0,0,0,0,0,0,0,0,0,0,0,0,0,0,0,0,0,0,0
2124,84.96,1335.4,453.5,0.0,1328.8,455.7,0.0,1329.9,451.7,0.0,1330.2,453.5,0.0,1330.7,438.5,0.0,1358.5,435.2,0.967,1354.3,405.9,0.995,1431.0,411.0,0.877,1384.7,329.0,0.987,1490.5,417.2,0.823,1380.5,230.3,0.962,1377.1,322.6,0.978,1384.7,308.6,0.991,1364.1,277.4,0.886,1367.4,262.8,0.95,1351.0,185.4,0.753,1346.0,172.9,0.862
2127,85.08,1331.1,449.5,0.0,1326.8,453.0,0.0,1329.5,447.8,0.0,1328.4,457.8,0.0,1335.5,438.8,0.0,1328.8,432.4,0.993,1366.3,424.5,0.995,1295.8,388.3,0.972,1402.3,379.5,0.976,1282.5,398.1,0.94,1426.2,339.5,0.944,1352.8,332.8,0.996,1373.8,329.7,0.997,1350.3,288.6,0.987,1365.4,291.3,0.988,1368.9,187.9,0.963,1372.0,180.9,0.969
2130,85.2,1331.2,449.8,0.0,1325.9,452.3,0.0,1329.8,450.4,0.0,1328.0,456.1,0.0,1339.3,438.4,0.0,1322.9,438.0,0.995,1379.0,413.2,0.998,1248.7,390.4,0.977,1409.9,368.1,0.99,1187.9,366.1,0.948,1423.7,318.2,0.965,1347.3,340.1,0.0,1376.3,326.2,0.999,1346.8,302.2,0.994,1372.1,292.2,0.996,1351.4,203.1,0.978,1367.4,199.2,0.984
2133,85.32,1335.8,414.2,0.0,1334.7,420.0,0.0,1342.0,416.4,0.0,1332.9,429.7,0.0,1354.8,425.0,0.0,1312.9,429.8,0.978,1353.1,414.1,0.984,1203.9,407.7,0.967,1266.4,401.7,0.968,1141.7,342.2,0.957,1184.1,355.7,0.951,1318.7,368.5,0.997,1340.9,366.8,0.997,1310.9,361.8,0.994,1342.2,403.0,0.993,1303.4,242.6,0.978,1338.7,320.7,0.979
2136,85.44,1317.3,393.9,0.0,1316.5,396.4,0.0,1315.4,388.0,0.0,1314.4,403.5,0.0,1315.4,377.9,0.0,1300.6,403.9,0.989,1327.1,393.6,0.988,1223.9,400.5,0.971,1340.9,425.3,0.958,1133.7,363.3,0.945,1356.1,391.9,0.913,1303.8,381.7,0.996,1314.9,372.9,0.996,1268.0,414.7,0.991,1274.5,410.8,0.989,1258.1,367.9,0.979,1264.4,352.7,0.978
2139,85.56,1335.6,438.9,0.0,1333.1,443.2,0.0,1338.0,436.0,0.0,1332.0,447.9,0.0,1348.2,432.4,0.0,1311.0,441.3,0.976,1387.0,426.3,0.987,1222.1,411.1,0.954,1463.9,411.3,0.968,1112.9,372.5,0.937,1508.6,383.5,0.935,1278.4,383.7,0.996,1310.9,368.3,0.996,1242.5,392.8,0.993,1270.2,352.0,0.994,1204.0,366.3,0.99,1222.5,296.7,0.992
2142,85.68,1343.2,410.6,0.0,1339.7,413.8,0.0,1344.5,409.5,0.0,1329.0,422.6,0.0,1345.4,413.8,0.0,1313.7,436.2,0.981,1368.4,423.0,0.994,1296.2,411.4,0.93,1416.9,406.7,0.973,1269.9,368.2,0.915,1451.6,331.3,0.936,1281.2,403.6,0.989,1310.9,390.5,0.992,1252.3,381.5,0.977,1282.0,355.9,0.983,1200.7,318.0,0.957,1222.5,278.6,0.966
2145,85.8,1290.8,429.5,0.0,1287.3,437.6,0.0,1290.0,435.2,0.0,1299.7,455.6,0.0,1312.6,436.8,0.0,1309.3,436.6,0.984,1361.3,402.7,0.997,1238.0,390.9,0.928,1384.7,350.7,0.991,1145.4,380.6,0.877,1327.2,273.0,0.971,1357.6,325.4,0.992,1385.0,305.8,0.996,1317.2,289.0,0.961,1340.8,263.6,0.982,1331.4,221.0,0.893,1344.0,206.2,0.938
2148,85.92,1308.7,421.2,0.0,1308.3,429.9,0.0,1315.3,419.8,0.0,1320.7,437.4,0.0,1343.5,411.7,0.0,1329.6,437.3,0.921,1385.8,379.4,0.969,1281.8,401.6,0.817,1396.5,322.0,0.924,1192.5,360.8,0.87,1352.3,280.0,0.906,1334.4,365.8,0.924,1360.5,327.8,0.946,1202.5,350.7,0.897,1226.4,321.4,0.926,1141.7,311.3,0.866,1155.9,287.2,0.899
2151,86.04,1323.7,426.4,0.0,1316.8,429.7,0.0,1325.3,428.8,0.0,1311.8,428.4,0.0,1335.1,425.6,0.0,1293.8,417.5,0.982,1377.1,411.0,0.994,1234.7,392.0,0.938,1428.9,382.8,0.978,1172.4,367.8,0.93,1402.6,290.2,0.957,1302.7,334.0,0.986,1343.4,328.6,0.991,1250.8,343.2,0.975,1297.2,323.3,0.982,1275.7,286.8,0.938,1305.2,262.1,0.954
2154,86.16,1337.8,447.7,0.0,1326.7,449.3,0.0,1338.5,452.3,0.0,1318.9,435.0,0.0,1348.2,444.9,0.0,1295.7,401.2,0.938,1388.1,410.4,0.99,1234.3,376.4,0.887,1484.0,415.3,0.981,1186.1,353.9,0.902,1520.5,399.5,0.969,1300.9,283.1,0.963,1341.2,289.2,0.984,1297.0,310.3,0.928,1341.0,326.8,0.0,1365.9,259.0,0.866,1399.7,284.5,0.922
2157,86.28,1348.1,444.4,0.0,1343.8,449.0,0.0,1352.6,443.6,0.0,1341.9,447.5,0.0,1367.0,431.2,0.0,1310.4,433.3,0.961,1412.3,414.6,0.99,1226.2,408.4,0.895,1510.7,402.3,0.965,1104.8,380.7,0.893,1592.1,389.0,0.918,1293.4,336.3,0.96,1340.5,320.7,0.976,1242.1,334.2,0.948,1283.5,323.1,0.967,1251.9,283.3,0.913,1280.8,260.1,0.941
2160,86.4,1339.3,309.9,0.0,1337.2,308.6,0.0,1339.0,307.4,0.0,1329.8,320.0,0.0,1346.9,319.7,0.0,1333.4,340.7,0.992,1369.7,345.6,0.995,1360.6,275.3,0.966,1378.9,281.1,0.984,1377.6,219.8,0.93,1402.9,208.7,0.955,1353.3,394.3,0.0,1392.6,398.1,0.999,1299.6,363.2,0.995,1448.3,367.0,0.996,1269.9,345.1,0.983,1496.4,345.4,0.987
2163,86.52,1328.6,309.0,0.0,1328.2,308.2,0.0,1334.2,307.4,0.0,1332.3,324.6,0.0,1353.5,320.4,0.0,1342.8,355.0,0.987,1375.4,342.6,0.978,1349.3,314.5,0.973,1402.4,271.3,0.944,1363.0,241.6,0.95,1415.9,194.4,0.896,1359.9,405.7,0.997,1388.5,399.4,0.996,1266.8,370.5,0.991,1357.8,364.8,0.986,1213.5,338.3,0.973,1368.0,331.0,0.969
2166,86.64,1444.1,391.3,0.0,1450.6,396.9,0.0,1449.2,389.3,0.0,1444.9,410.0,0.0,1434.8,395.9,0.0,1392.8,405.6,0.932,1414.4,391.6,0.977,1353.6,351.5,0.908,1419.5,312.6,0.976,1347.4,264.1,0.929,1429.0,209.8,0.961,1298.3,395.6,0.993,1303.7,382.8,0.995,1216.1,384.5,0.986,1229.9,372.2,0.989,1144.9,345.1,0.973,1160.8,320.1,0.978
2169,86.76,1327.8,318.0,0.0,1326.7,314.4,0.0,1334.5,314.4,0.0,1329.6,329.3,0.0,1356.2,326.1,0.0,1332.6,381.7,0.967,1376.8,358.2,0.966,1244.9,394.1,0.946,1399.6,292.0,0.922,1141.2,329.3,0.923,1391.2,190.8,0.883,1346.6,440.2,0.99,1378.4,429.3,0.988,1253.4,355.6,0.975,1348.8,347.0,0.969,1191.6,320.9,0.945,1369.3,314.7,0.944
2172,86.88,1337.0,327.8,0.0,1334.6,325.8,0.0,1341.3,321.9,0.0,1329.9,336.1,0.0,1356.8,325.5,0.0,1330.7,374.5,0.97,1374.5,338.2,0.979,1274.6,349.7,0.947,1378.6,245.9,0.963,1201.3,307.1,0.927,1379.7,175.2,0.939,1337.5,450.4,0.992,1370.1,433.1,0.994,1264.1,351.7,0.979,1349.4,329.8,0.984,1208.9,345.1,0.959,1357.9,325.9,0.968
2175,87.0,1341.8,339.4,0.0,1336.5,341.3,0.0,1348.3,340.6,0.0,1340.0,350.0,0.0,1361.9,349.5,0.0,1357.2,360.8,0.879,1366.3,352.4,0.858,1358.2,287.3,0.914,1354.0,259.5,0.872,1326.2,228.8,0.941,1315.0,215.1,0.91,1368.6,363.9,0.0,1374.9,357.6,0.975,1349.2,259.4,0.976,1357.2,248.2,0.972,1344.1,247.0,0.964,1371.8,235.7,0.964
2178,87.12,1420.2,390.5,0.0,1422.8,397.6,0.0,1428.5,392.6,0.0,1422.4,415.0,0.0,1423.2,403.2,0.0,1397.1,427.5,0.845,1397.5,392.5,0.927,1382.2,427.0,0.86,1393.1,310.8,0.938,1364.4,379.1,0.916,1400.8,220.9,0.937,1338.2,405.7,0.0,1338.9,388.5,0.984,1270.2,323.9,0.978,1306.6,302.6,0.981,1242.7,273.2,0.976,1314.1,245.6,0.98
2181,87.24,1351.0,418.5,0.0,1348.3,424.9,0.0,1355.0,423.4,0.0,1354.0,433.1,0.0,1357.3,429.6,0.0,1362.9,434.1,0.919,1363.2,407.2,0.954,1370.9,423.0,0.894,1376.2,335.5,0.949,1351.3,356.0,0.928,1375.1,245.4,0.949,1352.8,360.6,0.99,1357.3,346.7,0.992,1307.7,311.1,0.988,1348.5,292.8,0.991,1274.3,227.8,0.985,1352.1,212.7,0.989
2184,87.36,1344.4,439.0,0.0,1339.6,446.1,0.0,1350.5,444.3,0.0,1337.9,450.0,0.0,1352.8,446.2,0.0,1332.6,442.8,0.895,1357.2,409.4,0.96,1268.8,417.0,0.865,1370.5,303.0,0.96,1179.1,392.7,0.888,1388.9,242.0,0.95,1342.1,369.9,0.988,1357.4,356.1,0.993,1314.3,317.5,0.0,1367.7,301.3,0.989,1281.5,246.1,0.977,1383.4,236.2,0.985
2187,87.48,1336.4,431.2,0.0,1328.4,438.8,0.0,1344.3,434.8,0.0,1318.3,446.2,0.0,1348.5,435.8,0.0,1314.8,445.9,0.949,1348.3,413.3,0.0,1266.4,400.9,0.927,1383.5,306.5,0.968,1187.6,361.3,0.933,1432.0,239.2,0.962,1349.4,385.5,0.993,1369.6,376.0,0.0,1368.2,291.7,0.991,1407.8,274.9,0.994,1354.1,236.3,0.991,1442.2,217.3,0.993
2190,87.6,1321.6,484.6,0.0,1315.9,491.7,0.0,1328.8,489.6,0.0,1309.3,491.3,0.0,1334.2,485.7,0.0,1305.5,463.4,0.964,1344.1,446.1,0.985,1250.4,408.6,0.939,1375.9,334.5,0.976,1159.4,363.4,0.93,1396.1,251.1,0.961,1354.8,382.8,0.995,1377.3,378.5,0.997,1350.4,321.0,0.992,1391.0,310.1,0.994,1345.7,246.7,0.99,1423.0,228.1,0.993
2193,87.72,1330.1,478.8,0.0,1319.5,484.0,0.0,1332.9,485.1,0.0,1310.0,476.4,0.0,1321.4,480.9,0.0,1298.9,462.4,0.915,1344.8,443.5,0.964,1239.3,438.5,0.896,1387.5,336.3,0.961,1125.6,371.9,0.927,1414.3,232.1,0.962,1361.2,374.2,0.991,1380.8,370.9,0.994,1369.3,322.5,0.99,1396.1,312.9,0.993,1384.9,206.9,0.987,1417.1,197.3,0.99
2196,87.84,1324.2,485.6,0.0,1312.8,489.9,0.0,1332.0,490.1,0.0,1299.2,476.2,0.0,1343.2,477.8,0.0,1297.5,440.8,0.982,1347.7,434.8,0.989,1222.7,394.4,0.954,1421.4,377.8,0.976,1140.7,351.7,0.929,1510.0,337.3,0.953,1317.5,341.7,0.0,1351.8,341.0,0.998,1315.4,277.3,0.997,1408.7,275.1,0.998,1259.0,211.6,0.997,1444.5,215.1,0.997
2199,87.96,1319.1,312.1,0.0,1318.0,310.8,0.0,1322.7,311.2,0.0,1313.8,327.4,0.0,1331.5,327.7,0.0,1295.3,363.0,0.979,1335.8,360.3,0.976,1203.8,356.5,0.978,1384.7,339.4,0.949,1088.5,347.7,0.959,1453.6,281.9,0.928,1332.2,402.2,0.997,1350.0,406.2,0.996,1374.0,334.3,0.994,1408.4,337.8,0.993,1444.6,331.9,0.987,1505.5,331.1,0.987
2202,88.08,1322.5,331.5,0.0,1324.2,334.7,0.0,1331.0,326.9,0.0,1330.3,359.0,0.0,1348.8,338.4,0.0,1325.8,403.2,0.981,1366.6,354.0,0.975,1235.8,401.3,0.972,1386.2,269.6,0.948,1081.8,346.8,0.953,1405.2,221.7,0.922,1371.2,424.2,0.996,1397.1,403.4,0.995,1293.9,384.3,0.988,1380.6,347.7,0.0,1269.0,337.2,0.963,1423.7,292.3,0.962
2205,88.2,1304.9,493.4,0.0,1300.4,500.9,0.0,1314.0,495.2,0.0,1294.3,497.1,0.0,1327.7,481.7,0.0,1291.4,460.0,0.994,1343.7,429.5,0.993,1194.9,389.8,0.984,1388.7,312.7,0.98,1074.6,333.3,0.957,1421.0,243.5,0.952,1346.9,389.9,0.999,1388.4,378.2,0.999,1270.5,371.4,0.998,1416.2,350.3,0.998,1207.4,303.9,0.994,1476.3,276.9,0.995
2208,88.32,1339.1,478.8,0.0,1332.7,482.0,0.0,1342.1,481.5,0.0,1322.9,476.4,0.0,1342.8,475.7,0.0,1323.4,452.5,0.974,1358.9,439.7,0.974,1211.4,403.3,0.954,1410.6,346.7,0.954,1042.2,333.9,0.918,1460.1,267.6,0.917,1333.7,398.4,0.997,1364.3,391.2,0.997,1218.4,382.9,0.991,1393.7,373.5,0.991,1085.3,304.4,0.977,1408.1,296.5,0.979
2211,88.44,1326.0,480.7,0.0,1322.1,484.8,0.0,1332.0,482.8,0.0,1322.5,471.9,0.0,1338.3,467.6,0.0,1326.9,441.0,0.97,1343.1,420.0,0.988,1233.5,400.1,0.941,1370.3,321.2,0.0,1082.8,338.6,0.915,1417.2,254.7,0.956,1328.3,357.3,0.998,1345.6,346.1,0.999,1225.0,395.1,0.995,1367.7,379.3,0.997,1130.5,293.3,0.988,1402.6,279.6,0.992
2214,88.56,1335.8,399.6,0.0,1336.0,401.6,0.0,1341.2,397.0,0.0,1331.2,408.6,0.0,1345.9,399.3,0.0,1312.4,408.3,0.0,1361.3,400.1,0.914,1202.2,378.2,0.886,1382.5,350.4,0.875,1067.0,324.4,0.834,1393.9,271.3,0.825,1309.8,389.5,0.992,1354.2,381.6,0.992,1182.2,399.2,0.983,1382.1,388.4,0.983,1024.1,338.4,0.961,1372.3,314.6,0.964
2217,88.68,1336.7,479.8,0.0,1327.5,486.5,0.0,1347.3,480.6,0.0,1328.0,474.6,0.0,1360.6,464.0,0.0,1332.6,435.2,0.97,1374.2,399.3,0.974,1335.4,355.9,0.959,1335.8,296.2,0.98,1337.4,270.1,0.928,1393.3,246.8,0.955,1340.2,345.1,1.0,1344.5,326.2,1.0,1345.2,415.5,0.999,1230.9,385.1,0.999,1351.6,352.0,0.998,1118.1,326.0,0.999
2220,88.8,1330.3,451.3,0.0,1328.0,455.6,0.0,1334.8,454.6,0.0,1329.7,450.9,0.0,1342.3,449.4,0.0,1333.1,422.3,0.966,1345.0,402.9,0.0,1283.7,360.3,0.939,1335.0,303.4,0.939,1220.7,336.6,0.901,1363.2,271.0,0.899,1343.7,370.5,0.997,1354.5,361.8,0.997,1304.3,362.5,0.0,1361.6,350.7,0.995,1278.9,309.5,0.99,1393.1,304.5,0.992
2223,88.92,1319.3,357.4,0.0,1324.4,362.5,0.0,1324.6,353.1,0.0,1339.8,383.8,0.0,1336.6,361.0,0.0,1345.6,398.7,0.989,1361.7,357.9,0.98,1349.7,351.4,0.982,1388.1,268.8,0.974,1334.2,267.8,0.966,1410.1,200.6,0.944,1325.1,395.2,0.999,1322.1,370.0,0.998,1257.5,412.5,0.994,1210.0,376.6,0.992,1161.4,343.6,0.98,1072.6,297.0,0.978
2226,89.04,1313.5,343.9,0.0,1312.1,341.9,0.0,1316.9,337.0,0.0,1306.9,355.9,0.0,1330.9,343.7,0.0,1300.3,397.5,0.993,1358.3,373.8,0.979,1177.8,390.0,0.984,1384.7,322.7,0.917,1020.3,348.3,0.954,1390.1,243.9,0.869,1325.3,452.4,0.996,1376.9,441.5,0.993,1203.4,382.3,0.986,1410.7,368.8,0.975,1065.8,350.8,0.952,1428.8,329.3,0.938
2229,89.16,1246.3,315.1,0.0,1245.9,311.2,0.0,1257.9,309.1,0.0,1256.2,327.1,0.0,1290.2,315.6,0.0,1254.3,379.8,0.983,1314.3,354.0,0.0,1176.4,423.6,0.981,1348.7,342.4,0.818,1043.5,364.9,0.955,1386.1,262.5,0.781,1358.4,446.6,0.991,1391.4,441.4,0.979,1336.1,393.3,0.968,1392.1,375.3,0.924,1412.9,350.5,0.911,1492.6,317.0,0.868
2232,89.28,1325.1,340.6,0.0,1321.2,338.8,0.0,1330.1,335.3,0.0,1313.8,351.7,0.0,1341.2,340.4,0.0,1311.8,398.0,0.974,1365.0,360.2,0.965,1229.4,428.0,0.961,1416.5,307.5,0.924,1083.3,365.9,0.938,1416.4,236.9,0.895,1364.5,457.8,0.99,1397.3,444.3,0.987,1314.9,384.9,0.971,1396.9,360.8,0.961,1282.2,350.5,0.935,1432.9,322.8,0.929
2235,89.4,1326.0,340.4,0.0,1323.5,339.8,0.0,1334.9,332.7,0.0,1322.5,356.4,0.0,1361.9,337.7,0.0,1339.0,414.0,0.989,1387.8,348.4,0.985,1288.7,457.5,0.971,1433.5,270.9,0.966,1202.2,392.8,0.931,1451.7,191.8,0.906,1322.2,464.4,0.997,1359.3,431.0,0.997,1189.9,393.5,0.988,1295.1,352.3,0.986,1052.4,330.7,0.966,1250.6,295.5,0.967
2238,89.52,1349.1,348.3,0.0,1345.7,349.2,0.0,1353.8,347.0,0.0,1344.5,364.4,0.0,1370.1,360.1,0.0,1350.0,396.1,0.984,1384.1,380.9,0.991,1291.9,364.0,0.964,1406.6,319.4,0.974,1170.0,319.6,0.939,1442.4,246.3,0.95,1391.0,410.2,0.997,1407.4,404.4,0.997,1393.5,311.7,0.993,1417.1,300.7,0.994,1429.0,285.7,0.986,1471.8,270.5,0.99
2241,89.64,1358.7,342.9,0.0,1351.5,349.6,0.0,1368.5,345.4,0.0,1333.7,371.4,0.0,1376.1,362.6,0.0,1303.3,393.6,0.956,1382.3,380.6,0.958,1202.4,366.7,0.956,1410.2,318.1,0.934,1093.2,345.8,0.946,1434.7,227.9,0.927,1345.4,404.8,0.994,1395.9,401.3,0.994,1329.2,285.9,0.993,1413.2,278.0,0.992,1322.0,260.5,0.991,1453.2,234.0,0.992
2244,89.76,1419.1,413.5,0.0,1415.0,422.1,0.0,1426.6,417.5,0.0,1408.3,435.0,0.0,1428.4,428.2,0.0,1389.9,425.1,0.967,1422.6,417.3,0.964,1327.6,368.3,0.956,1402.4,350.7,0.945,1273.1,308.2,0.949,1421.2,281.9,0.933,1373.2,376.3,0.996,1388.8,368.6,0.996,1326.5,290.0,0.995,1327.3,278.3,0.994,1273.1,226.8,0.995,1267.0,204.9,0.995
2247,89.88,1432.6,445.2,0.0,1427.9,451.7,0.0,1439.6,449.7,0.0,1421.9,453.8,0.0,1435.3,450.1,0.0,1409.5,442.3,0.868,1425.6,420.7,0.926,1350.9,417.7,0.9,1424.1,339.1,0.948,1264.9,343.3,0.927,1439.4,262.1,0.943,1382.2,380.3,0.995,1388.6,368.7,0.995,1319.3,355.9,0.993,1359.7,340.1,0.994,1264.1,264.8,0.991,1333.6,249.4,0.992
2250,90.0,1327.8,458.1,0.0,1320.5,461.5,0.0,1327.3,462.7,0.0,1317.7,462.7,0.0,1335.1,460.1,0.0,1313.7,448.0,0.986,1357.6,422.7,0.987,1241.6,412.3,0.967,1318.9,382.1,0.962,1168.4,389.8,0.952,1206.3,353.8,0.946,1369.8,350.6,0.994,1394.8,338.3,0.994,1325.5,318.4,0.0,1355.6,317.2,0.984,1355.3,229.3,0.949,1378.4,249.3,0.953
2253,90.12,1335.8,468.6,0.0,1324.6,469.2,0.0,1338.4,471.6,0.0,1316.3,453.8,0.0,1347.5,460.5,0.0,1303.5,436.2,0.979,1387.8,417.6,0.965,1244.9,408.3,0.959,1415.0,359.0,0.88,1175.7,397.0,0.938,1329.3,293.1,0.846,1350.3,334.2,0.989,1390.1,327.0,0.983,1320.8,335.8,0.979,1371.0,327.9,0.967,1317.4,236.8,0.939,1354.8,250.6,0.926
2256,90.24,1326.9,459.4,0.0,1318.3,462.1,0.0,1328.6,466.1,0.0,1320.7,458.2,0.0,1346.0,467.2,0.0,1320.5,439.6,0.942,1387.1,422.4,0.933,1236.0,398.7,0.877,1401.4,329.7,0.0,1149.5,411.4,0.822,1331.5,239.8,0.76,1369.3,328.4,0.924,1400.2,324.8,0.0,1354.8,307.0,0.838,1385.1,304.2,0.819,1363.5,202.0,0.759,1384.7,203.3,0.753
2259,90.36,1378.4,445.6,0.0,1377.8,448.7,0.0,1386.3,446.5,0.0,1370.0,444.5,0.0,1392.5,447.8,0.0,1340.3,449.9,0.975,1374.7,429.2,0.98,1255.0,423.1,0.969,1314.1,406.7,0.963,1157.3,354.8,0.971,1264.9,343.2,0.953,1300.5,384.6,0.998,1321.6,373.5,0.998,1311.5,383.8,0.998,1334.4,377.1,0.997,1264.1,238.6,0.993,1299.1,247.0,0.993
2262,90.48,1359.7,445.8,0.0,1355.8,449.9,0.0,1364.9,447.1,0.0,1347.6,452.7,0.0,1373.6,448.4,0.0,1315.2,451.6,0.981,1389.9,430.3,0.985,1227.8,421.4,0.963,1385.6,385.7,0.958,1146.8,362.1,0.96,1323.3,330.5,0.941,1310.4,377.6,0.994,1346.7,363.7,0.994,1274.7,376.2,0.992,1318.2,361.3,0.0,1273.6,303.0,0.979,1306.6,278.4,0.979
2265,90.6,1369.2,468.0,0.0,1363.6,473.2,0.0,1372.6,467.9,0.0,1352.2,466.3,0.0,1374.4,452.8,0.0,1324.5,440.7,0.975,1381.6,418.5,0.974,1231.2,414.7,0.941,1367.3,374.9,0.93,1136.4,369.5,0.919,1270.0,338.5,0.901,1327.5,376.8,0.986,1350.7,360.8,0.986,1285.2,406.7,0.97,1317.9,370.2,0.97,1246.4,403.4,0.941,1278.0,337.4,0.944
2268,90.72,1352.1,435.1,0.0,1349.4,438.4,0.0,1356.8,435.2,0.0,1347.6,442.8,0.0,1368.8,431.3,0.0,1327.4,437.4,0.988,1391.3,427.8,0.993,1229.8,412.1,0.954,1411.4,417.1,0.966,1123.8,362.7,0.924,1421.0,375.9,0.916,1286.7,398.3,0.994,1315.9,388.4,0.995,1256.6,398.8,0.989,1287.9,380.5,0.99,1216.2,332.8,0.98,1252.0,301.7,0.982
2271,90.84,1357.6,463.7,0.0,1351.1,469.7,0.0,1359.5,464.2,0.0,1337.7,469.8,0.0,1359.2,450.4,0.0,1313.5,451.5,0.987,1373.9,406.9,0.0,1263.5,415.3,0.939,1392.0,343.3,0.961,1175.4,372.8,0.912,1313.8,285.8,0.92,1302.7,367.9,0.987,1330.9,335.0,0.988,1224.3,388.9,0.972,1257.7,331.5,0.976,1175.8,364.1,0.95,1202.6,289.7,0.958
2274,90.96,1310.3,380.8,0.0,1313.1,389.7,0.0,1315.2,370.2,0.0,1315.2,401.9,0.0,1326.9,356.1,0.0,1301.6,421.0,0.912,1343.2,351.7,0.0,1188.2,418.5,0.874,1285.8,308.0,0.901,1067.1,362.2,0.911,1203.5,267.5,0.902,1292.9,406.8,0.959,1310.9,361.7,0.961,1177.0,390.7,0.951,1195.3,348.4,0.954,1137.9,392.9,0.932,1145.5,322.2,0.938
2277,91.08,0,0,0,0,0,0,0,0,0,0,0,0,0,0,0,0,0,0,0,0,0,0,0,0,0,0,0,0,0,0,0,0,0,0,0,0,0,0,0,0,0,0,0,0,0,0,0,0,0,0,0
2280,91.2,1330.0,398.8,0.0,1334.1,401.1,0.0,1333.7,392.7,0.0,1344.1,415.0,0.0,1349.2,393.1,0.0,1334.7,449.1,0.986,1379.5,407.5,0.0,1243.3,424.8,0.951,1377.4,406.4,0.0,1168.1,376.3,0.94,1386.7,350.2,0.951,1294.0,417.0,0.995,1316.8,389.1,0.996,1273.9,405.3,0.99,1289.3,378.8,0.991,1238.5,281.9,0.98,1238.3,270.9,0.984
2283,91.32,1343.0,445.6,0.0,1338.8,448.3,0.0,1346.9,446.2,0.0,1336.8,451.4,0.0,1359.2,439.5,0.0,1306.0,438.1,0.991,1400.6,429.8,0.999,1191.3,390.6,0.948,1469.3,421.3,0.99,1083.3,347.6,0.911,1538.4,410.5,0.956,1279.5,356.9,0.993,1322.4,345.6,0.997,1225.9,359.9,0.985,1265.5,340.4,0.992,1213.9,275.8,0.977,1244.7,240.1,0.986
2286,91.44,1352.9,454.3,0.0,1349.8,459.1,0.0,1358.0,454.6,0.0,1344.3,462.0,0.0,1366.7,451.4,0.0,1315.2,456.8,0.984,1396.1,436.0,0.99,1227.7,407.5,0.958,1423.2,412.1,0.962,1127.7,359.1,0.942,1400.2,357.1,0.924,1324.5,365.3,0.992,1365.1,349.7,0.992,1269.2,351.6,0.985,1309.0,333.5,0.985,1214.9,271.3,0.97,1238.8,259.5,0.973
2289,91.56,1345.9,460.7,0.0,1343.8,466.4,0.0,1346.5,458.4,0.0,1345.9,469.6,0.0,1353.6,445.0,0.0,1343.6,452.5,0.984,1381.2,413.5,0.995,1315.9,412.7,0.925,1398.2,361.8,0.978,1214.8,378.0,0.906,1345.3,305.5,0.0,1345.1,348.0,0.0,1367.1,320.0,0.989,1239.7,357.8,0.962,1257.2,319.7,0.976,1208.4,301.6,0.934,1214.8,254.3,0.956
2292,91.68,1352.8,454.2,0.0,1352.1,456.9,0.0,1350.1,450.0,0.0,1351.7,462.4,0.0,1348.2,440.9,0.0,1352.6,460.6,0.992,1362.4,419.6,0.999,1343.7,420.0,0.959,1391.2,368.8,0.994,1303.2,407.6,0.928,1403.1,319.0,0.978,1332.4,362.9,0.998,1340.8,337.9,0.0,1324.4,346.9,0.995,1319.0,326.4,0.998,1294.5,225.1,0.988,1279.4,217.2,0.994
2295,91.8,1369.1,446.8,0.0,1368.2,448.8,0.0,1371.9,458.7,0.0,1361.9,458.7,0.0,1367.3,479.6,0.0,1354.5,429.8,0.981,1345.4,455.3,0.963,1421.8,410.0,0.984,1383.7,406.4,0.944,1502.0,383.3,0.982,1468.1,353.6,0.947,1331.3,356.8,0.999,1334.7,365.2,0.999,1266.7,371.1,0.999,1271.5,328.7,0.999,1199.4,375.1,0.996,1224.3,280.7,0.995
2298,91.92,1319.4,419.7,0.0,1315.7,432.1,0.0,1333.7,430.3,0.0,1312.3,455.1,0.0,1355.6,437.1,0.0,1291.2,420.8,0.978,1392.8,411.3,0.967,1235.8,401.6,0.979,1445.4,299.4,0.962,1199.7,350.1,0.982,1426.6,222.1,0.974,1343.2,367.4,0.997,1391.9,355.9,0.996,1253.5,361.5,0.997,1327.1,303.4,0.996,1183.3,399.3,0.988,1265.5,272.9,0.987
2301,92.04,1317.0,424.0,0.0,1317.1,433.0,0.0,1333.1,431.8,0.0,1319.9,443.3,0.0,1359.3,432.6,0.0,1298.5,418.0,0.966,1387.8,389.4,0.979,1199.1,385.6,0.924,1387.3,287.4,0.961,1100.3,360.0,0.935,1335.5,220.5,0.966,1348.6,339.1,0.979,1388.5,323.1,0.982,1250.7,343.7,0.971,1303.3,319.0,0.976,1142.4,282.3,0.9,1199.9,253.0,0.911
2304,92.16,1322.5,426.4,0.0,1322.6,436.8,0.0,1339.2,433.7,0.0,1323.5,454.4,0.0,1363.7,433.9,0.0,1293.8,428.5,0.947,1387.5,396.1,0.961,1196.1,400.5,0.918,1387.1,275.4,0.952,1121.9,370.2,0.933,1347.1,207.9,0.963,1337.2,355.2,0.969,1380.9,332.3,0.974,1246.0,366.7,0.949,1306.0,318.4,0.956,1169.4,336.2,0.818,1232.4,248.7,0.833
2307,92.28,1313.3,427.1,0.0,1310.0,435.1,0.0,1326.8,439.0,0.0,1305.9,452.6,0.0,1346.1,448.5,0.0,1275.6,427.6,0.936,1367.8,413.6,0.944,1187.6,389.7,0.914,1389.3,287.7,0.937,1106.4,369.2,0.918,1388.8,188.0,0.947,1350.9,355.3,0.976,1395.2,347.2,0.978,1282.1,345.3,0.961,1339.1,320.5,0.964,1263.0,275.7,0.894,1330.0,229.7,0.904
2310,92.4,1323.1,407.3,0.0,1327.2,406.3,0.0,1327.8,417.6,0.0,1345.8,422.0,0.0,1344.4,444.3,0.0,1354.1,408.5,0.962,1346.6,433.2,0.943,1380.1,291.2,0.963,1357.6,311.2,0.888,1411.3,199.7,0.963,1367.5,207.3,0.914,1364.4,378.3,0.994,1365.1,390.9,0.0,1242.0,358.6,0.99,1238.7,359.9,0.985,1155.7,338.8,0.941,1153.4,313.2,0.929
2313,92.52,1293.7,404.3,0.0,1293.0,407.3,0.0,1306.7,414.5,0.0,1304.0,422.1,0.0,1336.2,423.6,0.0,1274.2,415.5,0.915,1366.8,405.5,0.886,1171.1,366.3,0.865,1363.2,318.6,0.844,1058.2,324.9,0.851,1312.9,242.5,0.867,1372.2,315.5,0.907,1421.0,309.8,0.902,1266.4,271.2,0.821,1322.4,264.9,0.813,1260.6,174.5,0.591,1308.2,168.5,0.585
2316,92.64,1301.3,423.9,0.0,1298.6,432.8,0.0,1318.8,434.0,0.0,1309.1,451.9,0.0,1358.3,429.8,0.0,1287.3,427.7,0.943,1397.9,389.7,0.973,1190.6,401.0,0.913,1407.9,289.9,0.976,1109.5,342.2,0.928,1357.9,248.1,0.977,1359.8,358.3,0.987,1412.2,325.5,0.992,1248.5,369.7,0.978,1322.4,294.6,0.986,1239.0,357.2,0.92,1317.8,230.6,0.94
2319,92.76,1335.8,261.4,0.0,1345.0,264.1,0.0,1343.7,255.5,0.0,1360.4,291.6,0.0,1357.6,263.9,0.0,1335.7,352.6,0.99,1366.6,300.9,0.919,1251.7,366.8,0.982,1397.7,255.1,0.727,1116.0,364.1,0.965,1410.8,176.2,0.78,1347.5,394.4,0.986,1360.6,362.8,0.957,1249.0,367.0,0.966,1254.2,318.6,0.905,1184.7,366.0,0.858,1184.0,305.9,0.77
2322,92.88,1386.0,293.3,0.0,1390.7,288.9,0.0,1387.7,299.3,0.0,1404.7,303.7,0.0,1398.2,325.1,0.0,1406.5,325.6,0.946,1393.8,368.7,0.848,1409.0,284.8,0.945,1381.7,373.8,0.716,1413.1,193.4,0.926,1386.2,316.5,0.749,1363.1,379.8,0.989,1361.0,400.2,0.98,1263.5,337.7,0.981,1260.3,353.8,0.966,1167.1,347.7,0.913,1169.9,360.3,0.884
2325,93.0,1334.0,255.6,0.0,1342.3,255.0,0.0,1345.3,253.9,0.0,1366.2,281.1,0.0,1372.1,263.1,0.0,1348.0,336.7,0.0,1376.2,291.3,0.948,1278.9,334.8,0.972,1386.4,249.9,0.86,1198.1,320.6,0.966,1378.4,190.6,0.898,1359.2,399.0,0.991,1370.1,368.9,0.982,1233.8,369.0,0.982,1243.0,334.3,0.966,1171.1,358.4,0.908,1179.9,321.9,0.876
2328,93.12,1313.6,439.4,0.0,1310.7,440.0,0.0,1318.6,448.3,0.0,1317.9,453.2,0.0,1334.9,460.2,0.0,1327.6,449.6,0.932,1356.5,441.6,0.91,1368.2,437.9,0.922,1418.2,412.8,0.898,1434.0,400.8,0.938,1475.7,388.6,0.917,1334.7,385.5,0.99,1352.6,374.7,0.988,1278.5,378.7,0.982,1302.6,351.3,0.979,1266.8,304.2,0.938,1300.5,273.8,0.935
2331,93.24,1295.0,429.0,0.0,1291.4,432.2,0.0,1302.7,438.6,0.0,1300.5,447.6,0.0,1326.9,449.2,0.0,1301.5,423.1,0.965,1360.6,438.1,0.938,1296.4,325.8,0.964,1392.2,360.0,0.919,1380.1,228.6,0.966,1407.6,311.1,0.937,1373.5,370.1,0.995,1404.1,371.6,0.0,1308.8,347.4,0.994,1354.1,328.3,0.991,1344.3,289.0,0.98,1384.8,237.0,0.977
2334,93.36,1233.5,260.3,0.0,1238.8,256.0,0.0,1232.3,258.2,0.0,1254.9,267.4,0.0,1240.2,266.2,0.0,1286.0,317.0,0.988,1248.1,322.3,0.977,1306.2,346.7,0.963,1219.9,366.0,0.892,1287.5,279.2,0.944,1179.9,348.3,0.871,1396.4,423.2,0.991,1383.2,427.1,0.988,1378.2,385.8,0.986,1370.9,391.8,0.98,1420.4,398.4,0.98,1423.5,411.6,0.977
2337,93.48,1296.6,456.2,0.0,1295.4,462.2,0.0,1302.7,459.4,0.0,1297.1,465.2,0.0,1314.7,451.0,0.0,1289.4,429.8,0.968,1342.7,444.5,0.974,1264.2,369.5,0.949,1386.7,384.0,0.0,1260.6,296.3,0.957,1389.5,304.3,0.962,1343.8,364.7,0.994,1370.7,370.5,0.994,1336.2,355.8,0.993,1369.9,348.3,0.993,1346.3,312.3,0.987,1373.6,278.3,0.987
2340,93.6,1338.9,321.1,0.0,1337.9,319.4,0.0,1345.6,318.0,0.0,1343.7,331.5,0.0,1365.2,326.1,0.0,1329.7,379.1,0.969,1396.8,354.9,0.0,1242.6,378.4,0.94,1430.4,316.2,0.941,1184.0,325.3,0.935,1440.1,263.4,0.931,1345.8,409.6,0.99,1390.7,398.2,0.99,1295.1,290.7,0.986,1389.9,280.4,0.986,1252.9,257.0,0.975,1393.3,255.9,0.978
2343,93.72,1447.5,310.4,0.0,1449.2,313.4,0.0,1448.0,309.3,0.0,1445.0,333.3,0.0,1437.4,327.8,0.0,1427.1,348.7,0.918,1428.2,346.6,0.883,1410.2,302.9,0.939,1409.6,314.5,0.901,1391.7,235.1,0.942,1398.4,252.1,0.901,1354.7,411.3,0.991,1352.2,401.9,0.988,1275.9,349.3,0.985,1284.4,340.5,0.979,1171.4,338.0,0.977,1182.6,322.5,0.971
2346,93.84,1351.1,406.6,0.0,1347.3,411.2,0.0,1356.9,411.2,0.0,1348.9,413.4,0.0,1365.1,412.7,0.0,1352.9,404.3,0.952,1378.0,387.7,0.0,1294.8,370.7,0.937,1407.9,297.5,0.962,1213.9,339.3,0.933,1416.1,241.4,0.947,1370.9,351.3,0.996,1389.1,343.5,0.997,1318.0,314.2,0.994,1386.0,305.4,0.995,1273.0,244.8,0.989,1405.8,238.2,0.992
2349,93.96,1376.2,340.2,0.0,1374.7,341.6,0.0,1382.8,339.4,0.0,1372.7,354.0,0.0,1394.6,350.2,0.0,1369.5,367.3,0.945,1401.7,367.8,0.924,1330.3,326.8,0.0,1401.2,331.5,0.0,1285.7,276.7,0.906,1390.7,276.3,0.852,1348.6,387.5,0.993,1375.6,381.4,0.0,1256.5,350.3,0.986,1343.2,343.8,0.983,1152.4,308.9,0.976,1301.8,293.6,0.974
2352,94.08,1374.0,371.9,0.0,1371.1,376.8,0.0,1378.3,373.6,0.0,1364.5,386.5,0.0,1383.7,380.6,0.0,1366.2,387.4,0.0,1389.3,372.7,0.983,1345.3,343.0,0.951,1391.9,303.8,0.956,1310.6,284.5,0.931,1396.1,253.4,0.928,1358.4,344.1,0.997,1384.5,335.8,0.997,1282.6,314.6,0.993,1391.9,302.8,0.993,1199.8,251.7,0.985,1389.3,239.6,0.987
2355,94.2,1395.3,359.2,0.0,1395.0,363.5,0.0,1400.0,357.6,0.0,1397.2,377.5,0.0,1402.9,364.1,0.0,1397.5,391.9,0.975,1409.7,354.2,0.927,1381.7,376.3,0.0,1403.2,294.6,0.914,1372.7,285.5,0.958,1419.0,233.2,0.886,1362.9,375.2,0.997,1364.7,354.1,0.995,1289.6,362.7,0.993,1286.0,336.0,0.988,1206.0,289.0,0.986,1188.6,267.5,0.981
2358,94.32,1365.1,338.7,0.0,1363.9,336.6,0.0,1369.8,336.0,0.0,1375.1,341.3,0.0,1381.2,337.4,0.0,1379.8,362.5,0.949,1410.4,335.4,0.869,1373.0,330.3,0.945,1409.5,265.6,0.833,1394.4,263.1,0.913,1419.2,225.8,0.772,1370.7,378.7,0.0,1369.0,361.8,0.984,1316.0,370.0,0.976,1213.0,352.3,0.954,1287.4,296.8,0.957,1076.9,288.5,0.939
2361,94.44,1376.5,354.8,0.0,1374.1,358.7,0.0,1384.0,356.1,0.0,1370.8,372.5,0.0,1394.9,367.4,0.0,1367.8,379.2,0.0,1401.2,373.3,0.945,1376.9,317.8,0.955,1404.9,307.4,0.923,1408.7,246.0,0.94,1428.6,245.8,0.892,1362.2,377.2,0.0,1396.6,372.5,0.996,1266.4,343.4,0.994,1392.6,337.0,0.992,1192.2,283.4,0.989,1393.8,272.5,0.988
2364,94.56,1358.1,306.5,0.0,1355.2,306.9,0.0,1363.8,303.6,0.0,1354.5,322.6,0.0,1380.6,316.0,0.0,1366.3,349.0,0.978,1396.0,331.2,0.948,1373.5,302.3,0.967,1398.6,270.3,0.928,1391.4,228.3,0.933,1421.2,208.5,0.862,1334.4,406.8,0.998,1352.3,392.3,0.996,1249.9,362.4,0.992,1272.4,347.4,0.989,1151.2,333.4,0.983,1176.8,320.5,0.98
2367,94.68,1342.4,303.2,0.0,1340.4,302.7,0.0,1349.5,301.5,0.0,1338.3,319.0,0.0,1373.6,317.3,0.0,1328.3,345.8,0.989,1397.7,344.9,0.979,1272.1,309.9,0.981,1412.3,299.4,0.953,1228.5,289.7,0.961,1422.5,231.2,0.917,1307.8,396.5,0.998,1356.6,390.0,0.998,1229.1,343.8,0.995,1325.7,341.5,0.994,1150.0,344.7,0.988,1289.7,335.1,0.987
2370,94.8,1365.2,360.9,0.0,1362.6,361.4,0.0,1373.6,362.4,0.0,1362.2,370.5,0.0,1388.7,371.8,0.0,1359.4,380.0,0.0,1397.0,373.9,0.921,1337.4,349.5,0.935,1415.7,310.3,0.921,1334.1,283.5,0.92,1434.1,230.4,0.881,1331.0,394.8,0.993,1356.2,388.4,0.992,1241.0,364.0,0.984,1306.4,362.8,0.98,1168.6,315.8,0.964,1270.3,316.0,0.961
2373,94.92,1341.4,313.7,0.0,1341.5,310.1,0.0,1351.0,311.4,0.0,1347.4,318.7,0.0,1377.1,318.0,0.0,1338.8,347.9,0.954,1384.2,343.7,0.949,1247.1,347.6,0.951,1402.7,301.3,0.918,1158.6,336.3,0.931,1412.0,224.3,0.888,1336.8,409.7,0.993,1368.7,406.6,0.991,1272.9,337.5,0.985,1363.1,340.7,0.982,1211.0,329.6,0.969,1376.0,325.3,0.969
2376,95.04,1352.2,310.7,0.0,1350.1,309.9,0.0,1359.6,310.0,0.0,1352.9,319.4,0.0,1375.8,318.0,0.0,1340.7,351.6,0.95,1385.1,335.2,0.95,1267.8,338.3,0.937,1397.0,276.5,0.92,1186.3,341.2,0.931,1417.8,214.0,0.915,1349.5,373.4,0.988,1373.9,366.9,0.988,1354.4,267.8,0.983,1388.5,266.0,0.983,1352.2,254.2,0.973,1401.5,253.0,0.975
2379,95.16,1399.6,381.8,0.0,1394.1,385.8,0.0,1404.3,386.2,0.0,1389.1,388.6,0.0,1405.2,392.7,0.0,1382.8,380.6,0.0,1398.0,376.5,0.928,1364.1,318.2,0.902,1395.3,280.6,0.926,1350.0,277.6,0.933,1409.2,215.2,0.937,1372.9,353.3,0.988,1382.3,352.4,0.989,1373.5,275.6,0.988,1392.3,276.4,0.989,1356.4,243.1,0.982,1397.7,245.6,0.984
2382,95.28,1437.2,401.9,0.0,1434.4,408.3,0.0,1442.3,407.1,0.0,1425.8,415.5,0.0,1435.0,416.4,0.0,1406.3,401.0,0.939,1404.6,409.6,0.96,1395.5,329.0,0.916,1387.1,340.6,0.934,1415.5,253.7,0.942,1416.6,255.0,0.94,1382.3,345.0,0.987,1381.6,351.2,0.987,1392.0,246.9,0.989,1392.3,255.5,0.988,1398.5,208.6,0.99,1410.4,212.4,0.99
2385,95.4,1375.3,339.6,0.0,1369.4,341.0,0.0,1380.8,341.6,0.0,1366.0,346.2,0.0,1392.1,348.0,0.0,1377.7,352.9,0.912,1392.9,340.5,0.939,1376.4,295.8,0.902,1393.6,245.1,0.933,1378.0,233.4,0.917,1402.7,184.6,0.926,1382.8,362.8,0.0,1392.2,359.1,0.984,1381.7,248.7,0.969,1391.0,245.8,0.973,1385.3,226.3,0.956,1414.2,233.2,0.963
2388,95.52,1444.7,365.5,0.0,1440.1,370.7,0.0,1449.7,367.2,0.0,1418.2,383.8,0.0,1436.9,380.0,0.0,1396.0,387.8,0.887,1415.3,377.0,0.918,1359.7,350.0,0.888,1408.6,296.4,0.921,1333.7,294.9,0.899,1423.5,214.6,0.904,1359.2,387.1,0.984,1373.4,381.3,0.984,1287.3,309.5,0.972,1347.3,305.0,0.971,1222.6,267.1,0.963,1334.6,258.3,0.963
2391,95.64,1592.9,4.5,0.0,1594.9,0.0,0.0,1589.9,0.0,0.0,1600.5,0.0,0.0,1575.6,0.0,0.0,1613.6,0.0,0.169,1551.7,0.0,0.17,1629.1,25.3,0.761,1537.2,21.8,0.812,1640.6,90.8,0.764,1552.0,78.0,0.803,1614.1,89.8,0.809,1566.9,90.9,0.814,1637.1,114.2,0.381,1555.7,114.8,0.376,1648.7,115.1,0.126,1551.8,115.5,0.123
2394,95.76,1350.2,297.0,0.0,1347.6,297.4,0.0,1354.7,295.1,0.0,1341.7,315.0,0.0,1367.1,310.2,0.0,1344.2,354.3,0.963,1377.3,331.7,0.964,1286.3,362.1,0.947,1396.8,281.6,0.946,1223.8,312.6,0.924,1410.9,206.3,0.911,1337.6,388.6,0.996,1367.9,377.7,0.996,1261.5,336.5,0.99,1375.4,325.6,0.99,1168.6,297.6,0.98,1376.1,289.7,0.982
2397,95.88,1338.4,331.2,0.0,1334.6,331.3,0.0,1343.4,331.4,0.0,1333.0,343.2,0.0,1349.4,342.5,0.0,1333.6,367.3,0.897,1364.8,358.0,0.0,1349.1,321.5,0.887,1400.6,277.2,0.884,1372.8,246.4,0.892,1417.5,199.9,0.864,1358.2,396.8,0.983,1377.3,394.1,0.982,1314.2,336.5,0.973,1351.2,332.6,0.969,1300.7,296.1,0.961,1360.9,290.1,0.961
2400,96.0,1350.5,348.3,0.0,1348.3,348.4,0.0,1353.6,348.2,0.0,1351.0,355.5,0.0,1358.1,355.0,0.0,1355.1,368.2,0.0,1365.0,359.0,0.0,1364.7,345.9,0.932,1353.2,324.4,0.856,1358.0,293.1,0.936,1358.5,288.2,0.876,1358.1,374.8,0.0,1367.3,370.2,0.0,1325.3,323.7,0.98,1363.1,315.4,0.973,1314.0,286.8,0.966,1362.9,281.0,0.96
2403,96.12,1333.8,371.0,0.0,1334.2,374.0,0.0,1341.7,368.9,0.0,1338.4,388.9,0.0,1351.5,375.5,0.0,1338.5,411.9,0.925,1358.9,377.2,0.0,1280.8,404.3,0.91,1367.1,307.0,0.895,1198.7,348.1,0.901,1390.4,262.6,0.875,1361.2,402.8,0.986,1379.9,387.2,0.985,1262.8,364.4,0.971,1361.9,340.0,0.966,1212.6,308.7,0.944,1396.7,282.3,0.945
2406,96.24,1345.7,306.0,0.0,1348.5,306.7,0.0,1351.9,299.7,0.0,1359.8,327.9,0.0,1369.5,309.9,0.0,1370.6,374.7,0.972,1383.2,324.1,0.926,1366.1,368.5,0.959,1356.3,277.7,0.886,1367.0,281.3,0.933,1365.0,261.2,0.835,1338.9,438.4,0.992,1344.9,409.2,0.0,1230.9,395.9,0.972,1237.7,355.8,0.954,1141.6,349.5,0.933,1142.4,319.3,0.915
2409,96.36,1338.2,325.8,0.0,1340.6,327.0,0.0,1342.2,321.4,0.0,1349.2,347.3,0.0,1357.3,334.4,0.0,1363.3,382.6,0.0,1377.1,346.2,0.956,1335.1,367.1,0.97,1360.2,298.2,0.905,1288.2,288.1,0.938,1348.7,262.8,0.843,1322.5,411.0,0.996,1329.9,386.0,0.994,1217.1,403.3,0.986,1236.9,372.6,0.977,1096.6,361.6,0.959,1127.8,337.7,0.947
2412,96.48,1329.9,335.0,0.0,1330.5,334.9,0.0,1333.9,329.0,0.0,1331.3,346.2,0.0,1342.5,332.9,0.0,1329.2,372.9,0.961,1361.3,343.3,0.97,1285.8,357.4,0.94,1370.3,294.5,0.964,1238.2,296.7,0.914,1380.4,256.3,0.934,1314.9,390.6,0.996,1338.1,373.1,0.997,1226.3,416.6,0.987,1304.1,392.9,0.989,1109.5,364.6,0.958,1237.8,342.1,0.965
2415,96.6,1338.4,330.1,0.0,1333.3,329.7,0.0,1339.4,325.8,0.0,1318.1,342.6,0.0,1346.2,337.1,0.0,1316.3,380.1,0.99,1373.3,360.4,0.994,1249.5,373.7,0.97,1396.5,309.4,0.985,1165.6,346.8,0.94,1414.6,242.0,0.962,1321.8,412.2,0.999,1374.4,401.6,0.999,1219.4,363.6,0.997,1406.9,353.6,0.998,1104.3,331.4,0.99,1411.7,323.3,0.993
2418,96.72,1357.0,370.2,0.0,1354.8,371.3,0.0,1365.8,368.3,0.0,1352.4,382.9,0.0,1386.4,374.9,0.0,1345.5,402.8,0.949,1410.7,387.4,0.971,1261.2,383.5,0.917,1439.4,319.5,0.954,1134.3,337.1,0.892,1428.5,235.2,0.918,1340.9,412.3,0.993,1392.2,400.5,0.995,1210.5,397.3,0.984,1375.6,383.6,0.986,1070.0,350.6,0.957,1347.5,324.1,0.966
2421,96.84,1261.0,304.9,0.0,1256.3,300.6,0.0,1271.7,298.7,0.0,1254.4,316.1,0.0,1303.8,309.2,0.0,1269.1,376.4,0.976,1326.3,356.3,0.0,1199.1,429.1,0.948,1381.7,362.6,0.947,1028.7,368.5,0.895,1431.9,244.6,0.89,1307.1,443.3,0.992,1349.8,431.9,0.993,1237.6,340.8,0.976,1371.0,322.5,0.979,1199.1,310.6,0.945,1431.6,279.1,0.955
2424,96.96,1366.9,337.6,0.0,1359.4,341.2,0.0,1375.4,336.4,0.0,1344.2,359.4,0.0,1384.4,350.5,0.0,1339.1,393.8,0.955,1386.7,377.6,0.979,1267.5,381.4,0.942,1422.3,309.4,0.973,1155.1,344.1,0.93,1446.3,221.0,0.953,1357.1,415.0,0.997,1394.1,406.2,0.998,1254.6,332.3,0.993,1380.4,319.0,0.995,1179.1,279.1,0.987,1412.5,249.7,0.99
2427,97.08,1372.2,338.2,0.0,1362.8,345.8,0.0,1383.1,337.9,0.0,1338.0,370.4,0.0,1386.3,353.6,0.0,1313.1,403.0,0.92,1382.2,375.5,0.907,1180.8,381.2,0.938,1420.4,300.9,0.896,1017.9,344.2,0.911,1441.0,212.2,0.876,1348.0,425.7,0.99,1394.2,414.6,0.988,1266.3,331.9,0.979,1404.0,314.3,0.975,1192.7,292.1,0.961,1443.5,255.3,0.96
2430,97.2,1393.9,371.7,0.0,1389.6,375.6,0.0,1399.5,371.2,0.0,1380.1,390.5,0.0,1402.9,380.8,0.0,1376.2,409.7,0.0,1406.1,390.9,0.959,1278.0,376.3,0.95,1418.2,307.5,0.943,1101.9,340.9,0.934,1422.2,228.2,0.926,1378.3,411.7,0.0,1403.5,400.1,0.996,1275.2,365.5,0.991,1405.8,348.5,0.99,1153.5,305.1,0.979,1395.5,273.3,0.981
2433,97.32,1453.0,406.6,0.0,1449.7,415.2,0.0,1459.0,408.3,0.0,1436.0,428.3,0.0,1447.8,417.2,0.0,1412.8,410.5,0.95,1436.1,400.8,0.915,1373.7,324.0,0.966,1409.6,314.4,0.941,1355.2,259.7,0.955,1410.2,248.6,0.924,1355.4,399.3,0.998,1359.5,387.3,0.997,1271.4,384.7,0.996,1253.5,372.4,0.994,1156.6,333.3,0.992,1109.7,309.6,0.99
2436,97.44,1448.8,411.9,0.0,1443.6,417.1,0.0,1454.8,414.5,0.0,1430.9,421.3,0.0,1445.6,419.2,0.0,1413.2,396.9,0.917,1433.2,401.7,0.882,1386.7,299.1,0.947,1400.7,315.5,0.921,1381.6,234.9,0.929,1416.3,248.6,0.893,1375.0,391.0,0.996,1372.5,387.3,0.995,1316.2,376.0,0.991,1265.8,374.8,0.988,1249.5,307.4,0.985,1140.8,297.8,0.981
2439,97.56,1400.5,373.2,0.0,1395.9,376.9,0.0,1407.3,375.2,0.0,1392.7,387.8,0.0,1412.0,385.4,0.0,1387.1,397.7,0.0,1408.2,392.1,0.922,1319.9,323.0,0.929,1391.2,295.1,0.919,1244.0,293.7,0.931,1422.4,239.5,0.917,1382.1,400.8,0.994,1394.6,395.5,0.0,1320.2,321.3,0.992,1360.9,315.5,0.992,1260.6,278.3,0.991,1339.0,266.0,0.991
2442,97.68,1425.3,428.9,0.0,1421.1,433.4,0.0,1432.7,433.6,0.0,1411.4,435.3,0.0,1427.3,436.9,0.0,1382.2,423.3,0.0,1417.5,420.3,0.91,1283.7,374.4,0.91,1422.0,326.5,0.926,1180.4,338.0,0.929,1433.3,256.6,0.929,1385.9,373.3,0.992,1403.9,373.4,0.993,1341.6,341.0,0.991,1403.5,341.8,0.99,1325.1,268.1,0.987,1430.3,263.1,0.988
2445,97.8,1400.4,474.6,0.0,1396.2,479.8,0.0,1406.9,480.2,0.0,1399.0,472.1,0.0,1410.9,472.2,0.0,1394.1,448.1,0.866,1413.1,421.9,0.961,1316.4,406.6,0.875,1422.4,302.6,0.972,1226.0,356.6,0.911,1423.6,245.4,0.962,1377.2,357.6,0.995,1387.2,345.3,0.997,1321.6,353.0,0.994,1375.1,340.4,0.996,1268.9,267.1,0.991,1375.2,265.3,0.995
2448,97.92,1443.6,446.2,0.0,1440.8,450.9,0.0,1447.6,452.3,0.0,1433.4,453.0,0.0,1434.7,457.6,0.0,1414.2,440.3,0.897,1414.7,435.1,0.941,1304.9,409.4,0.914,1410.2,342.2,0.943,1181.8,359.5,0.933,1431.1,243.7,0.941,1389.3,372.0,0.995,1389.6,369.7,0.995,1314.2,323.9,0.995,1388.2,326.6,0.995,1245.3,238.9,0.993,1400.0,242.0,0.994
2451,98.04,1395.4,404.6,0.0,1392.5,413.7,0.0,1407.2,407.3,0.0,1385.6,430.7,0.0,1409.3,415.4,0.0,1355.1,442.0,0.92,1388.4,405.2,0.957,1250.6,430.5,0.935,1408.6,308.9,0.958,1130.2,388.2,0.938,1445.3,225.1,0.948,1379.3,384.3,0.996,1393.2,373.6,0.996,1371.1,332.0,0.994,1409.4,313.3,0.995,1382.6,269.4,0.992,1463.1,238.8,0.993
2454,98.16,1425.6,415.2,0.0,1422.0,422.1,0.0,1435.1,417.7,0.0,1409.2,432.7,0.0,1427.4,423.4,0.0,1373.7,437.1,0.915,1399.1,416.8,0.0,1254.6,411.5,0.944,1409.0,324.6,0.933,1125.2,377.6,0.945,1445.3,239.8,0.931,1388.6,390.6,0.995,1394.9,387.4,0.995,1382.7,334.5,0.995,1408.9,328.4,0.993,1389.6,276.3,0.993,1452.8,258.0,0.992
2457,98.28,1402.9,441.0,0.0,1397.3,447.1,0.0,1410.5,446.1,0.0,1389.8,451.6,0.0,1406.9,449.5,0.0,1375.5,442.9,0.904,1397.5,434.5,0.951,1281.0,398.6,0.93,1412.3,335.5,0.957,1141.0,347.1,0.939,1431.7,239.0,0.952,1401.8,371.3,0.996,1408.9,370.5,0.997,1385.4,339.6,0.995,1423.0,335.6,0.995,1366.2,251.4,0.993,1445.6,235.9,0.994
2460,98.4,1374.2,357.6,0.0,1370.2,362.1,0.0,1382.7,356.7,0.0,1365.8,381.2,0.0,1392.9,368.3,0.0,1361.8,417.9,0.955,1396.3,378.3,0.959,1293.4,410.9,0.952,1417.5,278.9,0.95,1208.5,359.9,0.943,1443.3,196.9,0.931,1389.4,407.2,0.997,1413.2,393.0,0.997,1328.9,358.5,0.994,1410.7,338.5,0.994,1287.6,294.7,0.989,1440.2,270.5,0.99
2463,98.52,1274.9,304.6,0.0,1267.7,304.3,0.0,1287.6,298.3,0.0,1259.2,327.7,0.0,1320.9,309.4,0.0,1265.5,384.2,0.967,1350.5,340.9,0.965,1209.6,412.5,0.955,1412.6,293.9,0.931,1084.9,340.7,0.909,1423.5,193.4,0.875,1362.3,459.1,0.991,1408.5,444.5,0.99,1360.7,326.6,0.976,1387.9,296.9,0.974,1408.9,315.1,0.956,1448.7,270.0,0.96
2466,98.64,1391.9,433.9,0.0,1386.8,440.9,0.0,1399.3,438.5,0.0,1375.8,450.4,0.0,1396.5,444.2,0.0,1353.4,448.0,0.889,1396.4,417.9,0.0,1275.5,417.3,0.916,1407.3,301.2,0.961,1170.1,372.7,0.929,1421.6,222.6,0.953,1384.7,385.7,0.994,1403.7,377.2,0.996,1382.5,331.0,0.992,1405.1,316.1,0.994,1405.9,256.3,0.99,1431.5,238.9,0.992
2469,98.76,1361.0,345.1,0.0,1359.0,348.1,0.0,1367.0,343.9,0.0,1360.3,369.5,0.0,1380.9,358.4,0.0,1362.2,405.9,0.954,1401.1,364.7,0.967,1334.7,411.3,0.944,1424.4,281.9,0.96,1275.9,334.6,0.935,1437.1,192.4,0.937,1381.2,404.5,0.996,1402.6,386.7,0.996,1333.5,364.9,0.991,1361.1,338.4,0.991,1316.2,309.2,0.982,1348.1,282.3,0.984
2472,98.88,1401.0,459.3,0.0,1395.5,466.4,0.0,1407.1,466.4,0.0,1391.2,470.2,0.0,1402.6,469.8,0.0,1384.4,460.6,0.839,1399.5,429.8,0.94,1342.3,432.8,0.86,1404.5,306.0,0.956,1298.7,364.1,0.915,1421.6,219.9,0.953,1391.2,366.2,0.992,1398.1,355.7,0.994,1352.7,299.8,0.992,1379.8,286.4,0.994,1352.1,196.1,0.994,1403.0,192.5,0.995
2475,99.0,1354.4,469.4,0.0,1354.0,476.0,0.0,1366.7,478.7,0.0,1352.5,483.0,0.0,1382.9,486.3,0.0,1324.0,445.0,0.958,1392.9,460.8,0.965,1308.5,323.6,0.949,1447.4,317.7,0.951,1374.7,228.8,0.952,1448.1,175.9,0.954,1316.0,387.9,0.994,1349.0,396.5,0.994,1301.2,352.6,0.99,1349.5,357.9,0.0,1315.0,256.2,0.971,1358.1,254.8,0.971
2478,99.12,1315.4,470.2,0.0,1313.1,479.0,0.0,1331.4,480.2,0.0,1319.0,495.8,0.0,1363.5,482.0,0.0,1287.0,466.3,0.961,1403.4,453.5,0.969,1196.1,416.8,0.938,1454.6,314.0,0.972,1120.2,385.8,0.932,1445.0,181.7,0.971,1344.3,366.4,0.0,1401.1,360.5,0.991,1264.6,352.2,0.974,1334.8,349.4,0.98,1278.2,256.1,0.901,1343.0,233.8,0.916
2481,99.24,1330.9,474.8,0.0,1330.3,488.0,0.0,1351.2,482.4,0.0,1334.5,509.6,0.0,1385.5,477.5,0.0,1290.4,481.8,0.959,1415.8,445.2,0.986,1185.1,431.7,0.912,1447.0,301.0,0.987,1119.8,391.1,0.919,1422.0,194.2,0.984,1349.4,375.3,0.0,1411.5,352.4,0.994,1257.0,346.3,0.969,1336.9,324.7,0.984,1279.8,247.2,0.876,1352.4,206.0,0.918
2484,99.36,1336.0,469.8,0.0,1338.6,471.8,0.0,1340.5,474.6,0.0,1361.0,477.8,0.0,1364.4,475.8,0.0,1384.1,464.9,0.911,1407.2,442.2,0.93,1389.6,428.5,0.0,1452.2,333.9,0.851,1410.4,402.2,0.828,1491.3,235.9,0.822,1441.6,358.0,0.971,1457.1,342.9,0.972,1353.0,313.8,0.954,1361.3,300.0,0.953,1351.2,282.2,0.868,1347.9,259.0,0.87
2487,99.48,1345.4,472.1,0.0,1344.6,477.5,0.0,1346.8,476.3,0.0,1352.7,484.1,0.0,1355.7,475.9,0.0,1384.1,461.2,0.934,1395.1,458.1,0.946,1439.2,416.8,0.907,1465.6,314.7,0.902,1467.0,409.2,0.909,1464.8,176.0,0.895,1442.2,400.0,0.988,1453.2,400.4,0.988,1397.4,328.5,0.984,1407.7,332.5,0.982,1393.9,305.6,0.96,1397.2,284.6,0.958
2490,99.6,1313.8,477.4,0.0,1311.3,483.2,0.0,1331.8,488.7,0.0,1311.5,482.5,0.0,1359.7,480.6,0.0,1274.6,454.0,0.925,1391.3,434.1,0.0,1198.6,429.9,0.891,1459.2,302.6,0.947,1125.0,403.6,0.908,1488.5,183.6,0.957,1379.6,352.0,0.972,1435.0,342.4,0.978,1331.4,308.1,0.962,1402.1,305.8,0.97,1335.2,242.4,0.905,1411.8,239.0,0.92
2493,99.72,1325.7,471.7,0.0,1325.1,480.7,0.0,1344.1,480.9,0.0,1335.5,486.6,0.0,1381.1,475.8,0.0,1312.1,464.3,0.964,1421.7,419.8,0.977,1208.5,434.4,0.909,1457.4,286.4,0.951,1119.6,400.2,0.912,1450.9,173.9,0.953,1395.7,354.1,0.97,1445.6,332.7,0.975,1298.6,326.0,0.956,1360.7,332.5,0.0,1236.9,257.0,0.857,1300.8,295.7,0.874
2496,99.84,1331.2,478.6,0.0,1330.9,490.2,0.0,1349.8,485.2,0.0,1342.8,510.8,0.0,1389.1,475.7,0.0,1312.1,490.2,0.963,1429.1,440.6,0.989,1208.4,448.6,0.941,1470.9,303.9,0.991,1141.5,392.0,0.956,1453.4,192.9,0.991,1366.7,407.9,0.997,1422.8,377.2,0.999,1244.6,380.8,0.996,1318.3,360.1,0.998,1231.1,328.1,0.979,1300.3,294.2,0.987
2499,99.96,1315.9,470.0,0.0,1318.2,483.1,0.0,1337.1,473.2,0.0,1337.3,507.9,0.0,1381.0,462.2,0.0,1303.4,487.4,0.955,1415.0,423.5,0.975,1208.1,424.1,0.905,1444.2,297.5,0.972,1125.9,371.7,0.915,1402.9,210.4,0.972,1381.3,364.7,0.0,1434.7,326.8,0.987,1262.7,355.0,0.945,1324.6,350.5,0.965,1274.7,269.0,0.774,1320.3,289.9,0.822
2502,100.08,1338.6,477.3,0.0,1337.1,491.3,0.0,1357.8,484.0,0.0,1340.4,508.8,0.0,1388.3,470.2,0.0,1299.6,486.5,0.944,1398.4,417.7,0.973,1217.7,443.3,0.876,1409.5,303.2,0.965,1187.6,388.8,0.891,1417.8,206.9,0.962,1386.3,346.6,0.984,1439.8,304.6,0.99,1332.7,293.8,0.971,1400.5,267.0,0.982,1413.7,156.6,0.929,1484.8,158.8,0.948
2505,100.2,1372.7,471.1,0.0,1368.1,487.5,0.0,1389.5,481.6,0.0,1357.2,502.0,0.0,1407.9,477.6,0.0,1324.8,452.9,0.924,1413.5,416.3,0.0,1283.8,381.3,0.842,1458.6,271.0,0.965,1304.7,297.7,0.885,1459.5,167.6,0.961,1365.1,367.4,0.0,1406.6,340.5,0.987,1277.1,346.2,0.947,1341.8,306.1,0.967,1307.0,291.3,0.862,1388.2,244.5,0.902
2508,100.32,0,0,0,0,0,0,0,0,0,0,0,0,0,0,0,0,0,0,0,0,0,0,0,0,0,0,0,0,0,0,0,0,0,0,0,0,0,0,0,0,0,0,0,0,0,0,0,0,0,0,0
2511,100.44,1348.4,469.5,0.0,1344.1,483.2,0.0,1365.3,482.0,0.0,1333.3,500.4,0.0,1383.9,489.4,0.0,1291.1,452.5,0.987,1395.5,456.3,0.976,1195.1,408.3,0.962,1399.2,337.4,0.932,1107.4,376.9,0.945,1364.8,236.8,0.93,1365.2,349.2,0.992,1419.0,356.1,0.989,1334.2,307.5,0.986,1407.9,308.6,0.98,1389.3,188.5,0.974,1479.5,183.0,0.968
2514,100.56,1338.8,473.3,0.0,1338.9,485.6,0.0,1357.0,481.4,0.0,1336.2,495.1,0.0,1379.5,474.9,0.0,1295.7,455.9,0.973,1405.0,416.7,0.964,1190.5,410.0,0.951,1446.9,260.6,0.931,1099.8,397.1,0.952,1441.7,158.6,0.95,1362.6,358.8,0.0,1410.1,337.7,0.98,1250.1,357.1,0.978,1308.5,332.8,0.97,1154.7,319.4,0.904,1213.2,283.6,0.885
2517,100.68,1256.1,309.4,0.0,1254.2,307.8,0.0,1257.5,315.7,0.0,1266.9,323.7,0.0,1276.8,334.0,0.0,1287.0,341.1,0.978,1326.9,381.5,0.982,1281.6,346.4,0.94,1403.2,399.4,0.952,1214.2,307.8,0.93,1409.2,351.2,0.94,1439.9,388.5,0.991,1459.6,409.2,0.992,1406.2,387.3,0.988,1432.6,364.7,0.989,1446.2,399.4,0.983,1476.4,335.3,0.986
2520,100.8,1390.3,429.9,0.0,1385.0,435.4,0.0,1394.0,433.8,0.0,1380.1,440.3,0.0,1393.4,438.0,0.0,1396.5,422.2,0.977,1408.8,413.8,0.947,1386.6,353.2,0.972,1357.1,327.3,0.924,1344.8,281.1,0.956,1240.2,259.5,0.908,1397.8,376.4,0.998,1411.3,365.4,0.997,1295.6,364.9,0.995,1337.3,351.0,0.992,1195.3,275.2,0.988,1267.4,257.8,0.0
2523,100.92,1391.7,348.3,0.0,1384.6,349.2,0.0,1390.1,348.0,0.0,1372.8,358.7,0.0,1388.6,361.6,0.0,1377.7,380.7,0.987,1415.3,366.0,0.991,1352.8,339.3,0.0,1419.6,287.2,0.982,1329.2,271.5,0.924,1445.9,200.4,0.96,1362.8,398.3,0.997,1389.7,387.0,0.998,1290.9,302.4,0.994,1351.1,291.9,0.996,1199.3,246.9,0.988,1286.9,247.3,0.991
2526,101.04,1360.1,320.2,0.0,1356.7,316.3,0.0,1359.5,312.2,0.0,1352.6,327.0,0.0,1370.2,321.4,0.0,1366.0,376.0,0.995,1409.9,355.1,0.993,1308.7,355.6,0.969,1410.9,311.6,0.968,1235.8,280.3,0.912,1445.1,250.5,0.915,1354.6,444.1,0.999,1395.3,428.1,0.999,1217.1,354.7,0.998,1367.5,337.1,0.0,1065.0,333.1,0.994,1304.4,325.0,0.995
2529,101.16,1377.5,336.1,0.0,1375.0,338.7,0.0,1383.0,335.9,0.0,1369.1,356.3,0.0,1395.0,351.5,0.0,1363.3,381.6,0.985,1405.8,368.7,0.978,1324.4,347.7,0.972,1400.2,305.5,0.947,1300.8,309.2,0.952,1412.4,249.5,0.918,1378.3,382.3,0.999,1416.5,378.2,0.998,1330.2,316.5,0.997,1445.5,311.6,0.997,1306.0,281.0,0.996,1489.7,276.3,0.996
2532,101.28,1395.9,394.7,0.0,1390.3,394.3,0.0,1399.7,398.6,0.0,1382.7,392.3,0.0,1403.0,404.6,0.0,1375.4,388.1,0.969,1395.4,410.3,0.989,1349.9,338.6,0.0,1410.8,376.9,0.982,1371.2,268.5,0.958,1488.5,302.8,0.975,1390.7,372.4,0.998,1406.7,385.7,0.999,1384.2,282.8,0.998,1432.3,302.1,0.999,1399.5,239.7,0.998,1490.7,265.6,0.998
2535,101.4,1353.5,350.8,0.0,1347.9,353.2,0.0,1354.9,347.6,0.0,1336.5,374.6,0.0,1360.5,366.8,0.0,1351.0,406.7,0.989,1399.8,390.2,0.989,1299.4,377.7,0.957,1444.2,317.8,0.976,1237.0,313.6,0.882,1458.6,205.7,0.91,1312.9,438.9,0.998,1346.5,419.3,0.998,1119.5,385.0,0.991,1218.3,370.3,0.991,905.9,323.2,0.976,1078.7,302.8,0.978
2538,101.52,1345.9,401.0,0.0,1343.1,407.0,0.0,1352.5,399.5,0.0,1334.9,421.7,0.0,1361.1,408.8,0.0,1335.1,417.5,0.992,1369.0,393.2,0.991,1292.9,391.8,0.978,1365.9,339.5,0.984,1279.1,356.4,0.939,1428.1,286.4,0.951,1312.4,391.1,0.999,1339.3,375.0,0.999,1201.3,356.2,0.995,1283.1,339.8,0.996,1076.1,312.8,0.987,1212.9,294.8,0.988
2541,101.64,1310.2,314.0,0.0,1304.4,313.0,0.0,1310.4,307.1,0.0,1283.5,325.9,0.0,1312.9,316.3,0.0,1289.8,369.4,0.989,1331.3,349.8,0.998,1271.5,373.1,0.913,1382.1,306.0,0.992,1254.2,314.3,0.816,1453.3,221.0,0.963,1311.0,433.0,0.998,1360.5,426.6,0.999,1198.2,378.7,0.995,1422.3,369.8,0.998,1071.9,346.5,0.984,1463.8,336.4,0.992
2544,101.76,1291.7,315.2,0.0,1289.5,314.5,0.0,1293.8,308.8,0.0,1280.0,329.0,0.0,1303.3,319.2,0.0,1284.7,373.3,0.988,1327.7,357.0,0.997,1251.5,385.4,0.909,1384.3,329.4,0.986,1203.1,341.4,0.819,1450.7,249.7,0.946,1297.3,410.9,0.998,1349.6,401.9,0.999,1153.7,370.2,0.995,1395.9,357.9,0.997,1015.2,328.8,0.986,1437.5,309.4,0.992
2547,101.88,1335.5,378.0,0.0,1331.7,378.7,0.0,1332.9,376.4,0.0,1315.5,387.2,0.0,1320.9,387.0,0.0,1305.8,404.6,0.976,1341.3,404.9,0.992,1257.0,393.4,0.924,1399.2,371.0,0.986,1170.1,345.6,0.916,1460.4,289.1,0.971,1289.6,415.7,0.998,1326.8,410.7,0.999,1157.0,364.8,0.996,1348.0,358.7,0.997,1002.4,309.2,0.99,1324.4,296.2,0.994
2550,102.0,1292.4,339.8,0.0,1288.6,336.5,0.0,1291.3,335.9,0.0,1274.4,339.7,0.0,1284.5,342.6,0.0,1250.0,371.4,0.962,1305.2,370.3,0.969,1188.2,397.4,0.905,1338.9,386.3,0.935,1122.5,350.3,0.892,1388.0,290.2,0.922,1249.8,414.9,0.987,1294.8,412.1,0.989,1200.3,346.7,0.982,1338.2,345.0,0.986,1105.8,321.7,0.961,1317.8,319.3,0.967
2553,102.12,1284.7,344.7,0.0,1279.5,338.7,0.0,1285.9,340.4,0.0,1259.7,340.3,0.0,1278.3,346.8,0.0,1232.2,372.7,0.958,1286.7,392.7,0.976,1159.0,409.3,0.938,1343.3,415.0,0.958,1066.6,385.7,0.919,1397.9,290.7,0.937,1254.9,420.1,0.993,1294.0,430.0,0.994,1207.0,358.3,0.987,1331.5,373.2,0.988,1169.9,315.6,0.972,1367.8,313.6,0.975
2556,102.24,1249.0,281.1,0.0,1256.4,277.8,0.0,1246.7,277.7,0.0,1279.8,300.9,0.0,1251.5,299.6,0.0,1297.5,369.7,0.969,1256.8,347.5,0.97,1326.7,443.8,0.956,1168.4,402.1,0.949,1345.9,330.6,0.966,1077.4,368.6,0.957,1291.1,424.4,0.993,1272.9,412.8,0.992,1287.8,372.7,0.989,1284.6,347.9,0.989,1306.6,325.3,0.976,1279.8,316.6,0.977
2559,102.36,1282.9,482.9,0.0,1277.5,489.4,0.0,1289.9,490.0,0.0,1277.0,492.1,0.0,1295.7,493.7,0.0,1270.2,478.6,0.943,1306.8,466.1,0.977,1213.7,461.8,0.918,1363.8,387.1,0.97,1135.4,393.5,0.927,1423.3,286.3,0.957,1302.8,401.8,0.995,1319.7,398.7,0.996,1296.1,330.8,0.994,1325.4,324.1,0.995,1305.7,244.1,0.993,1357.8,235.6,0.995
2562,102.48,1275.7,444.6,0.0,1270.0,452.9,0.0,1284.2,448.2,0.0,1264.9,463.7,0.0,1288.3,450.9,0.0,1260.4,470.7,0.938,1295.4,416.7,0.964,1191.8,463.5,0.936,1335.2,295.1,0.966,1087.1,390.5,0.932,1380.5,197.2,0.952,1301.3,408.1,0.996,1317.5,389.4,0.996,1291.4,337.9,0.994,1326.2,308.9,0.995,1295.6,258.9,0.992,1363.8,234.2,0.994
2565,102.6,1267.9,346.1,0.0,1262.1,343.7,0.0,1269.5,341.7,0.0,1250.7,356.6,0.0,1266.5,352.4,0.0,1243.1,401.7,0.96,1282.1,390.6,0.98,1260.7,411.8,0.929,1315.0,366.3,0.961,1260.2,335.3,0.925,1355.9,277.9,0.947,1320.5,441.2,0.991,1342.8,444.7,0.992,1332.4,374.7,0.982,1362.6,369.8,0.984,1396.2,336.2,0.964,1418.8,322.2,0.97
2568,102.72,1261.0,349.6,0.0,1263.9,346.2,0.0,1255.4,346.7,0.0,1268.4,352.6,0.0,1242.6,357.1,0.0,1282.8,370.4,0.97,1220.6,397.4,0.994,1348.0,325.0,0.94,1116.9,387.2,0.988,1390.0,267.0,0.948,993.6,396.6,0.982,1327.5,423.8,0.99,1292.0,441.5,0.995,1386.0,344.1,0.974,1337.8,351.9,0.985,1459.6,317.1,0.939,1393.8,318.6,0.962
2571,102.84,1276.1,345.2,0.0,1272.9,346.2,0.0,1279.0,340.2,0.0,1258.1,360.7,0.0,1283.4,347.7,0.0,1260.8,390.6,0.994,1290.2,368.2,0.994,1196.4,398.8,0.983,1328.5,344.2,0.983,1073.5,351.2,0.956,1367.7,287.4,0.957,1283.2,456.4,0.999,1317.7,446.0,0.999,1183.7,439.6,0.997,1366.0,419.8,0.997,1075.4,409.4,0.987,1409.2,381.0,0.988
2574,102.96,1252.4,457.5,0.0,1248.6,462.7,0.0,1262.2,459.4,0.0,1246.1,470.9,0.0,1271.4,462.9,0.0,1244.5,470.0,0.958,1281.7,461.3,0.959,1197.0,439.4,0.951,1324.7,390.4,0.94,1095.9,364.4,0.937,1364.3,290.4,0.917,1293.4,437.0,0.996,1322.2,433.9,0.996,1209.2,420.0,0.992,1331.4,408.2,0.991,1171.6,333.2,0.984,1387.4,302.5,0.984
2577,103.08,1282.8,337.3,0.0,1278.0,334.1,0.0,1283.8,333.1,0.0,1260.0,339.3,0.0,1285.1,341.4,0.0,1254.9,363.0,0.0,1291.0,380.9,0.998,1221.9,340.2,0.975,1285.3,380.6,0.995,1139.6,311.1,0.954,1310.6,301.3,0.985,1275.6,422.5,1.0,1316.6,428.2,1.0,1193.1,394.0,0.999,1368.1,398.2,1.0,1150.1,384.3,0.996,1433.7,375.2,0.998
2580,103.2,1287.7,333.0,0.0,1281.5,332.6,0.0,1282.8,327.7,0.0,1258.5,348.0,0.0,1269.0,342.6,0.0,1255.8,383.0,0.993,1283.3,384.9,0.999,1200.4,390.4,0.97,1292.3,394.8,0.997,1065.4,359.7,0.938,1328.0,317.7,0.988,1284.3,462.2,0.999,1306.8,460.1,1.0,1205.8,432.1,0.996,1313.0,425.0,0.998,1144.3,412.9,0.98,1310.1,390.6,0.989
2583,103.32,1283.3,485.3,0.0,1277.0,488.7,0.0,1285.9,489.2,0.0,1276.2,486.9,0.0,1288.9,489.3,0.0,1303.2,466.7,0.97,1300.8,459.1,0.971,1317.2,425.7,0.949,1322.9,391.3,0.96,1289.7,358.0,0.933,1356.5,318.7,0.933,1292.4,410.3,0.998,1298.1,402.0,0.998,1172.6,407.5,0.995,1262.3,399.4,0.995,1066.2,327.1,0.987,1236.2,320.6,0.988
2586,103.44,1276.7,371.0,0.0,1274.9,366.3,0.0,1276.2,368.5,0.0,1275.2,368.7,0.0,1282.2,377.1,0.0,1280.5,384.7,0.986,1292.7,413.0,0.986,1292.9,350.0,0.973,1275.3,423.4,0.973,1287.1,284.0,0.965,1316.0,348.4,0.961,1273.7,444.3,0.999,1295.9,453.0,0.999,1201.6,392.1,0.997,1320.5,402.7,0.998,1137.6,369.1,0.992,1317.5,373.7,0.993
2589,103.56,1276.7,366.5,0.0,1273.1,359.4,0.0,1274.4,358.7,0.0,1267.8,359.8,0.0,1270.5,358.6,0.0,1273.0,400.9,0.969,1299.7,391.4,0.974,1250.1,408.6,0.906,1324.3,377.4,0.934,1151.6,317.1,0.867,1344.2,269.7,0.896,1272.6,447.1,0.984,1285.4,438.4,0.986,1217.5,394.6,0.962,1249.8,381.8,0.0,1134.9,342.1,0.915,1168.0,325.8,0.922
2592,103.68,1290.1,354.1,0.0,1288.2,354.8,0.0,1297.7,351.1,0.0,1290.2,374.5,0.0,1308.4,366.2,0.0,1290.8,419.3,0.97,1317.5,403.3,0.935,1291.6,421.1,0.961,1331.9,383.3,0.895,1297.3,292.3,0.948,1347.8,259.9,0.867,1286.4,466.4,0.992,1298.1,454.7,0.987,1203.5,397.3,0.978,1205.8,381.1,0.962,1148.2,314.9,0.959,1144.3,290.1,0.945
2595,103.8,1289.1,352.6,0.0,1284.6,351.9,0.0,1292.1,348.8,0.0,1275.4,368.5,0.0,1298.2,362.7,0.0,1287.2,403.9,0.992,1306.5,396.1,0.988,1324.2,382.8,0.981,1317.2,371.6,0.972,1365.5,258.8,0.959,1367.2,256.1,0.934,1296.5,475.1,0.999,1315.0,470.4,0.998,1197.2,411.6,0.995,1269.0,404.4,0.994,1126.4,350.6,0.985,1234.9,337.9,0.983
2598,103.92,1276.3,342.1,0.0,1270.6,340.6,0.0,1279.5,332.6,0.0,1258.1,356.3,0.0,1278.5,339.8,0.0,1265.4,405.8,0.982,1290.5,378.4,0.982,1209.3,430.3,0.962,1316.0,359.5,0.972,1053.2,338.8,0.922,1363.2,235.2,0.939,1269.1,481.0,0.996,1278.1,463.1,0.997,1171.1,422.5,0.983,1213.2,393.9,0.984,1044.1,369.5,0.943,1118.1,321.5,0.947
2601,104.04,1283.6,354.3,0.0,1283.9,347.8,0.0,1283.7,350.1,0.0,1282.8,351.2,0.0,1282.5,357.1,0.0,1281.0,374.7,0.958,1279.0,394.1,0.981,1341.5,348.8,0.959,1298.6,397.4,0.975,1358.3,232.3,0.957,1331.3,277.6,0.967,1334.2,445.3,0.997,1331.4,458.7,0.998,1376.9,440.8,0.995,1381.1,447.3,0.996,1537.2,428.8,0.985,1530.5,428.7,0.988
2604,104.16,1233.9,279.8,0.0,1237.0,279.5,0.0,1233.9,272.5,0.0,1258.0,316.1,0.0,1250.6,300.9,0.0,1289.0,385.4,0.997,1303.6,347.4,0.948,1331.0,387.3,0.994,1310.0,334.1,0.91,1370.4,238.7,0.981,1361.9,212.8,0.843,1233.6,474.1,0.999,1235.3,440.4,0.997,1043.4,433.9,0.996,1030.6,394.8,0.988,881.1,372.5,0.984,807.5,334.7,0.969
2607,104.28,1263.7,341.9,0.0,1264.8,336.9,0.0,1266.7,334.9,0.0,1274.7,349.4,0.0,1290.7,342.6,0.0,1286.9,392.0,0.994,1341.8,367.6,0.981,1275.5,383.7,0.978,1366.0,325.1,0.925,1280.5,299.2,0.943,1346.9,224.7,0.827,1230.8,480.9,0.994,1261.2,455.8,0.99,1040.0,455.5,0.972,1065.9,436.8,0.946,867.6,434.7,0.906,881.6,418.0,0.866
2610,104.4,1294.2,538.3,0.0,1284.6,533.7,0.0,1291.4,536.2,0.0,1279.4,498.3,0.0,1290.1,512.3,0.0,1269.4,438.5,0.978,1331.6,469.6,0.99,1262.3,348.3,0.0,1417.1,453.8,0.966,1230.0,332.2,0.942,1469.3,456.0,0.947,1278.4,270.5,0.969,1310.2,287.6,0.978,1230.8,264.2,0.943,1250.4,277.8,0.957,1246.0,169.5,0.888,1240.4,178.7,0.922
2613,104.52,1299.1,523.8,0.0,1293.5,521.9,0.0,1294.1,523.4,0.0,1285.9,499.8,0.0,1289.4,508.8,0.0,1246.9,464.3,0.985,1315.2,486.9,0.98,1111.5,388.6,0.979,1387.6,442.9,0.957,873.9,409.4,0.98,1462.7,417.4,0.948,1278.0,349.5,0.0,1309.1,365.9,0.987,1291.6,308.4,0.987,1294.7,324.2,0.984,1398.7,225.8,0.949,1387.5,227.0,0.949
2616,104.64,1287.9,534.2,0.0,1281.7,533.4,0.0,1296.0,540.2,0.0,1280.4,498.2,0.0,1315.5,525.6,0.0,1237.8,463.7,0.958,1332.0,477.1,0.958,1103.9,375.1,0.952,1317.9,405.7,0.928,1049.2,324.3,0.971,1362.3,340.3,0.935,1241.9,365.6,0.985,1285.7,374.3,0.982,1189.1,350.7,0.986,1234.5,354.8,0.985,1232.5,293.0,0.97,1264.4,284.8,0.972
2619,104.76,1249.0,490.7,0.0,1242.1,494.1,0.0,1249.9,493.7,0.0,1249.6,495.2,0.0,1268.9,486.7,0.0,1254.3,457.3,0.979,1319.1,462.8,0.995,1232.1,391.8,0.946,1384.6,427.4,0.988,1232.5,330.9,0.917,1410.8,390.4,0.965,1284.1,332.2,0.992,1319.2,334.0,0.996,1262.4,311.2,0.976,1300.6,315.7,0.987,1298.9,211.3,0.925,1327.6,211.0,0.955
2622,104.88,1301.1,510.8,0.0,1293.3,513.9,0.0,1305.1,513.6,0.0,1276.6,503.2,0.0,1307.7,503.4,0.0,1215.4,480.8,0.985,1337.5,463.4,0.994,1054.4,422.6,0.955,1401.9,432.7,0.973,936.4,399.5,0.928,1443.9,398.6,0.932,1182.8,342.2,0.986,1236.3,333.9,0.99,1217.7,340.9,0.97,1267.0,344.4,0.976,1226.4,219.1,0.933,1256.5,248.0,0.948
2625,105.0,1288.9,519.2,0.0,1285.0,519.8,0.0,1289.6,518.6,0.0,1278.6,501.0,0.0,1289.6,501.7,0.0,1240.6,476.2,0.988,1299.9,457.9,0.982,1078.4,411.2,0.979,1280.3,383.8,0.953,922.7,369.6,0.971,1279.2,295.0,0.935,1251.8,349.4,0.994,1280.1,343.4,0.992,1211.4,334.1,0.99,1227.7,329.7,0.987,1214.4,229.2,0.975,1222.6,231.0,0.974
2628,105.12,1273.7,512.9,0.0,1262.5,514.2,0.0,1277.6,520.8,0.0,1255.6,496.4,0.0,1291.8,510.8,0.0,1222.7,461.7,0.99,1318.0,456.0,0.987,1066.9,409.3,0.978,1310.8,410.9,0.955,943.7,370.4,0.966,1290.5,379.9,0.933,1262.2,333.0,0.991,1305.1,332.6,0.989,1223.4,338.0,0.98,1270.5,346.8,0.976,1266.3,239.7,0.94,1313.7,260.5,0.938
2631,105.24,1276.7,519.3,0.0,1264.0,526.6,0.0,1284.6,530.4,0.0,1256.6,517.1,0.0,1308.1,522.2,0.0,1223.0,478.8,0.989,1354.7,458.5,0.983,1061.8,406.5,0.971,1380.1,404.0,0.915,958.3,378.2,0.952,1412.7,420.4,0.87,1292.6,331.4,0.98,1351.7,319.7,0.971,1213.7,311.7,0.952,1277.5,302.3,0.934,1221.7,230.0,0.893,1281.1,228.1,0.878
2634,105.36,1317.5,525.5,0.0,1311.8,531.3,0.0,1312.9,521.3,0.0,1292.0,513.3,0.0,1292.1,491.2,0.0,1292.3,462.2,0.992,1274.6,423.8,0.982,1263.3,427.8,0.0,1236.2,388.2,0.914,1166.5,457.7,0.943,1189.2,431.8,0.893,1274.4,337.8,0.986,1266.4,311.9,0.982,1171.6,343.8,0.971,1149.9,319.5,0.964,1086.9,304.0,0.953,1074.8,261.8,0.953
2637,105.48,1297.2,527.2,0.0,1291.2,527.9,0.0,1294.0,525.5,0.0,1285.0,518.9,0.0,1291.3,511.3,0.0,1272.9,482.9,0.997,1322.6,479.2,0.995,1183.1,433.1,0.989,1366.3,461.9,0.968,1073.1,419.7,0.968,1466.8,492.4,0.92,1287.1,325.1,0.996,1315.3,323.5,0.995,1253.9,275.6,0.987,1264.3,285.7,0.983,1238.1,156.4,0.964,1245.9,158.9,0.963
2640,105.6,1286.7,525.4,0.0,1278.4,528.6,0.0,1286.6,527.2,0.0,1263.6,513.9,0.0,1282.9,512.0,0.0,1230.8,475.2,0.995,1314.4,460.9,0.991,1082.5,411.1,0.985,1339.6,411.6,0.952,927.7,372.8,0.972,1376.6,423.7,0.919,1270.2,319.4,0.994,1309.0,310.4,0.991,1183.2,314.9,0.989,1211.4,312.6,0.984,1159.0,233.1,0.979,1178.5,219.6,0.977
2643,105.72,1264.7,508.7,0.0,1256.7,516.1,0.0,1268.4,514.1,0.0,1255.1,521.8,0.0,1286.4,504.7,0.0,1219.5,494.2,0.994,1332.0,447.9,0.996,1033.7,413.2,0.978,1360.2,381.6,0.973,925.4,414.1,0.942,1409.6,379.6,0.923,1273.1,349.9,0.992,1322.0,324.8,0.992,1206.7,304.2,0.971,1248.4,292.7,0.972,1217.0,190.5,0.935,1243.6,198.2,0.94
2646,105.84,1394.7,5.8,0.0,1376.6,1.4,0.0,1373.9,6.1,0.0,1388.7,0.0,0.0,1379.8,10.8,0.0,1501.9,0.0,0.013,1471.6,1.4,0.014,1597.7,10.8,0.148,1533.0,1.9,0.132,1623.5,85.0,0.521,1554.4,69.5,0.5,1602.0,20.6,0.112,1583.7,29.2,0.114,1581.4,33.0,0.194,1555.4,33.0,0.187,1593.6,90.1,0.177,1566.6,92.5,0.179
2649,105.96,1391.4,7.6,0.0,1373.4,2.4,0.0,1371.0,7.1,0.0,1386.2,0.0,0.0,1377.6,9.7,0.0,1499.0,0.0,0.013,1469.0,1.3,0.016,1596.5,10.8,0.148,1532.7,3.0,0.147,1618.8,83.2,0.531,1555.3,70.1,0.0,1602.2,21.4,0.094,1583.9,30.5,0.102,1580.4,36.7,0.15,1554.2,37.5,0.15,1593.7,82.8,0.13,1567.2,86.6,0.135
2652,106.08,1316.2,533.7,0.0,1306.7,536.1,0.0,1318.9,536.9,0.0,1283.8,517.8,0.0,1313.3,522.6,0.0,1228.7,484.9,0.995,1324.1,479.9,0.992,1123.4,394.3,0.988,1343.8,430.3,0.966,1045.7,329.8,0.982,1366.1,388.6,0.936,1234.4,358.7,0.998,1282.5,352.5,0.996,1219.7,356.7,0.997,1268.8,339.4,0.996,1250.6,262.9,0.991,1283.9,240.3,0.99
2655,106.2,1307.8,521.5,0.0,1303.5,523.3,0.0,1305.8,519.4,0.0,1292.5,511.5,0.0,1301.5,504.6,0.0,1247.9,495.2,0.0,1342.7,475.1,0.995,1126.1,432.1,0.967,1432.7,420.6,0.973,963.9,403.5,0.96,1498.6,360.8,0.947,1243.1,353.7,0.988,1288.8,339.9,0.99,1160.1,326.5,0.988,1187.1,311.9,0.989,1162.4,263.6,0.982,1159.0,235.9,0.985
2658,106.32,1274.6,511.8,0.0,1269.9,518.2,0.0,1279.8,514.7,0.0,1271.1,517.4,0.0,1297.1,505.2,0.0,1243.8,492.7,0.988,1329.3,449.0,0.991,1089.8,432.2,0.973,1306.8,394.7,0.969,925.2,405.4,0.96,1182.5,377.5,0.95,1284.0,359.6,0.995,1319.9,333.6,0.995,1184.7,385.6,0.99,1220.3,364.7,0.99,1157.5,292.9,0.98,1177.2,291.2,0.982
2661,106.44,1266.6,505.7,0.0,1259.5,512.9,0.0,1272.2,514.7,0.0,1265.4,521.3,0.0,1297.4,511.3,0.0,1244.6,498.2,0.996,1326.5,457.2,0.998,1113.9,393.1,0.987,1272.4,406.4,0.989,1075.7,334.1,0.972,1258.1,430.0,0.968,1295.2,380.0,0.999,1339.3,355.5,0.999,1299.4,299.1,0.995,1349.8,288.8,0.996,1371.7,202.9,0.977,1413.3,231.3,0.981
2664,106.56,1259.7,500.6,0.0,1256.0,504.1,0.0,1262.2,503.6,0.0,1260.4,511.1,0.0,1280.7,502.7,0.0,1224.7,504.0,0.996,1328.8,472.6,0.995,1030.9,433.0,0.993,1355.7,425.1,0.984,923.0,434.9,0.982,1416.3,407.5,0.961,1266.1,392.4,0.0,1312.9,376.7,0.999,1311.2,330.2,0.997,1347.6,319.7,0.997,1381.9,193.9,0.987,1395.9,209.6,0.986
2667,106.68,1249.9,493.4,0.0,1245.4,495.7,0.0,1248.6,499.9,0.0,1257.3,501.8,0.0,1268.5,500.6,0.0,1267.5,484.2,0.986,1318.5,470.0,0.998,1214.5,430.8,0.937,1384.7,420.8,0.993,1095.3,410.7,0.902,1419.0,382.5,0.974,1312.9,371.5,0.997,1340.7,363.0,0.999,1320.7,322.4,0.993,1335.7,312.0,0.997,1367.4,206.0,0.978,1382.5,205.0,0.989
2670,106.8,1278.4,500.1,0.0,1268.6,500.0,0.0,1280.7,503.5,0.0,1257.0,491.5,0.0,1290.0,505.6,0.0,1225.6,495.4,0.99,1348.3,479.8,0.987,1079.7,460.0,0.984,1421.1,445.2,0.947,987.4,429.5,0.973,1446.6,415.6,0.919,1238.4,401.4,0.996,1291.9,397.9,0.994,1264.6,370.9,0.992,1320.9,388.4,0.987,1273.1,239.5,0.979,1309.2,288.8,0.973
2673,106.92,1297.6,526.6,0.0,1291.5,529.0,0.0,1288.0,521.5,0.0,1287.2,521.3,0.0,1277.6,497.9,0.0,1315.0,494.5,0.979,1291.1,473.6,0.99,1388.3,434.0,0.919,1342.3,433.4,0.967,1365.7,388.9,0.841,1339.6,334.5,0.912,1322.6,381.5,0.993,1321.4,368.6,0.995,1360.9,348.8,0.976,1344.5,332.3,0.984,1362.6,215.4,0.92,1345.7,214.8,0.946
2676,107.04,1249.7,486.9,0.0,1245.1,490.4,0.0,1249.6,492.5,0.0,1252.7,498.5,0.0,1269.2,499.4,0.0,1244.9,492.6,0.989,1322.3,468.4,0.994,1136.1,439.6,0.983,1365.9,399.5,0.985,1036.2,428.1,0.974,1378.1,343.9,0.972,1308.0,370.4,0.998,1345.5,360.0,0.998,1340.6,342.0,0.995,1369.1,328.0,0.995,1400.6,196.2,0.974,1413.0,199.9,0.978
2679,107.16,1295.5,504.9,0.0,1294.0,512.7,0.0,1301.3,504.8,0.0,1288.8,516.6,0.0,1308.9,494.2,0.0,1251.3,504.4,0.992,1306.5,447.5,0.993,1079.7,446.8,0.975,1240.5,401.0,0.973,873.3,364.1,0.96,1113.5,369.5,0.953,1233.8,400.2,0.996,1259.1,362.7,0.996,1190.2,406.4,0.992,1214.4,366.1,0.992,1163.1,304.9,0.98,1190.1,278.3,0.981
2682,107.28,1317.0,526.0,0.0,1309.0,528.9,0.0,1309.3,524.2,0.0,1289.2,513.9,0.0,1287.8,504.7,0.0,1293.4,462.1,0.995,1279.7,452.6,0.983,1332.8,426.2,0.983,1305.6,424.7,0.917,1369.3,451.9,0.944,1371.1,429.4,0.842,1289.5,327.3,0.994,1287.9,322.7,0.989,1306.7,321.8,0.98,1293.2,329.9,0.966,1311.1,213.2,0.93,1302.5,229.3,0.916
2685,107.4,1309.8,522.6,0.0,1302.0,523.6,0.0,1300.1,520.2,0.0,1293.7,511.0,0.0,1287.0,505.1,0.0,1323.6,483.6,0.989,1297.4,463.4,0.966,1422.0,451.8,0.98,1368.4,447.8,0.903,1486.5,435.5,0.952,1458.8,432.8,0.86,1319.6,349.5,0.993,1317.8,337.2,0.988,1355.6,311.6,0.98,1341.4,299.2,0.967,1349.7,174.2,0.926,1342.8,183.5,0.911
2688,107.52,1274.7,504.6,0.0,1274.3,510.2,0.0,1272.9,500.3,0.0,1283.4,515.4,0.0,1280.6,484.2,0.0,1279.8,487.5,0.984,1291.8,445.3,0.991,1140.1,420.3,0.973,1201.2,383.3,0.985,940.1,388.1,0.956,1061.4,357.0,0.971,1314.2,353.1,0.997,1324.6,331.7,0.998,1281.0,315.6,0.989,1277.9,306.2,0.992,1282.6,194.0,0.961,1273.5,190.6,0.972
2691,107.64,1289.7,514.7,0.0,1285.6,520.3,0.0,1298.8,516.6,0.0,1283.7,509.6,0.0,1312.8,502.6,0.0,1254.5,484.5,0.982,1311.9,443.8,0.979,1072.7,427.6,0.97,1183.1,399.4,0.954,897.4,356.4,0.957,987.2,383.8,0.937,1281.5,378.3,0.0,1308.0,353.6,0.992,1178.9,395.6,0.984,1215.5,372.4,0.982,1121.1,308.6,0.968,1160.2,302.1,0.969
2694,107.76,1294.4,513.1,0.0,1285.6,519.3,0.0,1302.5,518.2,0.0,1274.9,514.0,0.0,1317.3,509.9,0.0,1235.3,495.9,0.988,1346.9,460.7,0.98,1073.1,425.9,0.974,1344.9,410.9,0.921,943.4,369.6,0.958,1299.5,412.3,0.883,1281.6,391.8,0.989,1329.9,369.6,0.984,1190.8,377.4,0.98,1244.8,367.4,0.971,1155.8,282.5,0.964,1203.6,290.2,0.957
2697,107.88,1272.2,498.3,0.0,1266.3,506.5,0.0,1279.5,508.9,0.0,1266.0,512.6,0.0,1302.4,512.8,0.0,1230.2,491.3,0.986,1307.6,461.4,0.982,1050.6,420.1,0.978,1213.2,403.9,0.961,945.0,373.6,0.973,1125.0,395.4,0.957,1300.3,383.3,0.995,1338.7,369.0,0.994,1300.9,330.3,0.986,1346.3,319.5,0.985,1387.5,252.0,0.934,1432.4,261.0,0.932
2700,108.0,1308.1,464.3,0.0,1308.4,474.9,0.0,1318.0,460.1,0.0,1300.3,490.3,0.0,1327.4,457.5,0.0,1268.6,486.9,0.971,1321.7,431.8,0.983,1079.5,430.8,0.947,1161.7,408.4,0.962,1022.9,362.7,0.943,1047.2,358.3,0.946,1265.1,422.9,0.994,1292.0,396.3,0.994,1299.5,408.5,0.979,1338.2,408.5,0.981,1308.9,289.7,0.903,1343.0,309.1,0.913
2703,108.12,1291.1,494.5,0.0,1283.6,498.8,0.0,1291.1,497.3,0.0,1278.2,506.3,0.0,1297.0,499.8,0.0,1265.9,486.3,0.988,1331.7,471.9,0.994,1237.1,393.4,0.973,1400.5,407.6,0.981,1224.7,330.7,0.952,1434.2,368.2,0.955,1271.4,366.9,0.998,1306.1,357.0,0.998,1300.5,337.9,0.995,1332.4,326.8,0.996,1291.2,210.0,0.983,1309.7,209.6,0.986
2706,108.24,0,0,0,0,0,0,0,0,0,0,0,0,0,0,0,0,0,0,0,0,0,0,0,0,0,0,0,0,0,0,0,0,0,0,0,0,0,0,0,0,0,0,0,0,0,0,0,0,0,0,0
2709,108.36,1290.0,493.1,0.0,1284.3,500.8,0.0,1294.3,492.8,0.0,1281.5,509.7,0.0,1309.4,483.7,0.0,1254.6,501.3,0.982,1357.1,456.7,0.989,1175.6,448.8,0.951,1429.7,416.7,0.957,1095.1,396.4,0.933,1471.8,368.1,0.909,1262.6,377.4,0.984,1315.2,346.6,0.985,1222.0,331.3,0.972,1272.9,303.9,0.974,1243.3,251.7,0.929,1275.1,230.7,0.938
2712,108.48,1387.2,2.9,0.0,1371.2,0.0,0.0,1366.8,3.6,0.0,1386.5,0.0,0.0,1374.1,8.9,0.0,1502.1,0.0,0.03,1467.7,1.5,0.026,1596.5,12.1,0.186,1534.3,5.6,0.136,1601.7,90.3,0.519,1548.4,73.9,0.46,1577.6,25.6,0.188,1557.4,35.3,0.175,1578.4,30.1,0.324,1548.8,30.8,0.297,1586.1,94.7,0.281,1555.7,99.0,0.273
2715,108.6,1316.0,525.7,0.0,1302.8,526.7,0.0,1315.4,530.4,0.0,1283.1,504.3,0.0,1311.9,515.8,0.0,1254.8,462.6,0.983,1346.3,474.1,0.984,1227.2,416.6,0.958,1447.6,427.8,0.938,1135.8,395.0,0.937,1428.7,375.9,0.893,1267.5,334.8,0.986,1311.8,342.8,0.985,1267.2,342.3,0.0,1316.1,347.0,0.971,1293.3,252.1,0.923,1331.4,262.5,0.927
2718,108.72,1283.7,461.5,0.0,1283.2,468.1,0.0,1288.1,464.5,0.0,1283.4,481.0,0.0,1298.5,475.1,0.0,1270.7,475.5,0.96,1277.4,466.7,0.972,1186.5,416.9,0.928,1153.6,458.4,0.947,1132.5,344.3,0.911,1037.0,422.8,0.923,1278.4,433.1,0.993,1288.4,433.1,0.994,1288.6,408.7,0.985,1305.3,439.0,0.987,1333.8,289.5,0.951,1358.7,348.1,0.956
2721,108.84,1248.4,497.5,0.0,1244.8,501.8,0.0,1254.5,504.6,0.0,1256.2,500.0,0.0,1283.6,503.7,0.0,1238.8,471.7,0.989,1305.4,476.9,0.99,1087.4,419.2,0.982,1262.3,463.0,0.976,948.4,386.4,0.974,1198.9,433.3,0.964,1286.0,383.0,0.996,1317.0,394.0,0.996,1263.0,360.8,0.988,1296.7,412.8,0.988,1335.3,238.9,0.949,1373.0,332.4,0.951
2724,108.96,1259.0,485.6,0.0,1254.7,494.8,0.0,1263.4,497.9,0.0,1267.9,505.6,0.0,1298.1,500.0,0.0,1253.0,480.5,0.992,1358.4,448.6,0.996,1090.1,424.6,0.966,1405.6,425.0,0.98,957.1,401.2,0.926,1464.2,426.6,0.94,1307.7,339.3,0.986,1356.5,317.9,0.989,1238.8,306.1,0.948,1280.7,289.5,0.961,1261.1,228.8,0.88,1296.7,230.3,0.907
2727,109.08,0,0,0,0,0,0,0,0,0,0,0,0,0,0,0,0,0,0,0,0,0,0,0,0,0,0,0,0,0,0,0,0,0,0,0,0,0,0,0,0,0,0,0,0,0,0,0,0,0,0,0
2730,109.2,0,0,0,0,0,0,0,0,0,0,0,0,0,0,0,0,0,0,0,0,0,0,0,0,0,0,0,0,0,0,0,0,0,0,0,0,0,0,0,0,0,0,0,0,0,0,0,0,0,0,0
2733,109.32,1290.3,505.5,0.0,1284.8,509.8,0.0,1299.6,508.7,0.0,1281.4,501.8,0.0,1317.8,499.8,0.0,1234.1,495.1,0.986,1350.6,446.1,0.987,1048.0,445.5,0.967,1365.7,392.7,0.946,909.5,408.5,0.951,1378.4,353.6,0.908,1254.3,374.6,0.988,1304.3,344.2,0.986,1118.9,374.4,0.984,1166.9,342.8,0.98,1058.1,285.9,0.983,1095.8,276.6,0.982
2736,109.44,1268.2,495.4,0.0,1264.4,499.8,0.0,1270.5,500.6,0.0,1271.7,501.4,0.0,1290.2,496.2,0.0,1260.4,484.3,0.0,1335.1,455.0,0.994,1160.0,435.1,0.969,1374.4,400.1,0.974,1031.1,408.7,0.946,1392.5,338.5,0.939,1310.3,348.3,0.996,1348.7,330.6,0.997,1262.2,325.9,0.993,1291.1,302.5,0.993,1267.7,228.1,0.981,1287.2,216.7,0.984
2739,109.56,1269.5,485.2,0.0,1262.0,493.0,0.0,1280.1,493.5,0.0,1262.1,493.7,0.0,1308.3,490.2,0.0,1229.0,474.5,0.994,1328.7,435.2,0.992,1035.7,412.3,0.984,1250.7,377.1,0.97,935.7,369.8,0.973,1165.3,338.1,0.949,1258.1,378.8,0.997,1301.9,359.0,0.996,1152.3,357.0,0.994,1208.0,365.3,0.992,1161.1,257.2,0.987,1216.3,303.3,0.986
2742,109.68,1257.9,487.5,0.0,1247.2,489.1,0.0,1264.2,497.3,0.0,1243.6,480.6,0.0,1288.3,501.6,0.0,1224.4,479.5,0.997,1348.2,473.5,0.997,1069.4,409.3,0.994,1412.9,444.9,0.984,957.5,374.9,0.988,1438.5,405.2,0.971,1283.1,393.6,1.0,1337.9,389.7,0.999,1256.4,342.9,0.999,1311.1,335.0,0.999,1253.9,213.8,0.998,1300.9,224.5,0.998
2745,109.8,1242.1,484.2,0.0,1235.9,494.3,0.0,1249.6,492.2,0.0,1240.6,508.5,0.0,1280.9,496.8,0.0,1227.7,493.7,0.993,1337.0,467.1,0.996,1057.3,422.6,0.982,1319.7,391.7,0.986,965.2,355.2,0.972,1272.0,321.7,0.973,1321.3,397.5,0.999,1372.7,383.0,0.999,1237.4,337.8,0.996,1297.9,326.1,0.997,1259.4,247.5,0.989,1311.8,235.7,0.991
2748,109.92,1281.0,485.8,0.0,1271.7,490.1,0.0,1286.2,492.4,0.0,1269.1,491.1,0.0,1308.1,490.5,0.0,1236.9,487.6,0.997,1370.2,441.9,0.995,1067.8,396.3,0.992,1410.9,346.4,0.972,980.6,366.5,0.983,1394.2,281.8,0.946,1309.7,379.0,0.999,1367.4,354.1,0.998,1258.9,335.0,0.998,1318.6,313.1,0.997,1280.0,221.3,0.995,1312.1,229.1,0.994
2751,110.04,1279.1,488.1,0.0,1274.0,492.2,0.0,1285.3,489.4,0.0,1281.4,491.3,0.0,1309.5,478.8,0.0,1260.1,490.1,0.994,1377.1,440.1,0.996,1120.0,412.2,0.97,1442.6,388.1,0.974,1003.2,375.1,0.948,1421.1,283.1,0.936,1291.0,379.8,0.995,1344.2,348.5,0.995,1184.7,344.5,0.992,1236.2,305.4,0.993,1135.1,242.9,0.99,1160.0,244.8,0.991
2754,110.16,1314.7,480.6,0.0,1311.6,487.7,0.0,1311.9,474.2,0.0,1308.7,498.9,0.0,1310.6,453.3,0.0,1295.0,472.3,0.998,1340.5,440.0,0.998,1195.3,415.7,0.988,1357.7,395.7,0.985,1081.6,376.9,0.962,1322.7,356.3,0.0,1325.7,360.9,0.0,1349.9,341.3,0.999,1232.8,315.9,0.998,1249.5,318.3,0.998,1216.9,233.2,0.996,1219.2,219.7,0.996
2757,110.28,1282.8,481.4,0.0,1280.6,484.7,0.0,1282.1,480.9,0.0,1284.5,485.9,0.0,1290.1,472.7,0.0,1279.0,474.0,0.993,1325.2,442.9,0.996,1181.2,406.3,0.972,1347.3,391.2,0.98,1009.2,353.8,0.95,1274.0,300.7,0.956,1299.6,350.6,0.996,1325.2,333.0,0.997,1215.0,313.9,0.991,1227.9,294.0,0.992,1163.9,186.5,0.983,1166.3,187.6,0.986
2760,110.4,1324.4,498.0,0.0,1313.6,499.9,0.0,1328.7,500.2,0.0,1300.6,486.9,0.0,1336.1,485.1,0.0,1262.4,468.5,0.995,1380.1,441.4,0.997,1119.3,401.8,0.984,1445.6,414.9,0.977,1021.5,385.7,0.967,1507.5,421.6,0.94,1291.3,345.8,0.997,1341.1,328.9,0.997,1255.0,350.7,0.995,1301.0,337.0,0.995,1241.0,203.4,0.991,1274.6,209.9,0.992
2763,110.52,1267.0,464.1,0.0,1265.8,473.2,0.0,1271.7,469.6,0.0,1279.7,481.8,0.0,1300.0,466.6,0.0,1276.4,469.3,0.989,1349.7,409.4,0.994,1109.6,401.4,0.967,1328.2,349.8,0.0,953.6,358.6,0.954,1235.9,298.0,0.966,1334.6,346.4,0.995,1366.6,310.6,0.996,1187.7,327.7,0.991,1214.8,292.0,0.993,1139.3,229.9,0.988,1155.7,224.0,0.991
2766,110.64,1269.0,473.6,0.0,1270.0,477.5,0.0,1266.7,475.8,0.0,1291.2,482.6,0.0,1287.4,468.6,0.0,1320.6,468.4,0.993,1321.6,418.1,0.997,1264.6,420.4,0.974,1317.5,341.0,0.0,1133.2,391.8,0.958,1268.4,289.1,0.978,1368.1,347.9,0.998,1373.2,318.7,0.999,1313.5,301.2,0.994,1303.3,265.0,0.997,1317.1,199.3,0.983,1310.0,172.4,0.989
2769,110.76,1271.5,461.0,0.0,1270.9,466.2,0.0,1271.4,465.7,0.0,1281.5,472.7,0.0,1287.7,466.2,0.0,1287.6,461.1,0.0,1316.7,413.2,0.995,1179.4,417.1,0.973,1295.7,338.7,0.99,1019.4,398.2,0.963,1232.3,288.4,0.981,1334.5,344.4,0.998,1349.3,316.3,0.998,1284.3,335.3,0.994,1286.1,288.1,0.996,1274.9,233.5,0.982,1277.1,192.8,0.988
2772,110.88,1266.2,461.6,0.0,1267.6,467.6,0.0,1264.1,467.6,0.0,1292.0,481.2,0.0,1288.4,474.6,0.0,1338.5,460.9,0.99,1323.2,431.7,0.999,1402.3,416.4,0.955,1345.8,370.9,0.996,1490.2,410.1,0.929,1372.7,327.3,0.988,1348.1,343.8,0.998,1349.1,324.4,0.999,1332.1,311.6,0.993,1325.1,283.9,0.997,1348.4,209.9,0.978,1335.6,191.9,0.99
2775,111.0,1277.0,469.3,0.0,1277.5,473.7,0.0,1275.2,471.2,0.0,1288.5,481.3,0.0,1284.3,469.2,0.0,1298.9,464.0,0.992,1288.2,417.6,0.996,1210.2,417.8,0.98,1205.9,365.0,0.991,1042.0,409.4,0.965,1089.2,354.1,0.981,1332.0,335.9,0.998,1332.6,309.5,0.999,1316.8,311.3,0.995,1301.5,281.3,0.997,1314.1,192.0,0.982,1303.5,178.2,0.987
2778,111.12,1281.5,464.6,0.0,1275.7,466.8,0.0,1278.3,469.5,0.0,1285.3,472.9,0.0,1293.3,470.9,0.0,1312.8,457.3,0.973,1337.0,443.4,0.997,1347.9,398.5,0.851,1399.9,401.5,0.989,1403.4,355.1,0.776,1452.4,335.0,0.961,1341.6,352.6,0.992,1360.3,342.7,0.997,1334.2,308.0,0.979,1348.3,295.9,0.993,1353.3,197.9,0.96,1361.5,199.8,0.982
2781,111.24,0,0,0,0,0,0,0,0,0,0,0,0,0,0,0,0,0,0,0,0,0,0,0,0,0,0,0,0,0,0,0,0,0,0,0,0,0,0,0,0,0,0,0,0,0,0,0,0,0,0,0
2784,111.36,1266.4,467.2,0.0,1264.5,471.7,0.0,1271.5,472.6,0.0,1273.7,474.0,0.0,1297.5,475.8,0.0,1258.7,467.4,0.992,1356.4,449.6,0.996,1111.8,406.0,0.979,1404.7,396.1,0.986,983.0,392.5,0.967,1374.2,345.1,0.972,1295.0,371.0,0.998,1338.0,361.7,0.998,1233.7,323.4,0.996,1271.2,309.6,0.997,1221.6,210.2,0.993,1238.5,208.5,0.994
2787,111.48,1281.7,467.8,0.0,1276.7,472.1,0.0,1289.5,470.7,0.0,1282.2,475.2,0.0,1315.3,465.3,0.0,1253.6,478.6,0.993,1367.8,431.8,0.997,1084.7,405.6,0.975,1396.8,376.8,0.984,958.9,367.7,0.955,1359.3,293.0,0.959,1285.3,376.0,0.997,1336.3,348.0,0.998,1209.7,338.1,0.994,1260.6,306.6,0.995,1176.3,193.5,0.989,1210.0,196.6,0.991
2790,111.6,1275.6,475.0,0.0,1273.7,476.4,0.0,1282.4,480.0,0.0,1286.1,471.8,0.0,1309.6,475.5,0.0,1269.2,470.3,0.992,1356.7,431.1,0.0,1102.9,407.5,0.976,1344.0,401.5,0.968,954.3,372.6,0.961,1265.8,377.5,0.942,1313.1,370.0,0.0,1352.0,346.9,0.995,1235.9,340.4,0.991,1271.7,315.4,0.99,1185.9,238.7,0.985,1205.1,254.7,0.985
2793,111.72,1230.6,423.8,0.0,1224.7,426.3,0.0,1234.8,431.5,0.0,1235.8,430.6,0.0,1265.3,438.3,0.0,1237.3,433.1,0.98,1317.5,425.6,0.988,1120.0,408.7,0.963,1313.7,418.4,0.964,1034.1,379.8,0.961,1287.6,394.9,0.952,1311.6,380.8,0.993,1348.6,381.1,0.993,1267.0,352.3,0.986,1309.7,383.4,0.986,1324.3,260.0,0.957,1363.7,323.7,0.961
2796,111.84,1318.2,479.3,0.0,1312.7,483.4,0.0,1315.5,478.8,0.0,1310.8,489.3,0.0,1318.3,468.8,0.0,1310.7,461.3,0.995,1345.2,435.0,0.997,1285.0,435.4,0.978,1402.4,412.9,0.983,1253.6,434.0,0.926,1468.3,409.4,0.935,1320.6,319.1,0.997,1341.2,302.5,0.997,1302.3,298.3,0.986,1314.2,290.4,0.988,1282.1,190.2,0.958,1293.0,182.6,0.966
2799,111.96,1271.1,456.3,0.0,1261.1,457.5,0.0,1277.1,467.3,0.0,1269.2,446.7,0.0,1311.2,470.9,0.0,1250.7,432.6,0.951,1390.5,442.5,0.985,1100.2,390.2,0.94,1487.6,429.0,0.97,990.9,409.1,0.933,1558.9,406.5,0.948,1331.7,307.5,0.97,1395.5,314.7,0.98,1284.1,254.2,0.94,1343.5,251.3,0.959,1313.3,159.5,0.891,1355.3,162.4,0.923
2802,112.08,1329.9,484.0,0.0,1319.5,489.5,0.0,1335.2,489.9,0.0,1308.4,486.7,0.0,1348.5,482.1,0.0,1266.1,461.5,0.992,1390.6,438.5,0.992,1107.9,404.8,0.973,1448.9,390.5,0.952,977.3,380.1,0.939,1510.4,372.8,0.874,1288.5,340.1,0.989,1343.2,324.4,0.987,1219.8,340.5,0.975,1273.3,327.7,0.97,1204.8,251.9,0.956,1252.4,240.4,0.954
2805,112.2,1279.8,452.6,0.0,1276.7,456.8,0.0,1283.5,455.1,0.0,1285.4,463.5,0.0,1306.3,452.6,0.0,1273.9,454.8,0.984,1367.3,432.6,0.997,1168.1,396.5,0.953,1431.8,410.1,0.99,1102.9,379.3,0.933,1484.5,391.9,0.97,1293.2,360.7,0.996,1337.2,346.2,0.998,1251.6,303.8,0.991,1290.1,293.5,0.996,1235.3,209.6,0.985,1254.8,213.5,0.991
2808,112.32,1297.7,461.3,0.0,1294.5,466.0,0.0,1297.2,463.5,0.0,1299.2,470.2,0.0,1309.1,456.6,0.0,1303.1,452.8,0.995,1346.6,420.1,0.997,1234.0,417.8,0.98,1381.6,379.2,0.985,1105.3,402.8,0.961,1403.6,338.8,0.961,1332.5,345.5,0.998,1355.7,322.3,0.998,1265.7,336.4,0.995,1277.3,293.6,0.996,1238.7,259.3,0.987,1251.5,208.6,0.989
2811,112.44,1322.6,469.3,0.0,1318.7,474.5,0.0,1323.4,467.9,0.0,1313.7,473.4,0.0,1326.5,454.0,0.0,1292.9,453.8,0.99,1356.9,418.8,0.995,1183.4,412.5,0.96,1393.8,376.0,0.975,1025.9,364.6,0.926,1409.9,310.1,0.93,1300.4,327.5,0.0,1331.9,304.4,0.993,1198.3,337.0,0.979,1219.4,305.3,0.982,1129.2,258.1,0.97,1146.2,223.9,0.975
2814,112.56,1355.8,495.9,0.0,1353.5,501.8,0.0,1359.1,493.6,0.0,1339.1,493.2,0.0,1352.0,473.4,0.0,1304.8,457.5,0.994,1343.5,422.2,0.992,1205.3,403.5,0.973,1340.0,347.8,0.956,1043.2,350.7,0.953,1316.3,309.1,0.914,1260.7,358.8,0.996,1276.6,332.1,0.995,1168.5,393.6,0.994,1176.1,346.5,0.993,1073.8,359.1,0.993,1089.2,281.9,0.993
2817,112.68,1298.4,453.3,0.0,1293.9,462.1,0.0,1302.9,455.5,0.0,1291.9,475.0,0.0,1317.0,455.6,0.0,1277.3,458.3,0.991,1342.0,431.7,0.0,1161.1,408.0,0.979,1304.5,345.8,0.971,1058.7,362.1,0.959,1188.2,286.1,0.943,1295.1,380.9,0.998,1326.5,366.2,0.0,1211.2,354.6,0.997,1251.1,340.5,0.996,1185.7,284.1,0.994,1219.5,249.8,0.994
2820,112.8,1303.7,421.3,0.0,1303.1,424.9,0.0,1305.8,421.0,0.0,1302.9,432.4,0.0,1311.7,427.2,0.0,1299.2,444.8,0.982,1317.5,411.2,0.988,1232.9,432.4,0.964,1246.4,350.3,0.973,1166.4,393.3,0.959,1144.7,294.9,0.959,1267.5,399.3,0.997,1279.6,383.7,0.998,1228.2,387.9,0.996,1243.3,389.0,0.996,1180.1,316.8,0.994,1190.7,328.2,0.994
2823,112.92,1290.5,456.3,0.0,1287.3,463.4,0.0,1291.8,461.4,0.0,1294.2,476.6,0.0,1310.6,464.8,0.0,1294.1,464.2,0.99,1347.5,434.5,0.993,1201.5,416.5,0.975,1347.0,353.7,0.981,1110.0,386.6,0.953,1292.3,279.2,0.96,1323.5,371.5,0.998,1351.7,356.6,0.998,1305.6,316.3,0.0,1333.0,296.2,0.994,1306.6,232.3,0.979,1328.0,215.4,0.982
2826,113.04,1293.4,427.2,0.0,1286.8,431.0,0.0,1297.4,429.8,0.0,1284.8,438.8,0.0,1315.9,437.9,0.0,1278.8,455.1,0.978,1373.7,422.1,0.984,1187.3,424.4,0.96,1416.8,357.5,0.955,1102.8,400.6,0.955,1348.3,306.6,0.941,1285.2,409.6,0.996,1326.1,392.9,0.995,1269.7,366.3,0.993,1316.3,356.8,0.0,1240.4,277.5,0.986,1269.6,289.8,0.986
2829,113.16,1295.2,412.3,0.0,1294.7,413.4,0.0,1297.0,407.9,0.0,1299.6,417.3,0.0,1309.3,405.3,0.0,1295.8,438.5,0.983,1355.3,390.5,0.989,1216.9,420.2,0.957,1374.0,309.5,0.961,1134.6,375.1,0.958,1297.8,272.7,0.951,1285.8,401.1,0.994,1310.2,365.3,0.0,1226.2,422.0,0.993,1252.6,341.8,0.993,1212.3,384.6,0.989,1214.9,254.3,0.989
2832,113.28,1305.5,441.5,0.0,1298.8,447.0,0.0,1312.5,443.5,0.0,1291.7,450.6,0.0,1327.1,442.3,0.0,1271.1,449.2,0.987,1358.3,417.8,0.987,1159.3,418.5,0.964,1358.5,359.5,0.952,1060.6,356.4,0.948,1277.0,287.8,0.924,1266.7,393.0,0.995,1305.2,372.0,0.0,1190.4,388.9,0.992,1240.7,353.5,0.99,1124.3,330.4,0.986,1172.9,286.5,0.985
2835,113.4,1251.0,440.4,0.0,1253.7,439.4,0.0,1263.7,446.1,0.0,1281.2,452.2,0.0,1302.7,446.4,0.0,1262.6,449.8,0.97,1340.8,420.4,0.973,1163.4,406.9,0.947,1355.8,376.6,0.963,1043.4,369.4,0.954,1346.2,384.9,0.97,1347.0,374.1,0.994,1382.5,358.5,0.995,1219.5,361.6,0.994,1251.5,375.6,0.995,1136.9,324.8,0.973,1156.8,373.7,0.976
2838,113.52,1239.0,330.0,0.0,1247.3,325.6,0.0,1250.4,335.0,0.0,1275.2,351.0,0.0,1281.0,358.9,0.0,1268.3,399.3,0.94,1294.7,393.3,0.914,1240.3,439.4,0.922,1329.4,428.3,0.894,1200.5,434.3,0.956,1399.2,377.2,0.945,1352.8,409.8,0.986,1369.1,407.9,0.984,1203.2,394.7,0.99,1216.6,400.9,0.99,1083.7,345.3,0.948,1105.9,375.4,0.951
2841,113.64,1256.4,372.2,0.0,1258.7,369.3,0.0,1256.6,377.9,0.0,1283.0,388.5,0.0,1274.8,399.6,0.0,1323.5,400.2,0.944,1306.7,415.0,0.928,1409.4,395.4,0.941,1377.2,419.8,0.903,1467.8,388.6,0.953,1439.7,387.3,0.922,1360.3,395.6,0.997,1356.9,402.8,0.996,1242.9,392.2,0.997,1235.9,399.2,0.996,1185.1,380.9,0.987,1181.6,397.8,0.987
2844,113.76,1275.4,279.0,0.0,1286.4,276.1,0.0,1279.8,272.4,0.0,1305.3,290.8,0.0,1288.6,282.2,0.0,1321.4,324.9,0.972,1286.7,341.0,0.91,1383.5,387.2,0.941,1297.6,412.7,0.758,1438.5,404.9,0.94,1353.9,415.3,0.819,1348.5,363.3,0.978,1335.2,371.9,0.959,1237.8,382.6,0.982,1218.3,392.7,0.971,1081.8,389.2,0.934,1062.3,389.2,0.914
2847,113.88,0,0,0,0,0,0,0,0,0,0,0,0,0,0,0,0,0,0,0,0,0,0,0,0,0,0,0,0,0,0,0,0,0,0,0,0,0,0,0,0,0,0,0,0,0,0,0,0,0,0,0
2850,114.0,0,0,0,0,0,0,0,0,0,0,0,0,0,0,0,0,0,0,0,0,0,0,0,0,0,0,0,0,0,0,0,0,0,0,0,0,0,0,0,0,0,0,0,0,0,0,0,0,0,0,0
2853,114.12,1270.9,464.5,0.0,1270.9,470.9,0.0,1282.0,472.3,0.0,1283.7,481.3,0.0,1307.5,473.8,0.0,1268.6,441.5,0.966,1333.2,445.0,0.972,1206.2,406.4,0.94,1360.8,343.2,0.954,1103.2,396.3,0.938,1341.5,232.1,0.955,1327.0,337.3,0.988,1359.6,338.7,0.988,1254.2,375.8,0.98,1290.4,352.5,0.981,1241.0,351.4,0.941,1277.4,288.5,0.943
2856,114.24,1184.0,248.8,0.0,1192.5,239.4,0.0,1182.7,243.9,0.0,1217.7,248.9,0.0,1195.7,254.9,0.0,1253.8,315.8,0.977,1227.5,338.1,0.872,1227.9,360.6,0.948,1199.5,421.5,0.596,1083.3,371.2,0.901,1093.1,387.6,0.597,1417.5,443.4,0.935,1406.5,461.5,0.857,1379.2,393.6,0.91,1361.2,407.2,0.806,1370.9,400.1,0.871,1346.4,434.0,0.804
2859,114.36,1169.2,266.4,0.0,1173.6,258.6,0.0,1168.5,270.4,0.0,1201.9,275.3,0.0,1189.2,301.0,0.0,1252.2,323.3,0.95,1234.1,360.8,0.953,1253.9,333.1,0.871,1235.1,372.3,0.85,1070.1,350.3,0.846,1138.2,331.4,0.829,1432.1,376.0,0.888,1428.4,406.4,0.892,1369.6,316.6,0.869,1352.4,340.0,0.869,1275.5,304.0,0.782,1259.7,331.6,0.801
2862,114.48,1416.8,382.5,0.0,1426.3,382.1,0.0,1422.7,387.8,0.0,1429.8,380.7,0.0,1419.3,408.6,0.0,1399.7,348.3,0.976,1370.6,426.1,0.924,1384.3,255.1,0.973,1311.3,437.8,0.791,1354.6,195.5,0.954,1274.0,435.8,0.779,1295.9,350.9,0.996,1284.9,392.4,0.99,1181.3,368.9,0.991,1165.6,390.2,0.981,1069.1,395.6,0.943,1058.5,386.0,0.915
2865,114.6,0,0,0,0,0,0,0,0,0,0,0,0,0,0,0,0,0,0,0,0,0,0,0,0,0,0,0,0,0,0,0,0,0,0,0,0,0,0,0,0,0,0,0,0,0,0,0,0,0,0,0
2868,114.72,0,0,0,0,0,0,0,0,0,0,0,0,0,0,0,0,0,0,0,0,0,0,0,0,0,0,0,0,0,0,0,0,0,0,0,0,0,0,0,0,0,0,0,0,0,0,0,0,0,0,0
2871,114.84,0,0,0,0,0,0,0,0,0,0,0,0,0,0,0,0,0,0,0,0,0,0,0,0,0,0,0,0,0,0,0,0,0,0,0,0,0,0,0,0,0,0,0,0,0,0,0,0,0,0,0
2874,114.96,1288.5,438.9,0.0,1297.7,432.3,0.0,1288.4,444.4,0.0,1326.9,425.6,0.0,1298.7,457.3,0.0,1346.3,407.1,0.0,1301.7,451.9,0.958,1389.0,317.9,0.964,1335.7,397.0,0.904,1400.3,254.3,0.961,1418.1,353.3,0.913,1333.0,368.6,0.996,1316.4,395.5,0.995,1222.0,380.1,0.994,1187.3,404.4,0.991,1132.8,388.6,0.961,1094.5,405.3,0.953
2877,115.08,1287.0,428.9,0.0,1285.3,438.0,0.0,1299.5,437.7,0.0,1294.7,457.1,0.0,1326.5,441.7,0.0,1281.6,425.5,0.972,1355.4,413.7,0.971,1210.9,399.6,0.965,1366.3,332.7,0.962,1131.5,357.8,0.966,1352.7,235.5,0.967,1342.9,340.4,0.996,1381.1,330.6,0.996,1271.4,365.4,0.996,1320.9,324.8,0.0,1229.8,366.6,0.988,1286.8,292.3,0.989
2880,115.2,1300.8,260.9,0.0,1305.4,259.9,0.0,1303.2,261.3,0.0,1320.8,279.0,0.0,1316.7,278.7,0.0,1348.1,299.5,0.99,1330.9,333.7,0.968,1377.2,262.3,0.989,1353.3,376.9,0.924,1389.0,189.8,0.983,1422.7,373.1,0.93,1364.4,388.7,0.999,1358.6,399.4,0.997,1274.0,361.4,0.998,1267.2,343.3,0.997,1206.9,392.3,0.992,1215.9,341.3,0.988
2883,115.32,1301.9,419.3,0.0,1301.8,422.5,0.0,1299.3,427.8,0.0,1307.5,443.4,0.0,1305.3,447.9,0.0,1325.3,435.8,0.957,1337.6,451.2,0.962,1350.3,359.5,0.95,1404.3,416.5,0.944,1408.5,279.2,0.946,1477.9,383.6,0.927,1350.2,379.7,0.997,1362.5,380.9,0.997,1321.1,305.1,0.996,1325.8,298.4,0.995,1333.0,283.3,0.988,1330.0,258.2,0.988
2886,115.44,1295.1,421.9,0.0,1288.6,431.7,0.0,1306.3,432.4,0.0,1285.3,452.5,0.0,1326.6,441.4,0.0,1285.3,421.0,0.969,1356.5,428.0,0.975,1301.4,415.1,0.969,1400.7,357.8,0.979,1417.0,367.2,0.979,1416.7,279.2,0.983,1329.6,367.6,0.998,1367.8,369.5,0.999,1280.7,365.0,0.999,1350.0,346.7,0.999,1276.5,334.6,0.996,1357.7,277.2,0.997
2889,115.56,1313.3,441.9,0.0,1320.5,440.1,0.0,1312.6,445.8,0.0,1328.1,442.6,0.0,1306.2,457.4,0.0,1322.6,424.9,0.985,1273.2,459.7,0.969,1370.0,320.5,0.979,1290.3,404.1,0.902,1384.9,222.8,0.97,1391.2,358.1,0.904,1339.0,387.8,0.998,1323.6,406.3,0.996,1341.3,369.4,0.998,1308.1,379.2,0.996,1340.5,327.6,0.994,1317.1,324.4,0.0
2892,115.68,1288.2,429.8,0.0,1289.1,436.3,0.0,1296.3,435.3,0.0,1288.8,451.1,0.0,1305.6,440.4,0.0,1262.5,425.9,0.964,1307.9,430.5,0.969,1223.1,379.3,0.948,1329.0,351.3,0.949,1176.6,308.0,0.961,1315.1,288.9,0.0,1325.7,356.5,0.995,1350.1,359.7,0.995,1283.6,349.9,0.996,1315.2,354.2,0.995,1290.9,296.6,0.991,1326.0,279.9,0.992
2895,115.8,1288.6,411.0,0.0,1289.4,414.9,0.0,1295.1,416.6,0.0,1286.6,429.4,0.0,1301.1,424.3,0.0,1254.5,409.4,0.864,1309.9,422.8,0.884,1226.0,398.8,0.822,1368.0,382.4,0.868,1219.1,380.3,0.867,1439.7,389.2,0.892,1318.1,361.8,0.934,1343.5,370.4,0.944,1303.7,363.3,0.906,1331.4,378.8,0.922,1334.4,359.3,0.842,1356.9,355.9,0.866
2898,115.92,1290.4,354.7,0.0,1290.4,355.8,0.0,1289.3,354.5,0.0,1287.6,371.2,0.0,1283.3,357.1,0.0,1294.4,384.8,0.907,1283.3,366.1,0.873,1341.6,407.6,0.909,1310.9,387.8,0.835,1458.0,388.3,0.942,1406.8,384.9,0.893,1350.4,394.3,0.978,1348.8,382.0,0.973,1348.6,378.6,0.979,1351.2,371.8,0.973,1377.0,392.0,0.956,1383.2,400.2,0.953
2901,116.04,1218.1,256.9,0.0,1217.4,251.5,0.0,1209.7,255.9,0.0,1224.2,260.0,0.0,1206.1,270.4,0.0,1268.6,294.5,0.99,1230.8,327.6,0.993,1352.5,288.3,0.963,1284.8,381.4,0.972,1363.6,243.7,0.951,1307.5,328.3,0.0,1385.2,379.4,0.997,1372.4,401.7,0.998,1396.4,351.5,0.996,1380.4,372.6,0.997,1432.0,339.0,0.995,1419.4,383.1,0.996
2904,116.16,1197.7,244.6,0.0,1199.7,239.1,0.0,1193.5,245.2,0.0,1221.7,264.7,0.0,1207.9,266.9,0.0,1256.5,307.9,0.978,1237.0,337.4,0.932,1260.5,316.1,0.946,1231.7,382.5,0.75,1227.4,240.0,0.924,1205.0,306.8,0.754,1370.2,394.3,0.965,1366.8,410.6,0.941,1345.9,370.1,0.956,1344.5,362.8,0.927,1402.1,364.1,0.922,1406.3,352.2,0.904
2907,116.28,1282.4,421.3,0.0,1285.0,417.0,0.0,1285.5,424.6,0.0,1291.7,409.7,0.0,1289.8,425.8,0.0,1294.2,395.2,0.972,1293.4,424.6,0.945,1340.9,295.0,0.965,1348.9,385.2,0.0,1374.2,205.0,0.957,1399.6,343.2,0.904,1344.6,392.8,0.994,1345.7,407.9,0.99,1342.4,379.8,0.993,1340.5,385.7,0.989,1322.6,334.5,0.982,1321.6,349.5,0.976
2910,116.4,0,0,0,0,0,0,0,0,0,0,0,0,0,0,0,0,0,0,0,0,0,0,0,0,0,0,0,0,0,0,0,0,0,0,0,0,0,0,0,0,0,0,0,0,0,0,0,0,0,0,0
2913,116.52,1327.4,420.4,0.0,1331.0,413.4,0.0,1326.7,426.1,0.0,1341.2,399.1,0.0,1327.4,432.6,0.0,1344.7,390.3,0.964,1327.2,433.4,0.921,1369.2,309.6,0.959,1372.7,402.9,0.856,1358.6,281.6,0.93,1439.5,371.7,0.831,1317.1,392.7,0.99,1311.4,420.2,0.984,1353.5,340.9,0.976,1333.0,372.4,0.96,1363.3,305.1,0.933,1340.1,361.2,0.911
2916,116.64,1281.2,382.0,0.0,1280.8,374.6,0.0,1273.6,389.7,0.0,1292.5,383.7,0.0,1275.3,406.4,0.0,1321.7,391.9,0.835,1301.7,421.5,0.821,1394.7,361.1,0.821,1379.5,409.6,0.754,1434.5,347.9,0.85,1437.5,388.9,0.782,1360.1,393.3,0.961,1354.1,407.0,0.954,1365.9,338.2,0.948,1348.2,354.8,0.937,1389.9,335.5,0.885,1367.1,359.2,0.88
2919,116.76,1276.3,335.7,0.0,1277.3,336.5,0.0,1278.7,340.1,0.0,1281.9,350.6,0.0,1284.0,350.2,0.0,1278.0,354.2,0.978,1286.6,360.6,0.977,1227.0,315.6,0.961,1245.8,319.9,0.941,1166.0,269.1,0.951,1180.2,278.3,0.928,1351.6,384.6,0.0,1357.5,392.8,0.993,1318.7,345.4,0.993,1330.1,360.0,0.992,1319.0,351.8,0.982,1333.4,373.6,0.983
2922,116.88,1300.3,303.5,0.0,1302.7,303.8,0.0,1301.6,307.8,0.0,1312.3,326.3,0.0,1309.3,329.7,0.0,1325.0,337.8,0.989,1313.1,356.1,0.98,1342.0,280.2,0.986,1325.4,362.6,0.953,1369.2,177.2,0.0,1392.7,341.6,0.961,1337.6,374.6,0.999,1336.0,380.2,0.998,1240.9,354.8,0.999,1238.5,355.9,0.998,1165.1,350.2,0.993,1176.9,346.5,0.992
2925,117.0,1282.1,419.2,0.0,1276.5,425.9,0.0,1291.3,432.3,0.0,1272.0,444.4,0.0,1309.1,445.0,0.0,1252.4,415.9,0.962,1334.0,433.0,0.969,1175.7,402.2,0.957,1370.6,393.2,0.966,1115.4,354.9,0.96,1425.7,347.6,0.968,1325.7,376.4,0.998,1365.8,381.7,0.998,1268.2,371.5,0.998,1323.6,334.7,0.998,1290.0,347.3,0.995,1370.1,266.5,0.996
2928,117.12,1311.2,441.4,0.0,1311.6,439.8,0.0,1313.6,445.7,0.0,1308.2,436.6,0.0,1310.2,450.0,0.0,1294.7,419.6,0.956,1307.1,437.8,0.966,1331.1,403.4,0.935,1364.1,408.1,0.955,1411.0,384.1,0.935,1478.2,394.0,0.946,1320.3,352.0,0.993,1329.0,362.7,0.994,1276.7,364.5,0.989,1282.5,376.5,0.99,1252.8,331.3,0.962,1256.0,337.8,0.967
2931,117.24,1313.1,442.5,0.0,1316.8,443.4,0.0,1313.6,446.0,0.0,1323.4,448.7,0.0,1314.4,455.8,0.0,1325.4,437.1,0.98,1314.4,445.1,0.981,1356.7,392.9,0.969,1359.0,419.8,0.963,1423.3,354.3,0.966,1468.8,407.5,0.953,1310.3,368.8,0.998,1308.1,370.4,0.998,1254.5,368.7,0.997,1239.6,370.7,0.997,1206.1,335.3,0.988,1187.6,330.4,0.988
2934,117.36,1286.5,424.3,0.0,1284.2,431.4,0.0,1296.7,432.0,0.0,1286.6,446.2,0.0,1315.2,437.8,0.0,1277.9,420.7,0.978,1337.8,422.3,0.977,1245.4,395.9,0.973,1344.9,362.9,0.972,1269.7,352.4,0.978,1325.1,298.1,0.976,1309.0,370.1,0.998,1339.5,372.6,0.998,1225.0,368.9,0.998,1273.3,373.7,0.998,1157.5,347.0,0.991,1208.1,339.9,0.992
2937,117.48,1321.7,445.3,0.0,1323.9,447.3,0.0,1323.9,451.4,0.0,1320.8,450.9,0.0,1318.9,462.6,0.0,1301.2,431.6,0.98,1303.1,447.7,0.981,1313.6,406.6,0.964,1334.5,425.2,0.955,1341.3,390.1,0.952,1431.3,410.3,0.934,1314.8,357.5,0.997,1319.5,365.0,0.996,1239.3,354.2,0.995,1233.7,354.5,0.994,1207.9,348.8,0.977,1204.2,336.1,0.977
2940,117.6,1305.7,443.4,0.0,1307.1,444.6,0.0,1311.5,449.2,0.0,1301.9,445.0,0.0,1309.8,452.6,0.0,1278.1,426.3,0.972,1298.7,435.4,0.961,1247.3,416.3,0.963,1321.1,412.4,0.941,1262.8,387.4,0.963,1438.9,392.4,0.943,1319.1,364.8,0.996,1330.6,369.2,0.995,1257.2,373.8,0.996,1264.0,366.8,0.995,1198.8,350.5,0.986,1217.7,330.9,0.984
2943,117.72,1240.2,272.7,0.0,1245.3,268.4,0.0,1239.6,272.7,0.0,1264.9,289.6,0.0,1249.3,289.8,0.0,1310.8,333.5,0.0,1253.3,333.3,0.929,1389.6,388.2,0.965,1238.9,361.3,0.916,1457.5,390.6,0.977,1231.7,297.0,0.943,1320.4,403.4,0.996,1298.8,405.2,0.994,1201.3,379.1,0.995,1181.1,387.3,0.994,1097.7,351.0,0.973,1093.1,377.1,0.97
2946,117.84,1314.7,444.5,0.0,1314.3,449.3,0.0,1318.4,453.1,0.0,1313.5,460.3,0.0,1321.9,465.9,0.0,1323.5,437.5,0.963,1320.1,443.2,0.954,1390.0,417.0,0.973,1364.7,410.9,0.945,1473.0,369.6,0.979,1441.6,368.3,0.956,1301.1,377.3,0.999,1304.1,378.4,0.998,1191.2,369.9,0.999,1195.6,373.6,0.998,1072.8,354.2,0.993,1094.5,356.8,0.992
2949,117.96,1211.4,258.0,0.0,1219.2,252.0,0.0,1215.3,256.0,0.0,1239.6,263.3,0.0,1232.8,259.3,0.0,1233.9,321.8,0.98,1240.0,320.1,0.942,1168.0,387.8,0.925,1216.3,410.1,0.782,1023.8,372.5,0.888,1183.9,391.6,0.785,1372.1,395.3,0.956,1377.9,397.0,0.933,1323.4,377.6,0.933,1325.7,388.4,0.904,1359.8,377.7,0.894,1364.2,412.5,0.87
2952,118.08,1220.2,246.2,0.0,1227.9,244.5,0.0,1228.1,244.9,0.0,1247.2,259.2,0.0,1246.1,254.0,0.0,1278.5,300.9,0.981,1256.1,310.5,0.873,1324.2,364.3,0.957,1246.0,366.4,0.643,1355.3,370.4,0.951,1232.6,317.6,0.76,1328.3,395.2,0.985,1322.4,399.2,0.963,1189.1,366.5,0.992,1190.3,371.5,0.98,1009.8,368.3,0.965,1025.6,369.4,0.941
2955,118.2,1625.9,21.6,0.0,1637.6,19.3,0.0,1640.4,24.6,0.0,1642.5,10.3,0.0,1647.3,14.5,0.0,1607.2,7.4,0.063,1601.3,0.0,0.037,1565.6,21.2,0.267,1529.4,8.5,0.167,1612.9,72.9,0.473,1563.5,61.4,0.382,1396.9,21.8,0.342,1391.5,8.9,0.285,1204.4,27.3,0.295,1199.9,23.5,0.24,967.1,12.5,0.083,970.9,14.0,0.065
2958,118.32,1332.5,430.1,0.0,1330.3,434.9,0.0,1336.2,437.8,0.0,1315.0,445.5,0.0,1328.2,449.5,0.0,1298.0,426.2,0.952,1321.8,426.5,0.925,1330.8,424.7,0.967,1388.5,413.9,0.93,1422.3,410.8,0.976,1491.3,403.7,0.948,1280.9,377.2,0.998,1292.3,377.7,0.997,1211.4,378.0,0.998,1228.0,386.3,0.997,1110.0,375.4,0.992,1137.9,395.8,0.991
2961,118.44,1308.6,432.5,0.0,1309.4,434.3,0.0,1316.0,438.6,0.0,1314.9,437.7,0.0,1329.6,444.2,0.0,1304.5,415.8,0.966,1354.4,431.2,0.956,1274.6,389.5,0.959,1413.0,413.7,0.944,1295.5,360.6,0.966,1494.1,406.0,0.953,1314.5,368.8,0.997,1335.1,377.8,0.996,1193.9,379.9,0.996,1215.5,393.8,0.995,1077.8,395.6,0.977,1096.1,402.8,0.976
2964,118.56,1303.0,427.0,0.0,1303.3,429.9,0.0,1310.5,433.6,0.0,1305.7,436.7,0.0,1323.3,444.3,0.0,1295.8,421.6,0.946,1344.9,421.9,0.959,1303.7,415.4,0.904,1420.7,402.0,0.938,1365.8,397.6,0.913,1501.7,400.9,0.93,1285.8,362.4,0.995,1306.3,361.6,0.995,1166.8,388.9,0.994,1192.8,390.0,0.995,1038.2,392.6,0.975,1061.5,398.6,0.979
2967,118.68,1285.4,440.8,0.0,1280.8,448.3,0.0,1296.2,450.1,0.0,1282.4,459.2,0.0,1318.9,452.1,0.0,1273.1,424.8,0.968,1354.4,429.2,0.971,1251.9,403.5,0.934,1429.3,374.0,0.952,1264.9,385.3,0.927,1482.8,344.2,0.942,1334.2,354.3,0.991,1372.6,348.7,0.991,1298.9,357.9,0.986,1350.9,304.8,0.986,1328.1,338.0,0.969,1386.7,236.2,0.971
2970,118.8,1289.4,421.7,0.0,1286.2,425.2,0.0,1291.8,422.6,0.0,1286.7,432.8,0.0,1305.2,424.4,0.0,1268.5,439.0,0.988,1350.3,410.3,0.994,1164.5,409.8,0.973,1396.3,353.2,0.98,1084.3,388.7,0.954,1406.0,289.0,0.955,1286.8,363.4,0.997,1324.9,347.0,0.998,1265.2,333.1,0.994,1301.0,304.4,0.994,1257.6,250.3,0.986,1276.4,217.9,0.987
2973,118.92,1295.0,434.9,0.0,1286.6,439.4,0.0,1296.1,439.9,0.0,1281.3,445.8,0.0,1308.1,440.8,0.0,1257.0,434.7,0.986,1355.5,421.7,0.995,1145.6,388.5,0.959,1411.4,388.8,0.983,1081.6,372.6,0.923,1422.2,320.9,0.954,1301.8,334.3,0.0,1348.8,327.4,0.995,1292.4,294.9,0.968,1340.5,280.3,0.978,1313.3,220.9,0.909,1343.6,212.4,0.93
2976,119.04,1289.1,442.6,0.0,1283.1,444.6,0.0,1289.7,445.7,0.0,1285.8,445.7,0.0,1303.8,441.5,0.0,1280.7,433.7,0.989,1349.1,410.2,0.994,1191.8,392.4,0.971,1377.0,320.2,0.981,1111.1,361.4,0.946,1331.3,231.8,0.957,1333.7,332.6,0.998,1366.9,323.7,0.998,1330.8,288.4,0.992,1364.2,277.0,0.994,1321.3,196.8,0.975,1343.1,187.4,0.98
2979,119.16,1291.9,447.2,0.0,1286.0,449.8,0.0,1290.8,450.3,0.0,1287.3,451.8,0.0,1300.5,444.8,0.0,1282.9,433.6,0.988,1329.2,413.9,0.995,1213.7,384.8,0.971,1322.9,347.7,0.986,1167.3,366.4,0.956,1284.0,283.7,0.972,1334.6,333.7,0.997,1360.3,325.4,0.998,1331.0,291.1,0.99,1356.2,282.0,0.993,1373.9,188.5,0.957,1390.2,184.8,0.969
2982,119.28,1351.1,7.2,0.0,1334.6,0.0,0.0,1330.0,6.0,0.0,1348.7,0.0,0.0,1334.0,6.1,0.0,1443.1,0.0,0.007,1416.3,4.3,0.01,1529.0,14.7,0.072,1488.8,8.6,0.103,1552.3,58.4,0.309,1518.5,53.9,0.378,1563.5,19.4,0.08,1548.5,29.2,0.097,1562.6,20.5,0.173,1538.7,18.8,0.2,1618.8,73.7,0.174,1587.4,75.5,0.2
2985,119.4,1336.2,7.9,0.0,1318.7,0.0,0.0,1314.7,7.4,0.0,1331.9,0.0,0.0,1319.1,8.3,0.0,1428.0,0.0,0.007,1406.6,7.2,0.01,1517.3,18.8,0.069,1487.6,10.4,0.088,1548.0,63.3,0.286,1519.7,55.6,0.335,1559.7,25.5,0.077,1547.6,35.2,0.089,1563.9,13.2,0.17,1544.7,11.8,0.189,1628.4,79.1,0.171,1600.6,80.7,0.191
2988,119.52,1329.1,5.3,0.0,1312.9,0.0,0.0,1307.7,4.8,0.0,1330.3,0.0,0.0,1315.2,6.1,0.0,1429.9,0.0,0.008,1404.8,7.9,0.012,1520.1,19.6,0.069,1485.8,11.8,0.104,1547.0,63.7,0.288,1518.7,51.8,0.367,1554.6,30.5,0.094,1540.9,40.1,0.114,1565.1,10.3,0.202,1542.5,8.1,0.237,1623.4,82.0,0.206,1591.5,84.8,0.237
2991,119.64,1326.2,484.6,0.0,1316.0,485.9,0.0,1322.0,483.7,0.0,1308.4,472.2,0.0,1321.9,462.6,0.0,1312.4,428.7,0.979,1363.3,432.2,0.975,1300.9,337.8,0.933,1431.1,406.6,0.891,1293.7,303.4,0.895,1440.6,384.1,0.853,1374.8,320.1,0.961,1402.4,322.3,0.957,1368.3,259.3,0.88,1392.8,258.3,0.877,1400.2,174.2,0.0,1407.9,177.9,0.757
2994,119.76,0,0,0,0,0,0,0,0,0,0,0,0,0,0,0,0,0,0,0,0,0,0,0,0,0,0,0,0,0,0,0,0,0,0,0,0,0,0,0,0,0,0,0,0,0,0,0,0,0,0,0
2997,119.88,1344.8,471.6,0.0,1331.1,477.9,0.0,1342.4,475.3,0.0,1310.5,465.0,0.0,1339.9,458.9,0.0,1281.8,390.6,0.974,1384.8,429.5,0.0,1235.2,279.6,0.93,1489.5,450.2,0.957,1234.8,291.5,0.882,1514.8,439.7,0.915,1358.2,249.0,0.942,1405.1,272.0,0.958,1360.1,218.2,0.705,1405.6,244.2,0.774,1397.6,151.6,0.419,1412.6,187.4,0.502
3000,120.0,1302.9,432.5,0.0,1295.3,439.9,0.0,1302.6,436.6,0.0,1299.0,453.3,0.0,1322.6,440.8,0.0,1295.4,437.4,0.874,1397.6,431.9,0.977,1236.8,402.6,0.77,1503.4,419.6,0.953,1158.8,406.6,0.79,1556.7,386.7,0.907,1373.9,338.9,0.797,1422.6,339.2,0.892,1304.9,319.4,0.532,1350.0,336.0,0.691,1338.3,300.3,0.313,1359.0,328.4,0.428
3003,120.12,1315.4,467.3,0.0,1309.2,473.4,0.0,1319.0,469.4,0.0,1315.1,475.5,0.0,1341.4,460.6,0.0,1304.8,458.9,0.966,1403.4,430.1,0.991,1230.3,412.6,0.904,1472.7,428.5,0.968,1175.7,377.6,0.905,1545.5,451.4,0.937,1326.1,333.0,0.0,1374.9,312.5,0.974,1230.0,303.9,0.93,1276.5,296.9,0.955,1247.7,242.5,0.883,1275.3,250.3,0.921
3006,120.24,1291.6,469.3,0.0,1283.3,470.6,0.0,1296.6,480.0,0.0,1289.1,459.8,0.0,1325.4,483.9,0.0,1264.8,444.8,0.983,1367.8,441.4,0.986,1131.4,414.5,0.971,1439.5,450.8,0.962,1030.3,395.1,0.958,1515.1,459.6,0.943,1253.1,339.6,0.979,1297.8,345.6,0.979,1254.3,300.8,0.952,1296.7,363.6,0.95,1318.6,205.7,0.902,1361.2,338.1,0.906
3009,120.36,1313.2,479.3,0.0,1308.1,482.5,0.0,1311.8,478.5,0.0,1302.6,477.3,0.0,1311.3,462.3,0.0,1295.3,445.3,0.991,1336.5,424.7,0.995,1224.8,401.0,0.947,1375.2,407.6,0.967,1073.0,367.1,0.897,1369.9,386.7,0.0,1288.7,328.7,0.98,1309.3,311.5,0.0,1213.1,339.2,0.925,1223.2,310.5,0.941,1134.8,278.7,0.869,1147.8,239.8,0.898
3012,120.48,1327.6,476.4,0.0,1313.8,479.0,0.0,1328.7,482.2,0.0,1297.4,462.9,0.0,1332.6,468.7,0.0,1272.5,416.6,0.984,1376.4,438.8,0.993,1203.7,389.9,0.922,1476.8,443.1,0.953,1074.0,365.0,0.88,1513.3,413.1,0.882,1279.6,303.3,0.945,1327.7,311.6,0.0,1199.5,339.3,0.872,1251.4,334.5,0.896,1182.5,307.9,0.797,1236.8,278.0,0.837
3015,120.6,1309.2,473.9,0.0,1302.6,476.3,0.0,1311.6,477.7,0.0,1300.3,476.1,0.0,1323.3,470.7,0.0,1278.7,459.9,0.991,1359.8,426.6,0.998,1183.6,431.6,0.949,1417.6,383.3,0.989,1090.6,408.9,0.904,1471.4,365.6,0.958,1269.5,332.7,0.993,1307.3,311.4,0.997,1235.1,324.7,0.979,1267.6,307.7,0.989,1201.5,238.6,0.964,1230.5,224.2,0.978
3018,120.72,1314.8,484.9,0.0,1307.1,488.5,0.0,1316.6,486.5,0.0,1298.3,487.1,0.0,1324.4,477.8,0.0,1261.3,465.1,0.991,1369.6,441.8,0.999,1150.2,418.6,0.969,1441.6,433.7,0.995,1109.9,423.9,0.95,1476.3,422.5,0.985,1266.3,318.4,0.998,1315.0,303.0,0.999,1287.8,311.0,0.995,1333.0,298.0,0.998,1324.1,191.8,0.988,1340.8,193.4,0.993
3021,120.84,1320.9,482.3,0.0,1314.3,486.3,0.0,1326.2,486.0,0.0,1308.1,488.9,0.0,1341.4,482.6,0.0,1263.9,479.9,0.995,1382.3,457.6,0.997,1106.4,419.8,0.983,1422.4,408.4,0.985,1021.1,401.9,0.966,1476.4,364.6,0.955,1280.9,375.0,0.997,1334.7,361.5,0.0,1258.2,343.9,0.995,1310.5,332.6,0.995,1290.1,212.4,0.985,1325.0,206.4,0.987
3024,120.96,1332.0,487.7,0.0,1327.4,494.5,0.0,1334.9,489.3,0.0,1319.3,500.1,0.0,1341.9,487.5,0.0,1283.7,486.4,0.99,1372.7,456.0,0.989,1142.4,414.2,0.973,1392.4,384.3,0.959,1006.8,370.8,0.954,1357.0,303.1,0.924,1299.0,377.6,0.995,1338.6,357.7,0.0,1223.1,385.4,0.99,1258.1,349.7,0.988,1185.5,298.0,0.982,1203.6,253.6,0.981
3027,121.08,1323.1,485.5,0.0,1322.2,489.1,0.0,1329.3,477.7,0.0,1325.5,487.9,0.0,1345.5,462.4,0.0,1294.4,495.3,0.975,1386.2,454.0,0.987,1177.6,445.3,0.942,1421.9,401.2,0.96,1067.5,392.2,0.929,1374.3,288.8,0.924,1288.1,426.6,0.988,1328.1,402.4,0.99,1200.6,424.2,0.979,1240.3,398.6,0.981,1160.1,319.8,0.968,1173.7,306.5,0.971
3030,121.2,1300.1,487.4,0.0,1297.2,491.6,0.0,1304.5,488.0,0.0,1309.5,497.2,0.0,1329.8,479.1,0.0,1293.5,489.5,0.993,1387.3,447.6,0.997,1165.3,422.3,0.979,1432.8,368.8,0.986,1067.6,393.1,0.957,1417.1,272.9,0.962,1327.2,364.2,0.0,1371.7,341.7,0.998,1312.1,323.9,0.994,1352.6,301.0,0.996,1322.2,170.4,0.982,1340.8,166.7,0.986
3033,121.32,1298.2,479.3,0.0,1290.7,487.6,0.0,1304.2,489.1,0.0,1297.6,495.2,0.0,1335.0,490.3,0.0,1284.4,474.3,0.995,1391.4,444.3,0.995,1145.1,391.7,0.987,1402.7,340.9,0.978,1082.0,393.0,0.97,1349.8,274.3,0.955,1352.2,354.7,0.998,1400.8,341.4,0.998,1341.7,302.3,0.993,1394.9,292.8,0.993,1376.0,172.2,0.972,1410.4,177.9,0.973
3036,121.44,1313.5,495.1,0.0,1304.1,498.8,0.0,1318.4,502.4,0.0,1306.9,493.7,0.0,1341.3,499.3,0.0,1304.5,466.7,0.983,1392.4,454.3,0.986,1263.9,411.8,0.938,1446.8,368.4,0.928,1193.2,368.0,0.913,1396.7,294.9,0.882,1310.2,341.0,0.981,1355.4,334.2,0.98,1249.8,311.4,0.968,1303.0,299.9,0.966,1246.9,215.1,0.935,1293.2,208.1,0.939
3039,121.56,0,0,0,0,0,0,0,0,0,0,0,0,0,0,0,0,0,0,0,0,0,0,0,0,0,0,0,0,0,0,0,0,0,0,0,0,0,0,0,0,0,0,0,0,0,0,0,0,0,0,0
3042,121.68,1356.1,493.6,0.0,1348.7,500.7,0.0,1362.0,494.2,0.0,1332.1,500.1,0.0,1368.2,482.7,0.0,1284.1,488.0,0.98,1389.1,460.1,0.982,1183.8,455.9,0.971,1428.3,438.8,0.95,1109.6,434.6,0.96,1419.9,436.8,0.925,1335.5,387.6,0.992,1385.1,374.7,0.991,1304.4,338.5,0.984,1358.3,350.6,0.982,1329.8,251.0,0.95,1367.3,282.5,0.949
3045,121.8,1235.7,257.2,0.0,1235.1,254.8,0.0,1228.8,262.9,0.0,1254.1,279.0,0.0,1245.2,305.3,0.0,1303.1,306.4,0.986,1273.2,380.4,0.993,1356.4,252.3,0.975,1267.0,432.5,0.987,1371.2,193.0,0.969,1181.3,389.1,0.979,1370.3,394.0,0.996,1363.0,451.8,0.997,1335.5,322.5,0.991,1331.3,448.1,0.992,1404.6,225.1,0.964,1399.6,409.4,0.0
3048,121.92,1329.3,500.2,0.0,1319.2,507.0,0.0,1332.1,507.8,0.0,1315.4,517.1,0.0,1349.1,504.5,0.0,1301.6,493.0,0.997,1386.7,463.4,0.998,1232.0,372.2,0.988,1421.0,413.1,0.989,1252.5,287.7,0.971,1501.8,413.0,0.961,1338.2,390.0,0.999,1383.2,370.8,0.999,1341.5,308.9,0.996,1391.5,302.6,0.996,1396.2,177.6,0.981,1442.2,203.5,0.984
3051,122.04,1332.3,495.7,0.0,1325.4,500.5,0.0,1332.3,496.1,0.0,1318.3,507.9,0.0,1339.1,492.8,0.0,1292.9,491.2,0.996,1388.0,470.9,0.996,1187.0,432.7,0.989,1451.0,423.3,0.983,1132.0,407.4,0.969,1451.4,351.6,0.951,1332.0,363.5,0.0,1377.0,356.7,0.999,1365.3,327.1,0.997,1408.7,336.3,0.997,1358.1,200.7,0.988,1375.6,234.3,0.988
3054,122.16,1327.9,494.1,0.0,1317.3,496.9,0.0,1331.5,495.9,0.0,1303.4,493.4,0.0,1339.6,490.2,0.0,1260.6,485.7,0.979,1380.0,473.1,0.986,1161.8,448.1,0.975,1442.4,419.4,0.971,1130.0,434.0,0.963,1481.5,334.7,0.94,1317.7,387.8,0.996,1374.4,386.1,0.996,1313.8,346.9,0.99,1376.6,357.6,0.989,1357.4,232.4,0.964,1400.0,261.0,0.966
3057,122.28,1336.2,495.7,0.0,1330.5,498.3,0.0,1336.6,495.6,0.0,1322.5,501.7,0.0,1340.2,495.8,0.0,1295.5,495.2,0.991,1375.1,478.0,0.988,1155.4,412.7,0.981,1364.7,393.6,0.953,1085.8,375.6,0.954,1287.0,272.7,0.911,1346.0,388.0,0.998,1384.3,383.7,0.997,1367.9,353.4,0.995,1405.2,342.7,0.992,1371.1,193.5,0.984,1380.6,190.4,0.981
3060,122.4,1331.1,499.4,0.0,1323.1,501.4,0.0,1334.9,503.6,0.0,1320.0,498.3,0.0,1350.4,501.6,0.0,1293.9,487.5,0.99,1404.7,468.0,0.996,1172.9,435.1,0.977,1467.7,423.5,0.985,1108.2,433.1,0.957,1462.0,381.1,0.965,1331.7,356.7,0.997,1383.2,346.9,0.998,1330.3,302.3,0.991,1380.4,288.1,0.993,1311.3,178.2,0.978,1337.0,178.6,0.983
3063,122.52,1329.3,491.4,0.0,1325.3,497.7,0.0,1329.6,492.6,0.0,1324.3,510.8,0.0,1339.1,493.4,0.0,1301.9,494.7,0.998,1383.1,466.6,0.998,1174.8,419.7,0.992,1421.6,397.1,0.991,1078.9,399.1,0.979,1395.1,339.4,0.975,1332.4,367.0,0.0,1370.7,352.6,1.0,1344.1,324.0,0.999,1375.8,311.4,0.999,1359.1,199.6,0.997,1366.3,195.6,0.997
3066,122.64,1324.0,486.1,0.0,1318.7,491.5,0.0,1329.3,491.6,0.0,1318.9,498.4,0.0,1350.1,495.1,0.0,1291.6,488.0,0.996,1389.4,463.0,0.995,1122.5,422.0,0.99,1374.1,393.6,0.977,1040.2,399.8,0.976,1297.2,342.0,0.958,1323.9,376.9,0.999,1368.6,365.5,0.999,1314.5,323.2,0.998,1362.6,318.3,0.997,1344.5,184.8,0.993,1372.6,188.1,0.992
3069,122.76,1308.2,484.0,0.0,1300.5,489.6,0.0,1313.5,491.7,0.0,1305.0,493.1,0.0,1342.4,488.4,0.0,1279.6,469.4,0.995,1400.9,458.1,0.996,1101.7,413.7,0.984,1455.0,438.8,0.979,984.3,371.3,0.953,1550.5,442.0,0.925,1323.6,358.4,0.996,1377.9,354.4,0.996,1284.3,318.7,0.986,1337.6,349.1,0.986,1316.6,210.0,0.965,1367.2,262.5,0.967
3072,122.88,1313.6,488.9,0.0,1308.6,491.5,0.0,1319.7,493.1,0.0,1314.9,483.8,0.0,1344.7,491.0,0.0,1303.2,470.3,0.992,1402.7,455.1,0.994,1152.9,427.7,0.98,1462.7,448.4,0.969,1021.9,393.4,0.964,1529.5,428.5,0.936,1313.7,358.3,0.996,1355.8,349.9,0.996,1237.6,373.8,0.993,1273.3,373.8,0.992,1187.6,249.2,0.992,1220.2,272.3,0.991
3075,123.0,1336.3,480.5,0.0,1329.4,486.4,0.0,1341.8,483.6,0.0,1327.9,496.0,0.0,1361.4,474.0,0.0,1284.9,482.7,0.992,1406.1,444.1,0.997,1116.5,410.1,0.965,1473.6,426.7,0.983,995.7,396.1,0.911,1566.0,425.1,0.921,1277.9,383.8,0.994,1330.6,356.5,0.996,1231.6,353.5,0.984,1277.3,328.2,0.989,1204.0,251.1,0.975,1240.0,242.3,0.982
3078,123.12,1350.2,475.4,0.0,1347.9,484.0,0.0,1356.4,470.6,0.0,1336.5,487.2,0.0,1360.5,453.6,0.0,1287.4,483.3,0.978,1378.9,450.6,0.988,1166.2,429.9,0.956,1440.6,454.0,0.963,1072.2,382.5,0.932,1557.3,410.8,0.901,1285.4,415.6,0.991,1328.2,397.2,0.992,1255.5,378.9,0.982,1290.8,395.0,0.983,1231.6,286.8,0.964,1258.9,336.4,0.968
3081,123.24,1349.9,484.7,0.0,1350.5,492.2,0.0,1354.9,482.0,0.0,1349.0,502.8,0.0,1363.4,473.6,0.0,1308.3,502.8,0.992,1374.5,460.6,0.991,1158.8,430.4,0.982,1398.3,431.8,0.966,1038.3,381.6,0.961,1502.0,414.6,0.914,1289.7,437.7,0.998,1320.3,414.7,0.997,1308.4,369.6,0.994,1325.9,382.0,0.993,1298.1,251.3,0.985,1314.6,305.6,0.984
3084,123.36,1369.5,484.4,0.0,1375.5,494.4,0.0,1377.6,478.5,0.0,1379.5,500.2,0.0,1386.3,463.2,0.0,1347.6,481.6,0.991,1370.7,438.2,0.989,1232.8,411.7,0.973,1292.9,392.7,0.965,1132.5,356.2,0.959,1206.2,379.1,0.942,1267.0,426.5,0.998,1278.8,404.1,0.998,1228.3,365.4,0.997,1238.0,396.4,0.996,1169.6,321.5,0.995,1172.1,393.4,0.995
3087,123.48,1321.1,479.9,0.0,1321.0,484.3,0.0,1325.1,481.6,0.0,1327.7,494.1,0.0,1342.6,477.3,0.0,1302.3,488.7,0.996,1371.5,453.4,0.997,1161.8,412.9,0.986,1385.6,409.4,0.98,1076.9,371.9,0.965,1462.9,389.3,0.941,1305.4,412.6,0.999,1338.0,391.7,0.999,1306.7,352.5,0.997,1330.1,342.9,0.996,1307.5,250.1,0.991,1322.8,262.7,0.991
3090,123.6,1323.0,479.1,0.0,1319.9,485.3,0.0,1327.1,479.3,0.0,1319.7,493.0,0.0,1340.5,475.4,0.0,1299.5,475.4,0.99,1362.4,462.7,0.986,1189.8,423.6,0.981,1336.2,420.0,0.96,1104.3,381.0,0.964,1298.6,358.5,0.921,1333.9,392.0,0.997,1366.2,386.0,0.996,1280.4,376.9,0.994,1315.0,376.8,0.991,1272.9,280.7,0.981,1300.2,276.0,0.979
3093,123.72,1375.5,489.4,0.0,1376.0,498.6,0.0,1380.9,484.5,0.0,1364.0,507.0,0.0,1379.1,471.3,0.0,1319.4,491.2,0.997,1383.4,462.5,0.997,1216.5,436.4,0.985,1394.5,418.7,0.982,1153.6,398.0,0.966,1383.1,366.2,0.952,1287.5,414.3,0.999,1318.1,397.1,0.999,1279.7,372.4,0.999,1309.1,374.2,0.999,1236.1,296.0,0.997,1249.9,297.4,0.997
3096,123.84,1346.4,434.8,0.0,1346.8,442.8,0.0,1353.4,433.4,0.0,1340.3,445.7,0.0,1358.0,427.8,0.0,1316.9,434.9,0.965,1334.7,403.3,0.974,1195.3,427.8,0.96,1204.9,390.7,0.964,1117.4,407.6,0.952,1121.2,370.5,0.949,1325.9,373.4,0.997,1335.9,358.9,0.0,1305.6,395.8,0.992,1319.9,398.0,0.992,1265.9,308.1,0.976,1290.3,317.8,0.978
3099,123.96,1345.1,470.2,0.0,1334.5,473.9,0.0,1347.4,472.9,0.0,1319.5,472.1,0.0,1353.9,466.0,0.0,1270.8,462.0,0.991,1401.5,433.3,0.991,1157.6,414.8,0.977,1478.5,379.9,0.958,1120.9,395.1,0.953,1534.5,279.3,0.895,1307.8,347.6,0.992,1367.8,332.5,0.99,1292.2,345.6,0.981,1356.0,330.1,0.975,1334.4,272.0,0.944,1368.5,280.2,0.938
3102,124.08,1339.3,467.0,0.0,1335.7,471.6,0.0,1341.7,468.4,0.0,1337.5,477.0,0.0,1354.1,461.1,0.0,1319.8,450.3,0.997,1387.3,439.9,0.996,1236.7,335.8,0.987,1404.2,409.3,0.975,1248.1,267.2,0.969,1452.5,386.2,0.935,1332.8,360.5,0.0,1367.3,351.0,0.998,1320.9,322.5,0.996,1355.8,319.5,0.995,1333.7,216.5,0.986,1350.7,228.4,0.986
3105,124.2,1322.9,466.4,0.0,1319.8,471.9,0.0,1326.1,469.0,0.0,1322.3,477.2,0.0,1340.3,467.3,0.0,1308.3,467.8,0.992,1367.7,436.1,0.991,1217.9,415.2,0.985,1352.8,381.4,0.974,1152.8,372.0,0.976,1324.4,315.3,0.955,1342.9,364.7,0.998,1376.0,346.6,0.998,1281.0,324.9,0.996,1313.9,307.2,0.996,1283.7,230.9,0.99,1305.3,229.9,0.99
3108,124.32,1334.3,467.8,0.0,1328.4,473.1,0.0,1336.1,471.3,0.0,1324.3,477.5,0.0,1345.7,467.8,0.0,1297.0,462.1,0.993,1378.7,433.4,0.993,1198.3,417.3,0.983,1405.6,393.1,0.0,1120.7,392.1,0.965,1413.4,341.7,0.938,1332.2,340.4,0.997,1374.0,321.8,0.996,1281.7,319.7,0.991,1321.9,294.7,0.99,1288.8,247.9,0.975,1313.7,229.9,0.974
3111,124.44,1326.6,460.5,0.0,1320.1,464.9,0.0,1330.2,465.7,0.0,1321.4,469.6,0.0,1350.2,465.0,0.0,1297.0,454.8,0.993,1412.8,445.6,0.998,1182.8,407.2,0.971,1489.9,427.7,0.988,1126.9,389.6,0.943,1549.7,383.4,0.961,1321.7,333.6,0.995,1378.4,326.4,0.997,1249.3,289.3,0.987,1305.9,281.4,0.991,1262.4,200.3,0.977,1296.3,197.4,0.984
3114,124.56,1366.2,480.6,0.0,1362.5,483.7,0.0,1361.3,477.5,0.0,1355.6,484.5,0.0,1352.0,463.3,0.0,1358.8,462.1,0.998,1355.5,424.5,0.999,1378.6,425.3,0.986,1383.4,371.5,0.993,1428.5,426.3,0.956,1445.4,345.8,0.971,1325.5,345.5,0.999,1329.5,322.3,0.999,1332.9,314.5,0.0,1328.0,300.0,0.998,1332.6,212.4,0.992,1324.2,204.9,0.994
3117,124.68,1344.4,469.2,0.0,1342.6,474.0,0.0,1342.1,464.7,0.0,1345.1,478.6,0.0,1345.7,443.5,0.0,1337.9,452.9,0.997,1368.1,411.5,0.0,1224.7,393.0,0.982,1340.0,330.2,0.99,1111.9,355.4,0.958,1291.5,293.1,0.971,1350.4,348.9,0.0,1365.8,327.0,0.999,1335.0,301.6,0.996,1342.3,299.5,0.997,1345.6,206.6,0.985,1344.3,197.2,0.989
3120,124.8,1328.6,451.2,0.0,1322.8,457.2,0.0,1332.4,451.7,0.0,1322.8,462.3,0.0,1350.2,443.3,0.0,1299.9,455.8,0.978,1402.7,422.1,0.991,1197.5,404.0,0.945,1459.0,364.4,0.971,1103.7,373.7,0.934,1457.6,293.0,0.942,1342.7,364.2,0.986,1390.8,344.8,0.989,1287.4,327.1,0.974,1335.7,313.3,0.0,1318.3,249.1,0.935,1345.7,244.0,0.949
3123,124.92,1298.8,449.3,0.0,1296.8,457.1,0.0,1306.6,455.3,0.0,1311.1,463.8,0.0,1340.6,451.6,0.0,1297.6,449.8,0.991,1391.4,405.4,0.0,1159.5,395.5,0.956,1404.1,344.7,0.983,1044.2,341.6,0.933,1371.3,267.7,0.957,1319.1,346.5,0.992,1361.5,318.4,0.994,1200.1,343.0,0.982,1245.4,311.0,0.987,1200.5,266.3,0.97,1236.1,255.0,0.977
3126,125.04,1306.5,460.4,0.0,1306.6,465.2,0.0,1309.3,462.1,0.0,1321.5,473.0,0.0,1333.5,455.3,0.0,1318.3,456.6,0.995,1380.0,425.6,0.997,1195.5,391.1,0.981,1396.7,362.7,0.986,1093.0,359.6,0.96,1424.3,346.7,0.959,1337.5,361.8,0.0,1365.8,343.7,0.998,1297.7,321.6,0.995,1317.4,314.5,0.996,1300.4,197.3,0.986,1312.1,193.3,0.989
3129,125.16,1328.8,465.4,0.0,1329.6,468.5,0.0,1334.1,465.6,0.0,1342.8,472.0,0.0,1358.2,455.8,0.0,1319.9,465.1,0.993,1406.9,435.5,0.997,1178.3,397.1,0.965,1466.7,421.1,0.983,1051.5,348.5,0.936,1555.0,416.1,0.943,1304.7,383.4,0.995,1344.4,361.4,0.997,1213.8,329.8,0.992,1241.7,317.0,0.994,1179.8,247.1,0.992,1196.7,250.1,0.994
3132,125.28,1329.8,462.3,0.0,1327.4,466.4,0.0,1332.5,461.2,0.0,1333.9,469.4,0.0,1349.2,446.5,0.0,1313.2,445.7,0.994,1398.9,423.3,0.998,1177.2,380.4,0.969,1445.1,397.2,0.988,1079.8,344.4,0.93,1520.9,400.5,0.952,1313.3,335.7,0.996,1353.7,319.4,0.997,1231.9,285.9,0.988,1263.8,279.6,0.993,1204.7,194.5,0.983,1223.4,182.4,0.988
3135,125.4,1354.9,417.6,0.0,1354.2,427.0,0.0,1361.2,416.3,0.0,1340.9,447.0,0.0,1363.5,425.1,0.0,1302.2,454.5,0.984,1357.7,424.2,0.99,1171.1,414.4,0.973,1275.2,405.0,0.977,1058.6,348.1,0.964,1138.9,355.8,0.963,1302.5,385.0,0.998,1333.1,367.7,0.0,1273.2,352.1,0.996,1309.7,347.5,0.996,1227.9,239.7,0.988,1257.0,237.7,0.988
3138,125.52,1381.8,493.5,0.0,1374.7,498.0,0.0,1383.6,495.9,0.0,1353.9,484.1,0.0,1376.8,481.8,0.0,1313.8,457.2,0.993,1390.6,440.2,0.993,1253.2,396.9,0.974,1446.3,387.9,0.965,1177.2,360.8,0.962,1482.8,333.8,0.93,1297.1,345.8,0.995,1335.3,332.0,0.995,1274.9,338.5,0.993,1309.7,314.8,0.992,1246.4,279.6,0.984,1270.3,251.6,0.985
3141,125.64,1341.7,458.9,0.0,1334.3,464.6,0.0,1346.7,461.8,0.0,1332.2,469.4,0.0,1363.5,453.8,0.0,1312.8,454.2,0.994,1415.8,422.0,0.999,1211.6,399.0,0.968,1477.9,366.4,0.99,1130.5,372.3,0.942,1495.3,336.0,0.963,1313.2,358.7,0.998,1359.2,336.0,0.999,1232.8,340.4,0.996,1280.6,322.3,0.998,1191.0,253.7,0.995,1227.9,235.9,0.997
3144,125.76,1347.0,456.8,0.0,1346.5,462.1,0.0,1350.3,454.9,0.0,1350.1,470.2,0.0,1361.9,442.2,0.0,1325.8,459.5,0.996,1388.5,412.9,0.0,1202.0,400.6,0.977,1397.8,365.2,0.994,1097.9,356.1,0.954,1391.3,346.0,0.978,1302.0,365.3,0.999,1330.5,334.8,0.999,1205.0,333.2,0.998,1227.4,316.0,0.999,1165.2,235.7,0.997,1177.4,225.4,0.998
3147,125.88,1347.1,458.1,0.0,1344.0,462.2,0.0,1354.0,459.2,0.0,1341.6,461.0,0.0,1365.1,454.8,0.0,1316.4,454.7,0.994,1375.2,419.6,0.0,1227.6,398.4,0.983,1293.0,382.6,0.982,1200.3,361.6,0.975,1143.9,315.9,0.969,1305.6,360.6,0.998,1339.1,339.3,0.998,1204.4,327.4,0.997,1248.9,308.1,0.997,1162.6,229.0,0.995,1186.0,244.1,0.996
3150,126.0,1300.4,360.5,0.0,1302.2,365.5,0.0,1297.3,360.2,0.0,1315.1,395.0,0.0,1305.2,373.0,0.0,1347.0,403.5,0.987,1297.2,392.0,0.998,1345.0,329.4,0.946,1167.9,399.2,0.995,1341.2,247.7,0.916,1040.3,358.5,0.984,1381.1,387.2,0.996,1374.6,380.8,0.998,1343.1,290.8,0.984,1337.1,285.4,0.993,1364.3,197.2,0.941,1362.7,204.8,0.967
3153,126.12,1351.3,434.4,0.0,1350.6,442.1,0.0,1356.4,433.1,0.0,1351.4,456.1,0.0,1370.2,426.5,0.0,1325.2,451.4,0.992,1391.8,405.0,0.0,1201.6,412.7,0.97,1377.6,358.9,0.978,1112.4,367.0,0.947,1308.6,313.1,0.952,1320.3,389.0,0.998,1349.5,361.4,0.0,1235.5,355.1,0.995,1268.3,344.7,0.996,1194.6,307.1,0.992,1216.7,307.8,0.993
3156,126.24,1345.2,451.1,0.0,1340.8,458.0,0.0,1352.9,452.9,0.0,1339.5,461.1,0.0,1370.3,447.0,0.0,1319.1,448.3,0.985,1396.1,407.3,0.0,1209.6,405.1,0.975,1347.1,348.9,0.0,1120.4,364.8,0.965,1210.6,326.4,0.939,1370.4,352.5,0.996,1407.0,324.4,0.995,1284.7,353.0,0.992,1331.9,311.1,0.99,1251.9,279.7,0.98,1285.2,228.2,0.979
3159,126.36,1331.2,442.5,0.0,1324.4,449.2,0.0,1337.7,443.0,0.0,1321.9,456.0,0.0,1357.8,437.4,0.0,1302.3,448.7,0.989,1415.4,417.3,0.989,1211.1,406.3,0.973,1465.6,368.2,0.954,1139.6,360.0,0.956,1429.4,302.7,0.911,1356.0,365.0,0.995,1408.8,341.9,0.993,1258.0,350.8,0.989,1320.6,311.0,0.986,1241.1,287.3,0.976,1283.7,236.6,0.974
3162,126.48,1328.8,439.7,0.0,1319.3,446.3,0.0,1332.9,445.9,0.0,1317.2,457.2,0.0,1354.0,443.5,0.0,1303.9,440.1,0.995,1402.4,416.6,0.997,1195.1,394.0,0.981,1423.8,351.4,0.986,1135.1,374.6,0.956,1380.0,298.2,0.961,1363.3,352.3,0.0,1408.5,341.4,0.999,1334.8,302.4,0.995,1389.5,307.1,0.996,1347.9,203.5,0.982,1394.9,214.0,0.986
3165,126.6,1346.5,459.5,0.0,1343.8,462.9,0.0,1344.2,456.1,0.0,1345.0,465.2,0.0,1348.0,444.0,0.0,1339.4,441.8,0.995,1384.4,424.2,0.999,1288.1,396.3,0.974,1445.0,406.8,0.992,1239.7,382.2,0.95,1507.5,400.2,0.976,1329.6,311.0,0.998,1354.0,298.8,0.999,1348.1,283.4,0.993,1359.5,280.2,0.996,1360.9,180.6,0.978,1355.0,174.7,0.986
3168,126.72,1338.7,443.4,0.0,1332.1,448.0,0.0,1339.4,446.3,0.0,1331.5,455.6,0.0,1352.6,440.3,0.0,1311.1,432.6,0.994,1400.0,420.2,0.998,1210.2,383.0,0.971,1467.3,414.3,0.99,1114.9,340.3,0.929,1535.6,395.8,0.955,1329.7,317.8,0.996,1373.3,308.2,0.997,1315.5,308.3,0.983,1355.7,307.2,0.989,1337.3,213.7,0.944,1369.4,223.1,0.961
3171,126.84,1328.8,440.8,0.0,1322.3,445.9,0.0,1332.3,446.4,0.0,1326.3,453.8,0.0,1355.0,443.0,0.0,1312.0,434.0,0.993,1407.9,418.9,0.999,1197.9,388.2,0.962,1462.1,413.5,0.991,1110.9,350.0,0.919,1532.3,404.8,0.959,1327.7,331.0,0.995,1372.7,318.5,0.997,1297.4,328.9,0.982,1342.1,319.5,0.99,1308.0,226.8,0.951,1349.4,224.6,0.969
3174,126.96,1326.1,440.8,0.0,1322.8,445.9,0.0,1331.2,444.9,0.0,1330.9,451.4,0.0,1356.1,440.7,0.0,1316.8,433.6,0.992,1410.8,417.3,0.998,1194.9,386.4,0.955,1464.6,401.5,0.989,1083.2,352.6,0.918,1513.3,389.5,0.955,1316.6,342.5,0.993,1359.2,327.8,0.996,1234.8,339.0,0.983,1275.1,318.1,0.99,1215.3,256.0,0.973,1248.7,231.3,0.982
3177,127.08,1329.8,439.7,0.0,1326.5,443.3,0.0,1333.3,441.6,0.0,1334.4,450.0,0.0,1355.2,432.9,0.0,1315.7,441.9,0.994,1404.6,415.0,0.999,1182.9,384.2,0.963,1447.2,391.7,0.99,1087.7,361.6,0.93,1494.3,358.1,0.96,1324.5,369.6,0.995,1364.8,351.1,0.997,1251.9,327.4,0.99,1287.9,315.6,0.994,1260.6,231.5,0.983,1285.5,230.2,0.989
3180,127.2,1331.1,450.5,0.0,1330.6,453.5,0.0,1333.8,450.1,0.0,1336.0,454.7,0.0,1347.6,444.5,0.0,1317.4,441.0,0.993,1389.8,423.2,0.998,1192.9,385.5,0.974,1438.5,403.4,0.992,1083.1,353.8,0.956,1490.9,399.2,0.976,1304.2,341.0,0.998,1336.9,328.8,0.999,1260.4,313.7,0.996,1281.8,307.9,0.998,1239.2,217.3,0.994,1246.7,217.4,0.996
3183,127.32,1336.3,444.5,0.0,1336.5,449.4,0.0,1341.3,444.9,0.0,1343.6,460.3,0.0,1360.5,439.3,0.0,1319.2,452.2,0.996,1395.6,429.4,0.998,1178.8,396.4,0.982,1422.8,408.1,0.988,1076.5,364.8,0.961,1489.3,396.9,0.958,1316.5,389.9,0.999,1350.9,374.2,0.999,1253.4,344.8,0.998,1280.5,342.8,0.998,1242.6,252.4,0.996,1263.2,255.5,0.997
3186,127.44,1324.2,439.9,0.0,1323.8,444.7,0.0,1327.3,439.1,0.0,1329.6,454.6,0.0,1343.1,433.2,0.0,1311.8,442.1,0.995,1386.7,429.4,0.998,1197.8,382.7,0.979,1429.1,395.2,0.992,1106.3,359.8,0.959,1465.3,369.6,0.971,1315.4,379.0,0.999,1349.4,368.9,0.999,1258.8,335.9,0.998,1286.6,330.1,0.999,1243.6,261.1,0.997,1256.4,242.8,0.998
3189,127.56,1310.5,438.1,0.0,1309.6,443.1,0.0,1314.1,442.1,0.0,1322.3,452.7,0.0,1338.6,436.3,0.0,1320.9,435.3,0.995,1385.9,404.4,0.0,1235.8,391.4,0.962,1414.2,363.7,0.99,1155.1,361.0,0.924,1394.1,341.9,0.964,1324.6,350.2,0.997,1354.3,327.8,0.998,1254.1,337.0,0.992,1283.2,310.9,0.995,1209.0,273.3,0.985,1229.5,243.4,0.991
3192,127.68,1325.1,433.4,0.0,1321.7,438.1,0.0,1327.8,433.9,0.0,1325.3,446.1,0.0,1342.8,425.8,0.0,1318.5,432.1,0.994,1379.0,397.0,0.0,1235.5,391.5,0.973,1374.5,350.7,0.983,1163.7,366.9,0.947,1284.9,334.6,0.957,1328.9,349.0,0.998,1356.0,326.1,0.998,1281.2,345.9,0.995,1312.8,323.3,0.996,1251.6,261.0,0.988,1269.8,236.8,0.991
3195,127.8,1228.6,290.0,0.0,1225.5,291.1,0.0,1238.4,289.6,0.0,1239.3,307.7,0.0,1268.3,298.7,0.0,1254.3,347.6,0.971,1324.4,316.9,0.959,1236.0,362.7,0.951,1394.1,273.8,0.914,1160.2,357.1,0.936,1410.5,210.3,0.909,1355.0,403.4,0.0,1393.7,391.4,0.0,1370.5,273.8,0.977,1407.7,255.2,0.976,1418.2,255.6,0.965,1445.2,228.7,0.968
3198,127.92,1406.2,333.0,0.0,1406.5,336.0,0.0,1411.3,332.4,0.0,1403.6,354.1,0.0,1421.0,346.8,0.0,1393.2,366.1,0.971,1428.2,355.2,0.962,1364.1,323.8,0.958,1439.2,302.3,0.94,1353.2,270.7,0.933,1432.2,250.7,0.895,1353.9,404.0,0.996,1377.0,393.2,0.995,1262.8,367.1,0.99,1316.1,357.8,0.987,1166.3,352.1,0.978,1251.8,338.9,0.976
3201,128.04,1467.0,358.7,0.0,1470.5,366.2,0.0,1473.8,357.8,0.0,1464.2,385.4,0.0,1465.2,369.9,0.0,1424.3,384.0,0.95,1438.7,366.3,0.908,1401.8,319.5,0.957,1409.1,297.3,0.91,1431.1,241.9,0.951,1429.4,233.4,0.892,1347.0,398.6,0.994,1348.7,385.4,0.99,1278.6,358.7,0.987,1266.0,343.1,0.978,1204.5,319.9,0.978,1169.4,294.5,0.969
3204,128.16,1392.2,407.4,0.0,1391.8,410.2,0.0,1403.1,407.4,0.0,1397.1,412.2,0.0,1417.3,404.0,0.0,1383.6,400.8,0.0,1421.3,385.4,0.946,1387.1,349.3,0.926,1442.1,297.8,0.948,1434.3,270.9,0.919,1471.2,201.8,0.912,1355.3,373.1,0.993,1372.7,363.6,0.993,1280.7,385.6,0.98,1295.5,378.6,0.979,1229.3,318.2,0.951,1236.8,303.7,0.953
3207,128.28,1376.8,343.0,0.0,1379.4,344.6,0.0,1385.4,338.2,0.0,1392.2,356.7,0.0,1406.2,339.5,0.0,1392.9,372.7,0.97,1426.4,335.6,0.949,1358.7,354.2,0.963,1443.3,278.7,0.94,1336.4,280.9,0.948,1448.3,235.7,0.905,1356.5,394.7,0.996,1373.5,370.3,0.995,1230.5,404.4,0.989,1263.0,376.0,0.985,1102.7,380.6,0.966,1154.9,350.6,0.962
3210,128.4,1384.8,373.3,0.0,1380.9,377.0,0.0,1388.5,377.1,0.0,1381.8,382.6,0.0,1398.3,386.5,0.0,1383.2,378.7,0.99,1409.0,374.4,0.987,1335.8,314.5,0.977,1392.9,287.2,0.971,1275.0,274.7,0.966,1421.5,213.9,0.956,1352.0,364.4,0.999,1373.9,355.9,0.999,1268.2,307.0,0.998,1344.0,301.6,0.0,1171.0,266.1,0.996,1296.5,262.3,0.996
3213,128.52,1406.3,363.4,0.0,1405.8,369.2,0.0,1412.9,362.6,0.0,1410.7,387.6,0.0,1421.7,373.0,0.0,1410.3,394.9,0.977,1429.9,361.5,0.914,1407.9,350.1,0.979,1405.7,299.4,0.911,1428.0,261.2,0.959,1421.9,252.2,0.868,1371.5,388.0,0.998,1369.7,366.5,0.997,1307.3,395.4,0.995,1244.2,368.3,0.99,1235.9,337.5,0.987,1095.3,312.1,0.98
3216,128.64,1409.9,372.7,0.0,1405.3,376.0,0.0,1414.1,376.2,0.0,1399.9,383.0,0.0,1417.8,387.3,0.0,1399.7,377.0,0.983,1415.5,386.4,0.98,1402.8,304.0,0.972,1408.0,324.9,0.971,1431.3,246.0,0.965,1470.0,260.3,0.956,1362.3,356.9,0.999,1378.5,357.0,0.999,1287.1,290.3,0.998,1354.9,296.0,0.998,1214.7,243.7,0.997,1317.6,250.6,0.997
3219,128.76,1407.9,341.6,0.0,1403.7,340.6,0.0,1408.4,343.2,0.0,1404.7,344.2,0.0,1413.8,354.3,0.0,1413.1,349.6,0.988,1425.6,347.6,0.982,1344.1,303.8,0.978,1399.5,272.3,0.977,1279.5,273.5,0.961,1436.6,190.9,0.957,1341.1,377.7,0.999,1349.6,366.5,0.999,1230.3,298.6,0.999,1276.5,299.8,0.999,1069.6,276.9,0.997,1153.6,289.8,0.997
3222,128.88,1376.9,376.6,0.0,1372.2,378.4,0.0,1381.7,379.4,0.0,1368.1,380.9,0.0,1386.7,383.3,0.0,1360.6,385.6,0.947,1387.5,372.3,0.0,1263.3,366.0,0.933,1417.0,307.6,0.966,1145.9,360.5,0.924,1477.0,255.4,0.951,1367.0,364.1,0.996,1382.9,358.8,0.997,1338.5,274.4,0.995,1401.7,272.4,0.996,1305.6,240.3,0.993,1432.5,243.9,0.995
3225,129.0,1352.9,343.1,0.0,1350.5,344.0,0.0,1357.7,342.2,0.0,1350.4,358.2,0.0,1366.0,353.2,0.0,1356.1,393.8,0.951,1377.0,364.7,0.951,1291.3,394.6,0.947,1401.1,289.0,0.938,1202.1,340.1,0.94,1430.7,211.9,0.921,1372.4,401.7,0.995,1387.9,389.8,0.0,1304.2,330.4,0.991,1379.9,315.9,0.99,1260.7,272.1,0.985,1406.5,261.9,0.986
3228,129.12,1365.1,319.7,0.0,1363.2,319.1,0.0,1370.6,317.5,0.0,1363.7,335.8,0.0,1382.0,329.9,0.0,1360.4,381.0,0.93,1389.7,351.9,0.92,1262.3,389.6,0.94,1404.9,284.9,0.903,1136.0,333.9,0.933,1426.1,193.0,0.894,1370.5,416.4,0.991,1388.8,404.3,0.989,1306.8,332.5,0.984,1383.3,318.4,0.981,1250.1,290.3,0.973,1393.9,276.8,0.973
3231,129.24,1243.8,306.7,0.0,1243.8,306.2,0.0,1254.6,304.1,0.0,1262.4,318.1,0.0,1285.3,306.5,0.0,1276.3,351.7,0.952,1328.8,314.4,0.936,1241.1,371.1,0.947,1387.7,258.1,0.903,1148.8,364.4,0.932,1414.9,185.5,0.893,1379.6,404.9,0.0,1404.4,390.0,0.0,1359.1,294.8,0.977,1380.9,269.6,0.974,1418.0,268.9,0.968,1445.1,231.4,0.97
3234,129.36,1326.3,327.8,0.0,1321.7,329.9,0.0,1328.7,329.1,0.0,1320.4,342.9,0.0,1333.7,342.4,0.0,1325.0,363.5,0.927,1355.9,353.8,0.933,1302.4,341.5,0.922,1393.7,291.9,0.913,1231.0,294.1,0.931,1399.3,189.4,0.925,1379.9,393.9,0.977,1395.5,391.5,0.0,1392.9,263.1,0.967,1413.8,257.1,0.967,1409.3,234.8,0.953,1442.8,220.6,0.958
3237,129.48,1286.8,281.1,0.0,1275.8,283.1,0.0,1289.3,279.3,0.0,1252.7,303.5,0.0,1289.4,293.1,0.0,1266.0,348.9,0.965,1315.6,315.2,0.977,1231.2,367.4,0.947,1393.0,264.7,0.964,1155.5,338.5,0.921,1430.5,190.2,0.943,1359.2,420.5,0.992,1384.4,412.3,0.0,1371.2,289.9,0.983,1386.7,274.9,0.987,1404.2,277.3,0.975,1443.5,259.6,0.98
3240,129.6,1300.9,264.2,0.0,1286.5,264.7,0.0,1300.5,261.9,0.0,1254.7,283.9,0.0,1292.2,278.0,0.0,1269.0,336.7,0.972,1320.2,317.1,0.981,1245.3,375.4,0.946,1396.5,292.9,0.963,1174.4,345.2,0.917,1425.7,186.8,0.94,1372.8,406.0,0.0,1399.6,404.2,0.0,1373.8,293.5,0.982,1392.3,288.7,0.985,1400.2,264.9,0.969,1435.0,251.1,0.973
3243,129.72,1292.7,265.0,0.0,1280.1,263.9,0.0,1296.4,260.2,0.0,1251.1,284.5,0.0,1305.2,276.8,0.0,1268.7,336.4,0.975,1335.7,316.6,0.981,1242.7,368.9,0.946,1414.5,291.5,0.953,1163.0,364.3,0.888,1437.9,209.3,0.904,1370.0,420.3,0.988,1407.7,417.1,0.99,1367.6,295.0,0.961,1397.2,288.7,0.967,1397.4,304.5,0.923,1455.7,286.0,0.934
3246,129.84,1440.5,357.8,0.0,1440.8,360.4,0.0,1448.1,359.9,0.0,1440.4,374.4,0.0,1457.6,372.5,0.0,1428.3,384.1,0.0,1450.1,373.0,0.961,1321.7,363.1,0.942,1440.2,292.9,0.947,1203.4,346.0,0.926,1445.7,219.6,0.918,1396.7,391.1,0.996,1411.3,382.8,0.996,1287.0,354.0,0.991,1370.8,352.3,0.0,1196.8,324.5,0.98,1356.6,318.6,0.981
3249,129.96,1421.8,343.4,0.0,1421.4,344.6,0.0,1428.9,344.7,0.0,1423.4,358.7,0.0,1442.4,357.2,0.0,1410.9,377.7,0.925,1447.5,358.4,0.947,1290.3,376.6,0.924,1445.0,283.4,0.939,1165.9,360.9,0.912,1451.2,208.5,0.911,1383.2,388.9,0.993,1405.8,376.9,0.993,1277.4,346.4,0.984,1362.5,341.3,0.0,1177.9,317.7,0.968,1329.3,313.6,0.971
3252,130.08,1416.3,371.0,0.0,1419.3,373.0,0.0,1425.9,369.6,0.0,1430.6,382.3,0.0,1444.5,372.9,0.0,1422.9,379.4,0.933,1451.9,366.3,0.9,1368.8,324.5,0.933,1425.3,297.6,0.889,1332.3,283.5,0.894,1418.5,250.2,0.828,1383.8,387.8,0.994,1396.6,374.0,0.993,1277.7,407.8,0.982,1297.9,396.2,0.977,1184.8,363.5,0.956,1203.8,345.7,0.951
3255,130.2,1432.4,421.4,0.0,1430.5,425.1,0.0,1438.4,422.9,0.0,1434.3,427.7,0.0,1447.3,422.8,0.0,1438.5,404.2,0.945,1457.6,388.1,0.942,1423.1,346.7,0.95,1449.1,305.7,0.96,1418.8,304.4,0.927,1461.5,257.1,0.923,1385.7,369.5,0.998,1387.4,354.6,0.998,1299.8,399.7,0.992,1282.2,389.0,0.992,1194.8,340.4,0.979,1145.5,331.7,0.98
3258,130.32,1405.7,427.2,0.0,1402.4,429.2,0.0,1408.0,429.7,0.0,1408.6,428.9,0.0,1413.0,430.9,0.0,1428.9,408.1,0.959,1430.7,397.3,0.927,1417.9,317.9,0.961,1420.4,289.5,0.944,1411.5,234.0,0.936,1429.5,224.6,0.902,1386.9,376.2,0.999,1385.4,362.7,0.998,1270.5,395.6,0.996,1291.1,386.7,0.995,1137.8,309.5,0.989,1175.4,312.0,0.988
3261,130.44,1370.5,450.3,0.0,1364.5,456.6,0.0,1376.1,454.8,0.0,1366.5,456.9,0.0,1379.9,452.4,0.0,1384.3,438.9,0.965,1396.5,407.6,0.944,1373.6,390.6,0.956,1384.2,297.4,0.927,1329.4,333.1,0.936,1373.4,253.6,0.899,1406.7,356.9,0.997,1407.7,340.8,0.996,1351.8,333.1,0.0,1324.5,309.1,0.991,1332.9,213.4,0.991,1283.2,195.7,0.99
3264,130.56,1372.0,320.9,0.0,1373.1,321.5,0.0,1379.8,318.3,0.0,1376.3,338.4,0.0,1408.4,330.6,0.0,1386.9,360.3,0.995,1420.8,347.8,0.0,1318.0,323.8,0.985,1423.4,288.8,0.97,1220.7,275.0,0.952,1426.6,226.6,0.916,1362.1,399.6,0.999,1400.2,387.9,0.0,1234.5,388.5,0.998,1403.9,377.5,0.0,1075.5,370.3,0.992,1384.8,353.9,0.992
3267,130.68,1363.7,320.5,0.0,1361.4,317.2,0.0,1369.7,317.3,0.0,1368.1,323.7,0.0,1397.0,325.7,0.0,1380.8,351.8,0.995,1424.6,351.9,0.991,1333.2,299.0,0.984,1416.4,296.4,0.97,1283.9,256.0,0.963,1428.1,225.3,0.937,1334.6,403.9,0.999,1372.2,393.6,0.999,1218.2,343.5,0.999,1335.3,340.9,0.0,1079.2,338.9,0.995,1265.9,339.2,0.995
3270,130.8,1379.8,341.0,0.0,1381.3,343.8,0.0,1389.8,339.1,0.0,1384.7,361.0,0.0,1411.8,349.2,0.0,1380.5,380.0,0.984,1413.6,360.8,0.979,1358.7,357.4,0.967,1413.2,315.5,0.955,1345.9,298.2,0.944,1435.2,265.0,0.915,1365.3,397.7,0.998,1402.6,386.5,0.998,1253.1,373.0,0.994,1408.1,357.8,0.993,1160.2,329.8,0.984,1424.2,308.7,0.984
3273,130.92,1347.0,328.3,0.0,1348.8,326.0,0.0,1355.3,323.9,0.0,1354.4,338.8,0.0,1380.4,331.4,0.0,1343.2,376.4,0.981,1402.8,360.0,0.979,1241.7,377.0,0.958,1437.2,306.8,0.936,1127.8,339.1,0.928,1431.4,229.2,0.887,1339.9,419.1,0.995,1384.2,408.4,0.994,1222.3,379.1,0.986,1357.0,370.6,0.982,1116.9,346.8,0.962,1355.4,330.0,0.96
3276,131.04,1381.7,350.7,0.0,1383.3,352.4,0.0,1392.1,348.8,0.0,1395.2,367.0,0.0,1419.1,357.2,0.0,1396.9,382.7,0.978,1430.4,367.0,0.933,1369.1,345.8,0.972,1421.0,329.6,0.893,1356.1,273.3,0.953,1423.5,288.5,0.856,1363.7,392.6,0.998,1391.3,378.8,0.997,1260.5,393.8,0.997,1346.3,378.5,0.994,1151.3,370.6,0.991,1285.3,353.0,0.988
3279,131.16,1325.0,339.0,0.0,1323.8,334.0,0.0,1335.8,333.0,0.0,1330.9,342.1,0.0,1363.0,334.1,0.0,1316.9,384.6,0.962,1394.0,357.5,0.925,1216.9,393.8,0.952,1421.2,308.8,0.813,1099.9,350.9,0.928,1426.4,261.2,0.809,1390.4,427.4,0.966,1431.3,419.6,0.943,1349.3,335.4,0.928,1395.5,323.1,0.871,1403.5,342.7,0.838,1457.1,327.9,0.794
3282,131.28,1380.6,367.2,0.0,1375.9,371.1,0.0,1385.2,371.7,0.0,1373.7,382.3,0.0,1391.4,385.5,0.0,1356.5,394.0,0.957,1407.5,387.8,0.945,1271.0,365.7,0.944,1423.6,318.0,0.888,1147.9,348.8,0.939,1434.8,223.8,0.902,1386.0,395.8,0.984,1413.5,392.8,0.98,1380.9,259.7,0.982,1414.4,258.6,0.978,1392.1,227.4,0.978,1432.4,219.8,0.977
3285,131.4,1311.7,404.4,0.0,1312.3,403.4,0.0,1312.2,390.4,0.0,1319.2,398.2,0.0,1317.5,364.4,0.0,1311.6,419.2,0.982,1342.8,360.2,0.0,1227.5,415.8,0.966,1321.0,301.7,0.929,1168.6,368.8,0.955,1270.1,275.7,0.909,1324.8,389.8,0.994,1337.8,349.8,0.992,1269.7,387.1,0.99,1282.8,326.6,0.986,1269.4,349.6,0.979,1261.5,247.2,0.977
3288,131.52,1241.4,227.3,0.0,1243.7,225.3,0.0,1233.5,226.2,0.0,1257.1,251.2,0.0,1238.1,258.1,0.0,1301.0,288.3,0.978,1257.5,340.9,0.994,1340.7,283.4,0.948,1228.3,396.7,0.989,1337.4,237.7,0.94,1149.8,361.0,0.979,1381.6,369.6,0.995,1369.6,405.4,0.997,1370.7,334.4,0.979,1358.8,367.0,0.987,1399.3,309.4,0.907,1385.8,319.1,0.93
3291,131.64,1349.7,453.9,0.0,1342.4,458.1,0.0,1355.7,454.6,0.0,1336.0,455.8,0.0,1369.0,448.4,0.0,1317.4,457.3,0.981,1412.4,410.8,0.982,1250.7,435.1,0.956,1446.9,338.2,0.935,1199.1,405.1,0.948,1421.4,276.2,0.905,1335.4,368.6,0.989,1380.2,339.1,0.986,1247.0,356.7,0.984,1299.3,316.3,0.979,1209.2,291.3,0.972,1245.8,254.1,0.971
3294,131.76,1361.4,457.6,0.0,1357.8,464.0,0.0,1366.1,457.7,0.0,1353.8,467.9,0.0,1376.9,451.9,0.0,1339.2,470.6,0.978,1409.8,412.6,0.984,1279.4,430.5,0.948,1436.4,337.7,0.95,1195.0,394.6,0.944,1406.4,278.8,0.924,1338.9,388.4,0.99,1372.9,350.6,0.99,1275.5,370.3,0.986,1308.1,321.3,0.986,1222.3,311.5,0.975,1241.7,272.2,0.976
3297,131.88,1392.1,475.9,0.0,1390.6,478.2,0.0,1390.4,472.1,0.0,1379.7,472.9,0.0,1378.7,464.9,0.0,1366.0,463.3,0.98,1380.2,449.6,0.992,1352.4,389.3,0.963,1404.1,412.9,0.984,1303.6,316.9,0.953,1379.5,346.7,0.971,1335.9,363.8,0.998,1350.1,355.8,0.0,1379.7,317.5,0.995,1384.1,305.9,0.997,1310.7,184.9,0.987,1305.9,197.1,0.991
3300,132.0,1339.0,457.1,0.0,1337.3,457.9,0.0,1341.9,455.9,0.0,1345.2,457.2,0.0,1357.3,447.6,0.0,1337.1,461.7,0.985,1389.8,421.8,0.0,1254.1,408.3,0.965,1392.6,370.4,0.992,1198.2,372.5,0.958,1348.4,286.8,0.983,1365.1,376.2,0.999,1391.3,354.0,0.999,1362.4,338.6,0.997,1384.9,307.9,0.999,1342.8,211.0,0.992,1350.0,210.9,0.996
3303,132.12,1351.4,460.1,0.0,1346.2,462.2,0.0,1353.9,461.1,0.0,1341.3,461.7,0.0,1360.3,456.5,0.0,1319.3,453.1,0.985,1380.4,430.6,0.989,1194.9,407.9,0.963,1337.7,360.8,0.965,1159.2,368.3,0.924,1290.2,297.1,0.926,1344.9,363.3,0.0,1376.6,354.7,0.997,1354.7,307.2,0.989,1391.6,302.7,0.99,1358.1,200.8,0.972,1383.7,200.9,0.976
3306,132.24,1348.9,460.7,0.0,1342.4,463.5,0.0,1350.1,463.5,0.0,1341.5,466.6,0.0,1362.0,461.9,0.0,1330.6,463.0,0.967,1397.8,429.9,0.992,1250.4,430.8,0.92,1418.8,364.4,0.979,1187.6,418.3,0.883,1374.5,292.3,0.952,1356.6,358.5,0.0,1389.9,342.3,0.996,1357.0,315.0,0.984,1389.8,294.5,0.991,1355.7,203.1,0.962,1376.4,197.7,0.976
3309,132.36,1330.1,442.1,0.0,1321.5,447.2,0.0,1339.0,444.1,0.0,1319.2,442.7,0.0,1363.0,434.4,0.0,1304.9,431.3,0.952,1414.1,403.0,0.971,1219.9,415.8,0.931,1439.7,356.2,0.936,1163.7,392.7,0.934,1396.0,342.9,0.917,1359.5,351.9,0.0,1408.8,332.2,0.982,1278.3,339.9,0.968,1341.5,302.5,0.97,1262.7,290.3,0.93,1315.4,231.3,0.939
3312,132.48,1346.2,457.2,0.0,1340.4,460.4,0.0,1348.2,459.0,0.0,1339.9,463.4,0.0,1361.6,454.3,0.0,1320.3,451.8,0.985,1411.1,436.6,0.997,1219.6,402.7,0.951,1472.3,427.8,0.988,1147.3,374.6,0.92,1547.8,410.0,0.957,1333.9,344.1,0.993,1378.3,332.2,0.996,1303.6,321.0,0.979,1343.0,306.1,0.988,1295.2,211.3,0.952,1321.7,204.0,0.969
3315,132.6,1342.0,451.2,0.0,1334.9,454.5,0.0,1342.7,456.1,0.0,1333.8,458.9,0.0,1355.2,449.7,0.0,1316.3,443.5,0.995,1400.1,424.3,0.999,1207.7,391.9,0.974,1443.8,402.3,0.996,1152.2,379.9,0.943,1517.8,386.3,0.98,1354.1,340.0,0.0,1396.4,327.5,0.999,1346.2,269.5,0.992,1384.1,261.3,0.996,1364.6,174.3,0.974,1394.1,174.9,0.986
3318,132.72,1361.7,451.4,0.0,1355.2,455.9,0.0,1363.9,452.2,0.0,1344.0,458.1,0.0,1367.5,444.2,0.0,1313.9,448.0,0.991,1406.1,427.7,0.998,1216.9,387.1,0.969,1466.6,402.0,0.99,1160.6,370.4,0.947,1526.4,379.1,0.966,1328.9,365.2,0.998,1372.2,352.3,0.999,1311.7,316.2,0.995,1351.5,313.7,0.0,1290.3,214.3,0.99,1314.8,227.3,0.993
3321,132.84,1339.3,426.6,0.0,1335.6,431.4,0.0,1344.6,425.8,0.0,1328.8,437.9,0.0,1354.2,427.5,0.0,1303.1,441.8,0.978,1369.7,425.1,0.971,1216.9,407.4,0.976,1352.2,407.2,0.94,1120.5,349.5,0.968,1259.5,358.3,0.921,1326.3,382.1,0.997,1360.2,374.5,0.995,1308.5,360.0,0.993,1349.7,368.6,0.989,1283.0,245.1,0.976,1316.1,270.9,0.971
3324,132.96,1331.7,420.8,0.0,1326.7,424.6,0.0,1334.6,419.7,0.0,1319.7,433.9,0.0,1344.9,429.8,0.0,1295.5,458.9,0.95,1395.0,434.0,0.974,1185.2,414.0,0.936,1474.3,433.1,0.949,1085.7,374.4,0.939,1488.4,394.9,0.932,1283.6,424.3,0.987,1326.1,411.3,0.988,1238.8,372.2,0.984,1277.6,382.8,0.984,1193.0,284.3,0.983,1212.3,339.9,0.984
3327,133.08,1312.4,434.6,0.0,1308.1,441.1,0.0,1315.6,436.1,0.0,1312.3,458.3,0.0,1336.0,435.2,0.0,1296.8,453.8,0.99,1386.2,425.1,0.994,1184.3,386.7,0.973,1431.2,376.2,0.973,1106.9,361.7,0.945,1440.0,339.0,0.931,1329.5,390.6,0.997,1370.1,371.9,0.997,1283.0,332.7,0.992,1322.5,319.9,0.992,1284.4,233.5,0.982,1309.0,226.0,0.983
3330,133.2,1311.4,449.2,0.0,1309.9,452.4,0.0,1315.6,452.0,0.0,1320.5,458.4,0.0,1338.8,452.3,0.0,1311.2,455.5,0.991,1383.7,431.1,0.988,1195.5,400.0,0.98,1390.9,402.9,0.0,1107.4,372.2,0.961,1336.2,374.5,0.921,1337.3,379.5,0.997,1370.5,368.0,0.996,1341.1,336.4,0.992,1373.8,341.3,0.989,1316.3,231.0,0.974,1332.0,273.7,0.971
3333,133.32,1320.0,450.2,0.0,1317.6,455.5,0.0,1323.5,454.3,0.0,1327.5,468.8,0.0,1346.4,452.0,0.0,1321.0,457.0,0.993,1376.0,423.0,0.997,1207.5,402.5,0.971,1347.7,365.8,0.983,1114.1,372.5,0.936,1270.2,299.3,0.952,1341.2,371.7,0.998,1368.2,353.6,0.998,1330.0,339.0,0.994,1358.1,326.3,0.995,1326.4,212.8,0.979,1350.4,216.0,0.984
3336,133.44,1330.9,440.2,0.0,1321.8,448.3,0.0,1336.3,444.3,0.0,1313.9,451.2,0.0,1352.2,438.2,0.0,1297.6,430.4,0.977,1392.4,404.5,0.988,1197.1,408.1,0.934,1408.2,350.1,0.963,1112.2,372.9,0.909,1357.1,287.6,0.924,1341.3,367.8,0.985,1381.7,351.2,0.987,1239.6,387.1,0.96,1293.1,363.8,0.967,1209.2,377.3,0.921,1260.6,337.2,0.934
3339,133.56,1355.9,458.1,0.0,1345.6,461.3,0.0,1356.7,463.3,0.0,1333.2,455.6,0.0,1361.5,462.1,0.0,1306.6,432.0,0.932,1396.6,438.4,0.988,1246.9,395.7,0.89,1486.5,442.1,0.98,1188.5,380.1,0.888,1547.4,422.4,0.956,1319.3,324.8,0.977,1361.2,329.0,0.989,1315.3,325.6,0.95,1355.9,337.8,0.0,1326.0,251.8,0.907,1358.9,279.5,0.944
3342,133.68,1356.9,441.2,0.0,1353.6,443.2,0.0,1359.8,447.0,0.0,1352.4,448.8,0.0,1372.0,455.0,0.0,1327.5,453.6,0.986,1386.9,442.7,0.997,1195.1,436.7,0.962,1407.5,447.9,0.991,1081.3,404.1,0.942,1571.0,404.2,0.968,1313.9,378.0,0.996,1342.7,375.0,0.998,1349.3,379.9,0.99,1364.5,399.2,0.994,1347.7,241.9,0.969,1380.9,292.1,0.98
3345,133.8,1363.0,459.4,0.0,1356.0,461.0,0.0,1362.4,463.1,0.0,1353.8,458.6,0.0,1370.0,462.8,0.0,1347.5,441.7,0.978,1401.1,433.1,0.992,1304.8,385.4,0.963,1465.4,417.0,0.984,1234.4,342.6,0.953,1524.3,384.8,0.965,1344.1,337.8,0.0,1371.0,332.3,0.998,1379.5,346.5,0.994,1398.7,341.0,0.996,1373.1,231.2,0.983,1392.3,254.4,0.988
3348,133.92,1333.2,442.3,0.0,1331.7,446.6,0.0,1332.0,442.6,0.0,1340.7,460.8,0.0,1345.0,443.6,0.0,1346.4,463.8,0.971,1375.5,423.9,0.997,1333.6,423.0,0.925,1414.9,375.9,0.994,1293.0,399.0,0.907,1393.9,307.4,0.984,1352.4,367.1,0.997,1371.2,343.5,0.999,1358.9,323.8,0.991,1369.3,296.9,0.997,1354.4,208.3,0.973,1352.7,205.4,0.987
3351,134.04,1368.9,458.7,0.0,1363.8,460.6,0.0,1367.6,458.3,0.0,1357.9,462.0,0.0,1367.8,454.7,0.0,1352.4,454.6,0.967,1388.5,443.8,0.992,1370.6,415.2,0.929,1450.5,426.6,0.984,1385.0,361.6,0.906,1461.7,362.6,0.961,1347.5,363.4,0.995,1371.0,355.7,0.997,1367.6,334.5,0.984,1390.5,322.3,0.991,1341.1,224.3,0.958,1355.9,228.8,0.974
3354,134.16,1388.1,485.6,0.0,1377.1,488.5,0.0,1391.6,487.8,0.0,1355.3,463.7,0.0,1387.8,464.6,0.0,1321.8,424.8,0.983,1401.6,412.8,0.968,1269.6,391.8,0.961,1437.2,358.9,0.875,1198.9,394.4,0.942,1414.3,307.9,0.831,1336.0,321.5,0.979,1373.2,313.6,0.967,1305.0,333.6,0.953,1348.9,309.3,0.929,1282.1,274.8,0.873,1321.6,241.5,0.854
3357,134.28,0,0,0,0,0,0,0,0,0,0,0,0,0,0,0,0,0,0,0,0,0,0,0,0,0,0,0,0,0,0,0,0,0,0,0,0,0,0,0,0,0,0,0,0,0,0,0,0,0,0,0
3360,134.4,0,0,0,0,0,0,0,0,0,0,0,0,0,0,0,0,0,0,0,0,0,0,0,0,0,0,0,0,0,0,0,0,0,0,0,0,0,0,0,0,0,0,0,0,0,0,0,0,0,0,0
3363,134.52,1328.3,439.8,0.0,1322.6,445.6,0.0,1333.3,439.6,0.0,1319.4,442.1,0.0,1349.7,431.7,0.0,1304.1,440.2,0.892,1379.5,400.9,0.0,1266.1,396.6,0.869,1416.3,347.2,0.911,1218.5,356.2,0.92,1395.4,256.6,0.914,1341.9,360.6,0.938,1378.6,338.3,0.946,1299.5,349.1,0.899,1338.8,325.3,0.91,1327.7,279.0,0.756,1352.9,267.7,0.785
3366,134.64,1320.9,447.8,0.0,1314.7,453.4,0.0,1321.0,450.8,0.0,1317.7,463.7,0.0,1336.4,447.5,0.0,1315.0,460.5,0.97,1376.5,404.4,0.0,1279.3,418.2,0.901,1414.1,335.7,0.989,1211.1,389.7,0.903,1367.7,249.4,0.975,1340.9,352.0,0.0,1372.0,317.6,0.995,1285.2,352.4,0.979,1314.7,311.7,0.991,1330.7,256.7,0.947,1346.4,242.4,0.971
3369,134.76,0,0,0,0,0,0,0,0,0,0,0,0,0,0,0,0,0,0,0,0,0,0,0,0,0,0,0,0,0,0,0,0,0,0,0,0,0,0,0,0,0,0,0,0,0,0,0,0,0,0,0
3372,134.88,1326.5,456.1,0.0,1322.1,460.6,0.0,1331.7,455.9,0.0,1326.9,457.2,0.0,1351.4,445.5,0.0,1321.7,444.2,0.951,1393.7,425.1,0.976,1263.8,409.0,0.91,1419.8,385.8,0.947,1199.2,365.9,0.921,1366.2,316.8,0.933,1341.5,358.7,0.975,1378.2,348.6,0.98,1272.9,321.1,0.96,1315.5,316.6,0.969,1264.5,260.3,0.918,1294.8,264.1,0.935
3375,135.0,1350.8,465.1,0.0,1346.3,468.8,0.0,1347.2,463.0,0.0,1338.6,472.6,0.0,1342.4,451.9,0.0,1314.9,455.7,0.994,1368.7,433.9,0.999,1244.1,404.0,0.973,1428.3,412.2,0.995,1162.5,364.2,0.95,1517.3,388.6,0.981,1306.2,330.4,0.998,1337.1,315.6,0.999,1326.6,293.8,0.994,1344.4,284.3,0.997,1357.9,187.4,0.979,1364.4,182.0,0.988
3378,135.12,1364.6,467.8,0.0,1357.4,471.3,0.0,1364.9,468.4,0.0,1341.1,470.7,0.0,1362.2,458.8,0.0,1298.3,452.4,0.99,1393.1,444.1,0.999,1213.3,408.3,0.951,1479.6,434.7,0.993,1147.9,382.0,0.915,1585.9,410.9,0.966,1267.4,343.2,0.995,1314.0,336.0,0.998,1273.4,317.5,0.987,1314.7,316.9,0.994,1279.8,212.1,0.972,1308.1,215.9,0.985
3381,135.24,1351.2,462.8,0.0,1350.7,463.0,0.0,1351.8,458.7,0.0,1352.9,461.3,0.0,1357.2,449.0,0.0,1331.6,460.1,0.986,1388.8,436.7,0.998,1260.4,415.6,0.941,1461.8,438.4,0.992,1178.9,388.4,0.924,1555.7,427.2,0.974,1284.4,358.6,0.994,1313.0,341.0,0.998,1258.6,335.8,0.989,1270.2,323.0,0.995,1223.4,232.6,0.985,1218.4,232.3,0.992
3384,135.36,1246.7,330.6,0.0,1250.8,331.7,0.0,1245.2,325.3,0.0,1270.5,352.0,0.0,1265.4,329.9,0.0,1291.5,389.3,0.98,1297.1,382.1,0.987,1209.9,397.9,0.96,1236.4,416.3,0.963,1101.7,368.7,0.947,1130.5,353.6,0.942,1330.1,415.5,0.992,1338.2,417.1,0.992,1292.4,356.0,0.973,1299.0,398.4,0.972,1310.5,249.2,0.914,1309.1,312.8,0.915
3387,135.48,1337.1,461.7,0.0,1332.8,465.2,0.0,1338.4,464.7,0.0,1334.0,469.2,0.0,1350.8,462.6,0.0,1315.7,456.0,0.992,1390.3,430.5,0.998,1205.8,394.2,0.962,1445.6,399.1,0.992,1109.8,362.4,0.935,1515.8,359.6,0.972,1299.3,336.4,0.996,1335.5,319.8,0.0,1266.2,304.0,0.987,1290.8,289.2,0.993,1243.6,189.1,0.977,1259.6,188.5,0.986
3390,135.6,1248.0,266.2,0.0,1251.8,263.6,0.0,1241.3,268.6,0.0,1272.4,281.5,0.0,1252.9,299.1,0.0,1322.1,316.7,0.969,1259.8,358.8,0.993,1351.4,288.4,0.927,1186.8,410.6,0.988,1330.8,274.4,0.926,1097.2,379.1,0.977,1371.4,398.6,0.994,1347.2,434.8,0.997,1348.4,368.4,0.987,1317.5,461.8,0.992,1368.9,257.7,0.962,1342.3,407.9,0.973
3393,135.72,1354.8,453.9,0.0,1345.4,460.7,0.0,1362.8,457.9,0.0,1335.0,459.5,0.0,1379.4,455.7,0.0,1307.4,444.9,0.975,1406.5,424.6,0.974,1226.6,419.9,0.959,1422.7,363.1,0.931,1154.0,376.0,0.951,1383.2,283.6,0.901,1317.6,365.8,0.991,1363.4,353.8,0.0,1227.7,379.3,0.987,1287.2,366.2,0.983,1212.1,306.3,0.976,1271.3,286.2,0.973
3396,135.84,1303.3,340.3,0.0,1310.8,349.2,0.0,1306.5,341.6,0.0,1331.1,381.0,0.0,1325.2,360.4,0.0,1355.8,397.8,0.983,1299.6,375.9,0.995,1338.4,345.2,0.962,1159.7,403.2,0.993,1293.0,274.1,0.956,1051.3,368.6,0.985,1325.4,423.1,0.999,1311.2,415.9,0.999,1278.1,348.6,0.997,1263.6,391.8,0.998,1272.5,265.7,0.993,1277.6,379.7,0.995
3399,135.96,1353.3,460.7,0.0,1348.4,465.3,0.0,1356.6,463.3,0.0,1345.4,471.9,0.0,1366.5,455.8,0.0,1334.0,450.1,0.997,1380.2,434.7,0.998,1276.8,383.8,0.98,1362.7,391.6,0.986,1262.4,318.9,0.956,1335.2,347.0,0.96,1322.6,380.6,0.999,1350.0,370.2,0.999,1291.7,318.9,0.996,1327.2,315.7,0.997,1273.0,226.5,0.989,1310.5,225.0,0.991
3402,136.08,1368.6,452.3,0.0,1368.4,457.9,0.0,1373.0,449.3,0.0,1363.1,460.4,0.0,1376.9,441.1,0.0,1327.2,454.2,0.984,1385.4,429.5,0.985,1210.2,409.4,0.974,1374.0,360.1,0.969,1145.4,380.2,0.961,1344.4,266.6,0.951,1324.2,385.5,0.998,1352.9,374.8,0.998,1305.6,322.6,0.997,1332.8,314.7,0.996,1278.5,253.1,0.992,1291.6,245.5,0.993
3405,136.2,1364.1,460.4,0.0,1358.4,465.8,0.0,1367.8,458.3,0.0,1343.5,467.0,0.0,1370.1,452.0,0.0,1307.6,467.6,0.982,1394.7,429.8,0.981,1234.7,430.6,0.975,1420.0,364.4,0.955,1187.7,396.9,0.968,1387.8,271.7,0.933,1322.8,379.2,0.997,1364.8,356.6,0.0,1320.8,369.3,0.996,1366.8,335.6,0.995,1311.4,279.2,0.986,1335.3,245.3,0.985
3408,136.32,1371.6,450.5,0.0,1369.6,458.7,0.0,1376.9,452.3,0.0,1355.9,465.5,0.0,1375.6,457.1,0.0,1330.5,452.6,0.978,1351.7,446.1,0.977,1260.9,396.2,0.974,1255.8,421.9,0.967,1230.5,327.9,0.97,1151.1,384.9,0.962,1322.9,393.9,0.998,1340.9,391.6,0.997,1310.7,335.0,0.995,1337.1,346.5,0.995,1277.3,248.3,0.983,1308.1,262.7,0.984
3411,136.44,1278.5,358.8,0.0,1277.3,357.9,0.0,1274.1,347.7,0.0,1281.3,365.2,0.0,1277.5,334.8,0.0,1284.6,401.8,0.974,1310.6,363.2,0.969,1206.4,411.7,0.975,1298.5,343.8,0.946,1142.4,396.2,0.965,1259.9,290.1,0.931,1372.7,400.7,0.996,1385.1,372.0,0.995,1359.3,397.1,0.99,1366.8,323.8,0.987,1399.4,333.8,0.962,1386.7,202.5,0.957
3414,136.56,1281.3,366.1,0.0,1280.0,365.3,0.0,1278.8,357.0,0.0,1286.8,371.2,0.0,1287.8,351.8,0.0,1301.4,406.6,0.973,1332.0,377.0,0.982,1205.4,402.5,0.966,1278.5,380.4,0.964,1120.1,364.3,0.96,1175.7,338.8,0.949,1345.4,395.4,0.996,1362.0,377.3,0.996,1379.0,384.1,0.989,1397.2,351.8,0.988,1376.8,279.1,0.952,1375.2,235.3,0.952
3417,136.68,1350.5,434.2,0.0,1347.6,436.1,0.0,1352.8,427.9,0.0,1349.5,434.4,0.0,1365.2,418.9,0.0,1329.1,437.8,0.98,1415.9,425.6,0.99,1215.6,403.2,0.968,1451.3,411.2,0.973,1146.4,358.9,0.96,1476.0,365.3,0.95,1333.6,358.2,0.994,1376.0,353.7,0.995,1302.4,323.1,0.99,1344.6,340.5,0.99,1332.8,199.5,0.972,1349.9,226.3,0.975
3420,136.8,1353.1,352.4,0.0,1351.5,354.7,0.0,1361.0,353.9,0.0,1356.4,366.4,0.0,1378.6,362.3,0.0,1343.0,381.9,0.979,1394.0,367.2,0.974,1239.6,371.4,0.972,1425.6,318.9,0.94,1092.4,381.2,0.95,1462.4,258.2,0.917,1386.6,409.6,0.996,1413.9,403.3,0.995,1365.4,281.6,0.993,1418.2,273.9,0.992,1385.3,265.8,0.99,1471.2,248.1,0.99
3423,136.92,1381.1,358.1,0.0,1380.8,362.1,0.0,1388.8,358.0,0.0,1383.1,380.1,0.0,1402.9,369.4,0.0,1382.4,405.0,0.977,1406.6,375.6,0.971,1283.2,386.8,0.968,1399.4,297.1,0.944,1133.3,336.3,0.949,1415.9,233.3,0.916,1396.8,401.7,0.998,1418.8,387.2,0.997,1293.6,367.3,0.994,1414.9,345.4,0.993,1221.3,301.9,0.986,1442.4,274.6,0.986
3426,137.04,1383.5,361.7,0.0,1382.6,364.6,0.0,1392.5,361.5,0.0,1386.4,384.3,0.0,1412.4,375.7,0.0,1383.8,412.1,0.963,1430.6,384.0,0.962,1269.6,394.1,0.948,1449.5,297.7,0.938,1110.5,312.8,0.919,1467.4,205.6,0.89,1367.8,421.9,0.0,1395.4,403.0,0.994,1232.4,390.6,0.984,1326.0,368.7,0.981,1113.8,328.2,0.957,1276.7,302.6,0.957
3429,137.16,1472.6,412.2,0.0,1469.2,418.8,0.0,1474.7,417.5,0.0,1458.5,427.6,0.0,1459.8,430.3,0.0,1437.5,406.6,0.957,1441.5,416.1,0.964,1419.7,322.1,0.963,1430.7,343.3,0.97,1434.4,283.4,0.966,1493.8,304.5,0.963,1389.1,377.2,0.998,1385.1,378.0,0.998,1345.7,311.2,0.998,1335.3,315.5,0.997,1295.5,263.7,0.997,1269.7,265.7,0.997
3432,137.28,1397.1,390.5,0.0,1395.3,391.1,0.0,1407.5,387.7,0.0,1392.2,395.2,0.0,1422.2,385.9,0.0,1367.7,409.8,0.906,1432.1,379.9,0.938,1257.7,409.6,0.894,1444.1,306.3,0.923,1122.9,347.3,0.882,1448.5,227.7,0.89,1352.8,398.0,0.986,1390.1,382.7,0.988,1270.6,405.3,0.965,1359.4,386.8,0.965,1202.0,348.8,0.908,1336.6,327.1,0.916
3435,137.4,1394.4,362.2,0.0,1388.3,365.0,0.0,1402.1,363.5,0.0,1367.1,379.6,0.0,1404.2,377.7,0.0,1325.2,396.7,0.901,1412.5,387.6,0.908,1211.9,376.2,0.94,1450.0,318.3,0.911,1127.7,340.0,0.935,1454.3,236.9,0.906,1347.0,411.6,0.991,1399.5,411.3,0.989,1325.8,311.2,0.988,1417.1,311.4,0.984,1311.5,285.3,0.982,1446.7,279.6,0.981
3438,137.52,1403.1,353.1,0.0,1398.9,361.9,0.0,1410.6,355.9,0.0,1381.0,387.2,0.0,1409.4,376.4,0.0,1338.5,405.2,0.914,1403.0,380.0,0.937,1239.8,391.5,0.93,1425.5,294.7,0.934,1164.9,357.6,0.93,1447.6,206.9,0.923,1345.2,382.7,0.993,1385.5,376.2,0.993,1317.6,317.8,0.99,1408.0,308.9,0.989,1291.9,282.6,0.985,1431.7,263.4,0.986
3441,137.64,1369.8,344.9,0.0,1366.9,349.9,0.0,1378.7,346.6,0.0,1362.7,373.1,0.0,1388.7,364.3,0.0,1332.8,402.8,0.908,1399.1,380.3,0.928,1254.0,400.0,0.923,1445.2,299.5,0.909,1157.1,358.4,0.931,1452.2,188.6,0.91,1371.9,387.3,0.984,1405.8,382.3,0.983,1379.3,302.6,0.98,1411.2,293.2,0.977,1408.0,268.4,0.975,1447.2,242.4,0.976
3444,137.76,1356.1,330.7,0.0,1351.3,337.9,0.0,1366.8,333.5,0.0,1342.6,367.5,0.0,1380.1,358.1,0.0,1307.9,401.2,0.927,1384.6,379.9,0.914,1213.4,397.3,0.947,1424.4,305.2,0.891,1159.4,349.5,0.943,1439.1,196.6,0.891,1352.0,392.0,0.991,1395.3,389.2,0.987,1356.3,288.7,0.989,1403.1,284.5,0.985,1384.4,262.6,0.987,1450.9,245.1,0.985
3447,137.88,1371.2,345.1,0.0,1367.5,351.6,0.0,1379.1,347.7,0.0,1357.1,374.8,0.0,1386.6,366.4,0.0,1330.9,397.9,0.926,1393.0,373.1,0.938,1225.9,376.8,0.94,1424.7,284.0,0.929,1157.9,340.3,0.929,1440.9,213.2,0.908,1362.3,391.5,0.993,1401.8,384.6,0.993,1313.1,317.2,0.989,1400.8,308.6,0.987,1298.5,271.7,0.983,1447.7,260.0,0.984
3450,138.0,1445.3,368.8,0.0,1442.4,372.1,0.0,1453.0,371.7,0.0,1415.5,382.2,0.0,1443.3,384.9,0.0,1357.2,385.2,0.916,1420.1,383.7,0.955,1238.6,364.1,0.916,1428.0,293.4,0.946,1173.1,374.3,0.908,1471.3,207.7,0.92,1323.8,376.9,0.993,1364.8,380.0,0.993,1281.1,321.4,0.987,1397.1,334.4,0.987,1242.2,290.6,0.979,1428.0,298.1,0.98
3453,138.12,1397.5,376.1,0.0,1394.2,379.6,0.0,1403.5,380.2,0.0,1388.2,392.4,0.0,1407.7,396.1,0.0,1362.6,403.0,0.954,1409.5,416.2,0.971,1260.6,372.4,0.939,1460.1,391.5,0.95,1162.8,370.2,0.936,1528.0,361.7,0.938,1366.2,373.6,0.996,1396.3,378.0,0.996,1331.3,291.8,0.995,1421.7,298.3,0.995,1296.2,252.3,0.994,1455.2,250.6,0.995
3456,138.24,1366.6,345.1,0.0,1363.9,349.2,0.0,1371.1,348.2,0.0,1363.9,364.4,0.0,1384.4,363.9,0.0,1358.0,373.7,0.992,1402.6,379.0,0.993,1290.7,316.8,0.979,1444.2,330.9,0.977,1221.4,285.5,0.965,1492.2,295.0,0.959,1384.7,380.3,0.999,1415.7,381.0,0.999,1338.6,281.9,0.998,1425.1,281.5,0.998,1315.1,260.0,0.997,1463.2,254.4,0.997
3459,138.36,1362.5,335.7,0.0,1357.0,334.3,0.0,1368.6,337.5,0.0,1351.8,340.7,0.0,1383.2,350.5,0.0,1339.6,364.1,0.989,1405.5,381.2,0.985,1258.3,297.1,0.978,1442.0,314.0,0.958,1212.1,266.8,0.968,1459.5,249.1,0.946,1356.3,404.4,0.998,1404.7,409.9,0.997,1297.5,282.1,0.997,1420.1,296.7,0.996,1261.0,266.2,0.993,1468.3,282.6,0.993
3462,138.48,1370.9,333.8,0.0,1368.7,333.3,0.0,1378.9,334.1,0.0,1367.8,343.5,0.0,1400.0,344.8,0.0,1374.7,360.1,0.99,1411.3,365.9,0.992,1319.6,303.1,0.974,1433.8,294.7,0.976,1269.9,267.5,0.949,1453.2,241.6,0.944,1384.2,401.1,0.0,1418.1,401.3,0.999,1274.4,318.1,0.996,1407.3,324.4,0.996,1208.5,288.6,0.989,1453.8,292.5,0.99
3465,138.6,1349.9,450.9,0.0,1346.0,454.0,0.0,1351.5,450.6,0.0,1341.6,457.3,0.0,1357.9,445.3,0.0,1316.5,447.6,0.987,1392.8,438.2,0.999,1216.5,415.8,0.954,1444.0,445.5,0.995,1132.7,405.8,0.929,1539.1,421.0,0.978,1305.8,350.2,0.997,1343.9,342.8,0.0,1293.4,325.6,0.993,1321.8,317.9,0.997,1269.1,218.4,0.983,1289.5,215.3,0.992
3468,138.72,1334.2,451.1,0.0,1330.9,454.6,0.0,1334.2,450.4,0.0,1330.5,462.0,0.0,1341.7,442.9,0.0,1315.1,451.4,0.993,1381.0,429.4,0.999,1230.8,417.3,0.964,1425.8,421.8,0.996,1167.1,396.6,0.932,1494.6,405.8,0.98,1313.5,349.7,0.998,1347.8,333.8,0.999,1298.4,317.5,0.994,1325.4,302.0,0.997,1284.1,224.3,0.983,1299.6,209.4,0.991
3471,138.84,1323.4,452.3,0.0,1317.0,456.3,0.0,1328.3,453.7,0.0,1322.5,455.7,0.0,1352.3,447.1,0.0,1313.7,448.2,0.985,1418.2,424.7,0.99,1234.9,422.4,0.961,1491.2,402.5,0.954,1148.9,402.7,0.945,1506.2,328.9,0.908,1342.3,352.5,0.0,1391.6,337.0,0.987,1261.0,359.2,0.98,1313.4,338.4,0.977,1254.8,276.2,0.956,1290.2,271.4,0.956
3474,138.96,1333.1,455.8,0.0,1328.7,457.2,0.0,1331.5,456.2,0.0,1328.8,460.5,0.0,1337.1,454.2,0.0,1326.3,458.3,0.982,1369.6,431.0,0.998,1314.1,430.9,0.949,1431.4,397.9,0.994,1317.8,436.2,0.93,1488.6,355.6,0.981,1334.5,355.2,0.0,1358.2,339.3,0.999,1353.1,333.3,0.993,1368.8,315.3,0.997,1348.2,223.0,0.983,1350.1,221.9,0.991
3477,139.08,1329.2,449.1,0.0,1324.6,453.8,0.0,1333.5,454.6,0.0,1325.9,455.4,0.0,1349.8,453.1,0.0,1313.1,451.2,0.987,1384.8,403.9,0.0,1221.4,383.5,0.948,1391.4,299.5,0.989,1142.9,360.7,0.942,1299.6,247.1,0.979,1320.4,361.7,0.995,1352.1,334.9,0.998,1246.9,312.4,0.992,1278.6,288.4,0.996,1204.0,233.3,0.988,1219.5,227.8,0.993
3480,139.2,1340.4,444.6,0.0,1335.9,450.2,0.0,1342.0,444.7,0.0,1329.1,458.4,0.0,1347.6,443.9,0.0,1312.2,457.9,0.987,1391.4,432.8,0.994,1258.4,418.9,0.961,1451.3,400.8,0.977,1208.6,388.1,0.946,1483.1,334.1,0.948,1332.1,368.3,0.995,1373.7,350.3,0.995,1260.4,335.6,0.99,1299.5,311.4,0.991,1221.6,273.7,0.98,1240.9,249.3,0.984
3483,139.32,1324.2,426.6,0.0,1321.9,430.4,0.0,1326.0,429.2,0.0,1327.7,437.7,0.0,1342.6,438.9,0.0,1324.8,442.4,0.97,1384.5,438.5,0.987,1241.3,398.7,0.963,1426.2,416.9,0.98,1175.1,364.7,0.961,1463.4,365.3,0.97,1343.7,382.6,0.997,1374.7,381.2,0.998,1316.2,316.3,0.995,1341.6,310.2,0.0,1312.9,227.3,0.99,1330.5,228.5,0.992
3486,139.44,1315.4,433.6,0.0,1314.1,438.5,0.0,1318.6,434.0,0.0,1326.5,447.4,0.0,1344.0,433.7,0.0,1318.1,444.6,0.966,1405.6,420.3,0.992,1204.3,402.8,0.934,1455.5,389.9,0.981,1124.7,384.4,0.914,1452.0,333.5,0.959,1351.0,347.8,0.0,1391.2,334.0,0.995,1328.6,318.6,0.975,1365.1,299.2,0.985,1337.2,220.0,0.943,1348.9,209.9,0.961
3489,139.56,1297.4,369.0,0.0,1300.7,369.1,0.0,1302.7,366.2,0.0,1317.1,376.4,0.0,1327.3,372.1,0.0,1314.6,412.0,0.984,1364.5,382.7,0.989,1210.8,402.7,0.96,1321.9,379.2,0.959,1093.5,351.1,0.958,1217.0,303.1,0.942,1328.8,391.1,0.992,1354.7,373.5,0.991,1232.1,378.4,0.988,1260.3,361.3,0.986,1201.2,290.4,0.979,1212.5,291.8,0.978
3492,139.68,1333.1,433.1,0.0,1327.5,441.6,0.0,1336.5,440.0,0.0,1328.6,452.8,0.0,1354.2,441.2,0.0,1321.3,434.3,0.985,1388.5,395.9,0.987,1231.1,384.1,0.955,1376.2,336.1,0.0,1142.7,351.4,0.928,1297.8,294.0,0.924,1381.8,330.3,0.991,1415.2,304.6,0.99,1309.7,319.4,0.971,1347.4,281.1,0.971,1298.2,268.7,0.919,1328.2,232.3,0.925
3495,139.8,1331.2,435.0,0.0,1329.3,438.4,0.0,1332.5,438.8,0.0,1337.6,443.7,0.0,1347.4,435.1,0.0,1340.7,422.0,0.99,1374.6,399.9,0.997,1273.8,385.6,0.936,1353.7,348.9,0.984,1201.8,375.1,0.864,1279.6,326.4,0.949,1361.4,322.6,0.0,1380.8,309.2,0.996,1333.0,287.9,0.965,1351.2,270.9,0.98,1303.9,226.9,0.921,1314.6,200.6,0.95
3498,139.92,1340.6,435.5,0.0,1333.7,440.6,0.0,1345.9,438.8,0.0,1329.7,440.4,0.0,1360.8,431.4,0.0,1304.9,417.1,0.975,1385.7,403.7,0.975,1215.8,381.8,0.961,1380.9,366.3,0.94,1166.1,365.1,0.942,1338.4,339.6,0.907,1360.8,328.3,0.0,1400.5,322.0,0.987,1299.0,290.6,0.967,1347.2,289.5,0.0,1300.3,231.7,0.91,1339.4,231.9,0.91
3501,140.04,1337.0,431.4,0.0,1335.5,437.5,0.0,1336.8,433.1,0.0,1341.8,445.6,0.0,1347.1,425.6,0.0,1350.2,437.2,0.973,1364.2,380.8,0.99,1290.5,405.6,0.895,1339.2,326.3,0.969,1170.2,375.0,0.858,1293.0,285.4,0.935,1379.8,345.1,0.981,1390.8,308.8,0.988,1322.6,322.1,0.938,1325.1,277.1,0.962,1292.4,262.8,0.857,1300.5,226.9,0.902
3504,140.16,1334.5,432.0,0.0,1331.2,434.4,0.0,1334.8,434.7,0.0,1336.4,437.3,0.0,1346.9,431.6,0.0,1335.7,429.4,0.974,1379.5,397.6,0.0,1265.7,392.2,0.897,1382.8,320.5,0.981,1168.7,369.6,0.846,1310.9,250.7,0.95,1361.4,336.9,0.99,1384.0,320.1,0.995,1358.6,312.0,0.967,1378.2,287.3,0.983,1350.0,240.4,0.924,1359.0,216.5,0.953
3507,140.28,1335.9,431.5,0.0,1332.1,434.0,0.0,1339.3,433.3,0.0,1334.8,431.6,0.0,1354.4,428.1,0.0,1313.5,421.0,0.985,1391.9,395.8,0.994,1193.0,387.0,0.951,1412.1,326.9,0.974,1102.7,359.4,0.92,1369.0,243.9,0.946,1316.6,311.9,0.99,1353.1,300.2,0.992,1305.1,294.8,0.967,1343.1,276.6,0.973,1318.6,203.2,0.921,1340.5,186.3,0.935
3510,140.4,1340.2,426.3,0.0,1338.2,429.8,0.0,1340.9,423.4,0.0,1340.5,437.0,0.0,1350.5,410.9,0.0,1322.4,428.0,0.992,1383.3,400.6,0.995,1206.6,387.6,0.97,1402.5,352.9,0.978,1096.3,356.6,0.933,1388.0,301.1,0.94,1326.2,359.9,0.996,1355.4,344.3,0.997,1311.5,300.5,0.988,1336.8,289.2,0.0,1298.0,230.7,0.966,1313.1,213.6,0.972
3513,140.52,1320.5,359.5,0.0,1310.8,363.2,0.0,1324.4,365.1,0.0,1296.6,372.1,0.0,1334.0,374.9,0.0,1266.7,378.3,0.946,1362.3,378.3,0.989,1196.3,380.5,0.888,1403.1,375.2,0.975,1141.4,370.6,0.884,1366.3,333.5,0.951,1284.2,348.7,0.973,1327.7,352.4,0.985,1236.4,304.2,0.932,1291.5,339.0,0.96,1215.2,271.0,0.873,1264.9,322.4,0.913
3516,140.64,0,0,0,0,0,0,0,0,0,0,0,0,0,0,0,0,0,0,0,0,0,0,0,0,0,0,0,0,0,0,0,0,0,0,0,0,0,0,0,0,0,0,0,0,0,0,0,0,0,0,0
3519,140.76,1313.2,427.2,0.0,1308.6,430.5,0.0,1320.7,427.3,0.0,1317.6,427.0,0.0,1348.3,415.8,0.0,1307.1,418.1,0.96,1406.3,388.9,0.982,1214.4,384.0,0.916,1446.1,351.5,0.951,1144.3,361.7,0.91,1409.8,304.3,0.92,1333.2,346.4,0.0,1377.7,327.4,0.981,1257.0,320.7,0.951,1309.2,293.2,0.962,1233.1,266.7,0.907,1267.9,248.0,0.926
3522,140.88,1321.8,418.9,0.0,1318.0,424.5,0.0,1330.4,418.6,0.0,1320.8,428.6,0.0,1354.0,411.9,0.0,1301.7,424.5,0.966,1404.3,399.3,0.989,1188.8,393.8,0.915,1436.8,369.4,0.967,1098.3,360.1,0.909,1399.7,323.3,0.938,1312.6,368.0,0.985,1358.2,351.1,0.99,1227.0,334.1,0.975,1280.2,319.4,0.983,1182.1,281.8,0.961,1222.2,267.0,0.972
3525,141.0,1307.1,443.1,0.0,1300.0,444.7,0.0,1310.8,447.7,0.0,1306.0,435.4,0.0,1333.4,442.8,0.0,1298.7,418.3,0.95,1394.5,410.6,0.994,1184.2,386.7,0.901,1461.4,389.1,0.988,1099.2,374.8,0.896,1528.4,361.9,0.972,1333.5,313.2,0.983,1376.7,309.7,0.993,1314.3,285.0,0.952,1354.3,276.4,0.98,1311.5,217.5,0.907,1343.2,215.7,0.951
3528,141.12,1319.5,373.2,0.0,1315.8,373.3,0.0,1319.5,372.9,0.0,1313.9,381.8,0.0,1329.1,382.9,0.0,1287.0,406.5,0.957,1369.4,402.5,0.0,1225.7,393.9,0.929,1439.6,396.2,0.969,1178.3,356.5,0.929,1506.9,311.7,0.939,1295.8,371.6,0.981,1337.6,372.4,0.985,1291.6,337.4,0.958,1333.1,351.2,0.0,1327.8,279.8,0.884,1348.8,309.5,0.901
3531,141.24,1311.3,445.2,0.0,1306.2,445.5,0.0,1314.4,446.9,0.0,1313.9,441.9,0.0,1335.2,437.2,0.0,1303.2,430.2,0.987,1396.8,418.9,0.997,1195.5,386.9,0.962,1466.2,397.8,0.987,1104.8,368.2,0.936,1527.6,379.2,0.958,1334.6,344.6,0.0,1378.9,337.4,0.997,1324.1,285.6,0.988,1364.3,277.7,0.993,1319.6,205.0,0.968,1347.4,203.5,0.98
3534,141.36,0,0,0,0,0,0,0,0,0,0,0,0,0,0,0,0,0,0,0,0,0,0,0,0,0,0,0,0,0,0,0,0,0,0,0,0,0,0,0,0,0,0,0,0,0,0,0,0,0,0,0
3537,141.48,0,0,0,0,0,0,0,0,0,0,0,0,0,0,0,0,0,0,0,0,0,0,0,0,0,0,0,0,0,0,0,0,0,0,0,0,0,0,0,0,0,0,0,0,0,0,0,0,0,0,0
3540,141.6,1299.5,417.2,0.0,1292.8,421.6,0.0,1302.6,425.3,0.0,1295.4,425.2,0.0,1324.6,432.6,0.0,1282.9,418.7,0.974,1377.9,407.1,0.994,1178.6,377.3,0.939,1438.3,369.8,0.986,1119.7,363.7,0.927,1459.9,322.1,0.972,1328.0,332.1,0.0,1370.7,326.9,0.994,1299.8,299.0,0.97,1342.8,293.7,0.983,1327.3,236.2,0.937,1356.1,242.0,0.958
3543,141.72,1312.3,377.4,0.0,1313.2,382.5,0.0,1317.6,373.8,0.0,1315.0,395.9,0.0,1330.4,373.6,0.0,1301.9,404.7,0.978,1341.9,378.7,0.986,1220.7,385.0,0.963,1281.1,375.2,0.966,1150.9,359.4,0.957,1155.4,362.9,0.952,1291.4,373.5,0.997,1311.1,356.5,0.997,1280.4,358.2,0.995,1305.6,345.3,0.995,1255.6,268.2,0.984,1269.4,255.2,0.985
3546,141.84,1271.5,359.7,0.0,1271.5,361.2,0.0,1270.2,361.2,0.0,1282.4,361.3,0.0,1282.8,368.5,0.0,1305.7,349.3,0.904,1295.5,377.0,0.945,1256.1,307.8,0.89,1217.6,386.7,0.939,1221.3,297.7,0.921,1154.2,367.6,0.946,1353.1,344.2,0.97,1349.9,365.7,0.977,1329.5,333.8,0.0,1324.0,371.7,0.929,1344.2,283.2,0.744,1339.6,321.8,0.781
3549,141.96,1337.1,389.9,0.0,1334.9,397.8,0.0,1341.8,389.7,0.0,1324.3,411.6,0.0,1344.3,395.0,0.0,1294.8,413.4,0.963,1332.0,391.1,0.969,1189.6,393.5,0.961,1238.7,374.8,0.96,1118.8,336.3,0.95,1130.2,346.9,0.944,1319.2,367.0,0.996,1341.6,358.3,0.996,1320.9,332.9,0.0,1354.3,346.3,0.988,1319.3,254.2,0.957,1354.6,279.2,0.957
3552,142.08,1306.2,405.9,0.0,1301.4,409.9,0.0,1311.6,407.3,0.0,1308.6,415.0,0.0,1336.5,404.5,0.0,1311.5,415.6,0.975,1397.0,381.6,0.986,1238.9,394.0,0.941,1419.6,334.6,0.95,1166.8,375.2,0.933,1337.3,291.4,0.0,1346.2,347.9,0.986,1385.8,326.0,0.987,1270.4,325.3,0.973,1318.2,292.7,0.975,1234.2,259.7,0.944,1265.2,228.3,0.95
3555,142.2,1303.5,404.9,0.0,1303.8,412.9,0.0,1304.5,407.2,0.0,1319.0,433.1,0.0,1328.0,409.8,0.0,1328.1,431.5,0.973,1376.1,390.1,0.997,1261.4,379.3,0.91,1389.0,322.2,0.994,1203.7,349.6,0.887,1343.1,270.5,0.981,1372.2,354.1,0.995,1397.4,328.7,0.998,1328.9,302.7,0.983,1351.0,271.4,0.994,1355.0,227.7,0.959,1358.8,195.9,0.98
3558,142.32,1315.8,413.3,0.0,1316.2,418.6,0.0,1313.8,411.5,0.0,1327.9,431.7,0.0,1326.8,409.2,0.0,1338.8,427.9,0.98,1362.8,400.1,0.996,1312.7,401.8,0.937,1399.1,341.2,0.99,1266.3,399.2,0.91,1404.3,265.6,0.974,1359.1,353.1,0.996,1373.6,336.2,0.998,1349.8,327.0,0.0,1354.8,294.1,0.994,1370.9,275.3,0.966,1361.7,224.4,0.98
3561,142.44,1324.0,424.9,0.0,1320.5,429.1,0.0,1321.8,423.0,0.0,1326.5,444.1,0.0,1331.0,416.7,0.0,1335.8,441.7,0.978,1364.0,405.8,0.992,1325.5,387.5,0.908,1411.3,382.5,0.967,1334.5,349.1,0.844,1470.8,347.2,0.911,1353.8,362.2,0.988,1372.6,338.0,0.993,1347.6,311.9,0.966,1360.2,295.5,0.979,1354.2,219.5,0.93,1359.6,213.9,0.951
3564,142.56,1272.8,376.3,0.0,1271.4,374.9,0.0,1274.2,380.3,0.0,1288.3,371.3,0.0,1298.6,387.8,0.0,1305.6,377.7,0.955,1343.5,379.4,0.97,1220.7,366.5,0.927,1296.7,339.6,0.935,1161.3,372.3,0.924,1222.6,275.3,0.921,1363.6,333.2,0.984,1383.7,339.1,0.984,1346.1,324.7,0.0,1369.1,313.7,0.964,1378.6,243.0,0.905,1388.8,224.4,0.91
3567,142.68,1296.0,353.7,0.0,1297.3,360.3,0.0,1300.1,350.6,0.0,1296.3,376.2,0.0,1308.9,355.7,0.0,1284.0,387.7,0.934,1309.1,368.7,0.956,1191.1,374.4,0.913,1222.1,369.2,0.93,1112.2,337.8,0.92,1112.5,325.1,0.923,1317.5,368.3,0.993,1334.0,358.7,0.993,1329.3,340.3,0.986,1350.7,332.6,0.987,1357.5,274.2,0.952,1375.2,254.0,0.955
3570,142.8,1318.5,413.7,0.0,1320.5,418.0,0.0,1321.7,407.9,0.0,1326.4,421.0,0.0,1332.5,392.3,0.0,1309.3,413.9,0.985,1347.5,388.1,0.0,1192.3,383.5,0.969,1307.2,362.2,0.955,1106.1,351.0,0.951,1278.4,333.0,0.925,1321.6,362.9,0.995,1340.5,346.7,0.994,1291.7,334.3,0.987,1308.0,319.3,0.986,1296.9,272.1,0.961,1303.6,242.4,0.962
3573,142.92,1302.1,418.3,0.0,1295.8,422.4,0.0,1309.6,421.8,0.0,1297.2,416.3,0.0,1332.1,413.5,0.0,1280.5,406.7,0.944,1361.8,364.7,0.938,1198.0,376.0,0.94,1350.2,309.3,0.903,1142.5,354.6,0.945,1293.6,281.0,0.901,1336.1,329.8,0.978,1373.3,302.8,0.973,1274.9,319.9,0.953,1320.8,276.4,0.945,1267.2,280.3,0.877,1304.5,239.3,0.876
3576,143.04,1305.3,415.8,0.0,1304.4,420.1,0.0,1307.8,413.6,0.0,1315.4,420.3,0.0,1324.4,395.2,0.0,1318.1,400.9,0.985,1349.1,378.7,0.0,1222.2,376.1,0.964,1307.9,376.0,0.925,1097.7,340.2,0.938,1233.5,352.9,0.885,1374.5,328.5,0.988,1393.4,310.6,0.985,1302.3,312.3,0.965,1320.6,266.4,0.959,1291.5,277.6,0.901,1309.6,202.3,0.897
3579,143.16,1301.2,402.4,0.0,1296.0,406.0,0.0,1300.5,400.8,0.0,1297.6,410.4,0.0,1310.6,389.1,0.0,1300.8,396.9,0.987,1350.5,379.9,0.0,1231.2,379.3,0.971,1354.5,355.4,0.965,1153.7,341.0,0.951,1315.5,315.9,0.935,1372.3,337.8,0.995,1398.1,320.5,0.995,1308.8,340.6,0.986,1338.8,280.1,0.986,1321.4,316.6,0.0,1346.3,204.1,0.956
3582,143.28,1302.2,406.9,0.0,1294.3,412.0,0.0,1303.2,409.7,0.0,1297.1,420.6,0.0,1322.4,402.4,0.0,1292.1,407.0,0.979,1382.1,382.8,0.993,1219.5,372.1,0.933,1442.2,349.9,0.977,1158.9,339.5,0.897,1459.9,274.3,0.936,1367.8,325.2,0.985,1411.9,306.8,0.99,1296.6,304.5,0.95,1344.6,263.7,0.967,1318.9,274.6,0.869,1354.9,221.9,0.906
3585,143.4,1305.7,407.6,0.0,1300.3,410.7,0.0,1306.3,410.0,0.0,1304.6,413.5,0.0,1321.8,404.3,0.0,1301.1,399.4,0.98,1360.8,377.1,0.0,1223.0,363.4,0.957,1354.2,318.6,0.964,1172.0,347.1,0.942,1299.6,266.4,0.943,1354.6,320.0,0.989,1384.5,307.9,0.99,1326.6,292.1,0.966,1360.9,271.7,0.97,1366.2,229.9,0.88,1387.1,205.8,0.896
3588,143.52,1310.7,405.9,0.0,1304.3,406.5,0.0,1314.6,409.9,0.0,1306.2,400.2,0.0,1332.0,405.3,0.0,1292.8,389.9,0.987,1369.3,374.8,0.988,1203.5,347.7,0.974,1356.7,320.4,0.961,1160.2,346.5,0.966,1271.0,286.9,0.945,1340.8,322.5,0.995,1375.1,315.5,0.994,1308.4,310.7,0.989,1351.5,300.8,0.987,1335.1,229.4,0.965,1359.0,231.0,0.965
3591,143.64,1320.3,12.4,0.0,1304.4,4.5,0.0,1300.0,9.3,0.0,1319.2,0.0,0.0,1304.8,4.2,0.0,1421.3,0.0,0.012,1392.5,0.0,0.016,1531.1,13.1,0.116,1490.1,10.2,0.129,1542.0,57.1,0.409,1525.0,60.6,0.421,1582.3,17.2,0.099,1564.7,21.7,0.113,1572.3,49.7,0.177,1543.6,46.9,0.185,1631.1,82.9,0.149,1595.2,90.1,0.16
3594,143.76,1309.9,397.4,0.0,1306.6,397.5,0.0,1315.3,399.3,0.0,1310.9,382.2,0.0,1333.3,394.0,0.0,1299.5,367.2,0.928,1356.0,369.0,0.0,1230.2,310.2,0.916,1328.5,340.5,0.895,1224.0,288.1,0.941,1289.0,329.3,0.909,1324.2,326.2,0.966,1347.9,327.0,0.963,1277.2,329.1,0.942,1307.0,331.6,0.937,1283.4,276.8,0.863,1297.9,279.5,0.867
3597,143.88,1318.7,403.9,0.0,1317.0,403.8,0.0,1321.1,403.1,0.0,1320.1,401.1,0.0,1332.5,396.2,0.0,1300.7,400.6,0.988,1366.0,388.8,0.996,1218.6,378.6,0.953,1421.0,393.6,0.984,1150.2,360.3,0.933,1495.3,362.4,0.955,1275.5,342.8,0.995,1305.8,333.6,0.997,1228.3,325.9,0.992,1251.9,319.0,0.994,1198.0,268.0,0.989,1212.3,268.5,0.992
3600,144.0,1346.6,296.0,0.0,1346.4,293.5,0.0,1350.6,292.3,0.0,1346.8,301.3,0.0,1371.0,298.7,0.0,1343.8,326.0,0.991,1398.8,320.2,0.991,1265.0,306.1,0.974,1420.0,288.0,0.974,1172.2,286.3,0.951,1419.1,241.8,0.95,1328.3,362.3,0.999,1379.8,354.5,0.999,1223.1,327.6,0.997,1408.2,323.1,0.997,1079.4,316.0,0.988,1387.5,310.3,0.99
3603,144.12,1329.5,289.3,0.0,1328.8,288.5,0.0,1332.6,284.7,0.0,1326.2,300.9,0.0,1350.3,292.9,0.0,1323.7,340.2,0.996,1377.9,310.5,0.995,1216.7,343.3,0.985,1401.9,273.8,0.979,1101.1,314.5,0.959,1410.5,229.8,0.95,1315.4,352.6,0.999,1366.0,336.4,0.999,1219.4,315.1,0.998,1410.4,299.8,0.998,1086.1,290.3,0.993,1412.4,284.7,0.993
3606,144.24,1329.4,286.3,0.0,1329.0,284.6,0.0,1335.8,281.5,0.0,1332.7,295.5,0.0,1357.9,287.9,0.0,1330.9,336.6,0.989,1380.3,305.8,0.972,1246.6,335.7,0.979,1376.6,261.5,0.939,1156.2,317.9,0.96,1373.5,229.2,0.912,1311.7,363.0,0.998,1357.8,344.9,0.998,1206.5,321.2,0.996,1372.4,304.2,0.995,1088.5,297.9,0.987,1361.4,289.2,0.986
3609,144.36,1335.8,286.5,0.0,1336.8,282.2,0.0,1343.5,282.5,0.0,1346.3,288.9,0.0,1367.3,286.9,0.0,1344.4,322.5,0.951,1380.1,304.7,0.937,1269.3,323.8,0.937,1385.2,252.7,0.9,1212.9,289.7,0.915,1389.2,196.5,0.855,1314.8,383.1,0.99,1336.9,370.8,0.0,1216.5,367.9,0.975,1270.8,362.0,0.967,1131.1,362.5,0.938,1227.5,362.1,0.931
3612,144.48,1335.3,298.0,0.0,1334.2,300.3,0.0,1342.9,299.4,0.0,1331.9,315.9,0.0,1353.0,312.7,0.0,1314.1,340.6,0.947,1354.3,330.4,0.958,1230.4,347.7,0.946,1376.3,288.7,0.934,1150.6,329.2,0.936,1401.8,222.5,0.918,1346.5,330.6,0.994,1372.5,329.9,0.993,1329.3,282.4,0.988,1396.6,280.3,0.987,1331.6,224.6,0.982,1450.2,214.9,0.983
3615,144.6,1331.1,290.6,0.0,1332.7,288.8,0.0,1338.1,289.4,0.0,1340.9,302.6,0.0,1355.8,301.3,0.0,1336.9,339.7,0.97,1368.6,325.6,0.956,1262.1,336.1,0.954,1391.9,264.4,0.905,1188.8,295.5,0.933,1404.6,194.7,0.864,1325.5,369.1,0.993,1346.6,360.4,0.0,1240.4,341.6,0.982,1311.6,337.0,0.973,1175.6,294.3,0.961,1307.0,291.0,0.954
3618,144.72,1330.4,294.2,0.0,1331.9,291.9,0.0,1338.9,292.1,0.0,1341.0,304.8,0.0,1364.5,302.4,0.0,1345.3,339.9,0.971,1379.3,324.0,0.0,1276.8,340.2,0.938,1398.0,278.0,0.948,1203.9,298.1,0.905,1412.6,229.3,0.899,1328.4,361.7,0.994,1358.7,350.6,0.994,1214.2,337.3,0.981,1338.4,329.3,0.981,1127.4,294.7,0.945,1349.8,291.5,0.95
3621,144.84,1355.0,307.3,0.0,1353.5,306.3,0.0,1360.3,306.8,0.0,1354.5,314.2,0.0,1370.8,317.0,0.0,1346.4,334.2,0.965,1373.2,343.5,0.967,1278.1,324.7,0.949,1372.9,335.0,0.937,1168.6,306.2,0.939,1402.2,281.0,0.924,1337.5,348.5,0.995,1359.7,348.5,0.995,1274.8,301.0,0.992,1369.0,303.0,0.992,1219.3,270.8,0.982,1372.4,263.5,0.983
3624,144.96,1343.3,292.3,0.0,1342.7,291.2,0.0,1355.5,291.1,0.0,1343.7,307.2,0.0,1377.7,303.2,0.0,1317.0,341.1,0.848,1383.8,326.3,0.0,1221.9,344.6,0.866,1398.9,270.0,0.901,1126.4,307.7,0.867,1417.9,188.7,0.874,1327.5,373.4,0.965,1367.7,367.7,0.969,1265.7,311.1,0.922,1348.2,306.6,0.923,1264.1,282.3,0.848,1383.5,271.1,0.862
3627,145.08,1341.8,304.2,0.0,1338.5,303.8,0.0,1347.6,301.5,0.0,1328.8,314.1,0.0,1353.1,310.0,0.0,1293.6,349.6,0.925,1366.5,326.9,0.945,1218.3,351.9,0.921,1382.0,274.2,0.931,1161.4,327.7,0.917,1408.7,201.0,0.921,1312.5,357.9,0.988,1355.4,351.5,0.988,1318.4,293.3,0.981,1377.6,287.0,0.982,1338.6,260.2,0.964,1393.0,255.5,0.967
3630,145.2,1336.8,307.7,0.0,1333.1,307.6,0.0,1343.9,306.5,0.0,1331.1,318.2,0.0,1353.2,315.2,0.0,1319.8,355.5,0.872,1364.8,333.0,0.933,1256.6,360.0,0.849,1390.7,270.1,0.916,1165.4,328.6,0.864,1401.1,205.2,0.904,1340.2,360.7,0.97,1364.2,352.4,0.976,1322.4,301.1,0.947,1364.2,291.1,0.955,1324.7,255.1,0.903,1388.3,244.6,0.921
3633,145.32,1370.5,299.1,0.0,1369.3,300.8,0.0,1378.0,300.5,0.0,1372.7,314.8,0.0,1389.0,313.7,0.0,1364.5,337.5,0.907,1390.2,333.0,0.0,1324.1,306.9,0.0,1387.3,275.5,0.94,1267.0,260.4,0.915,1401.5,203.8,0.93,1368.8,341.4,0.992,1387.1,338.1,0.0,1315.8,300.6,0.987,1381.4,296.9,0.989,1308.6,250.5,0.974,1409.3,241.1,0.978
3636,145.44,1401.6,317.5,0.0,1399.5,315.7,0.0,1406.9,316.3,0.0,1391.0,325.3,0.0,1413.8,328.2,0.0,1367.3,347.8,0.929,1414.7,349.3,0.939,1267.3,348.4,0.932,1415.5,317.3,0.924,1175.8,319.4,0.918,1418.2,227.5,0.898,1330.3,386.1,0.99,1358.4,382.3,0.989,1254.5,340.1,0.977,1316.6,343.6,0.974,1173.3,317.5,0.954,1272.0,316.1,0.953
3639,145.56,1415.7,337.8,0.0,1413.9,339.3,0.0,1421.4,336.4,0.0,1406.7,346.2,0.0,1421.1,341.7,0.0,1391.5,352.6,0.945,1409.7,347.2,0.921,1391.0,311.1,0.952,1399.3,301.5,0.926,1415.8,234.3,0.947,1420.6,218.9,0.908,1341.5,383.6,0.995,1354.8,376.6,0.993,1260.6,349.6,0.99,1306.2,344.2,0.986,1181.0,307.9,0.98,1248.7,298.0,0.977
3642,145.68,1353.0,301.6,0.0,1351.7,299.3,0.0,1359.3,298.9,0.0,1352.9,305.0,0.0,1381.4,302.7,0.0,1357.7,326.9,0.975,1399.5,310.0,0.985,1289.8,313.4,0.953,1406.0,246.4,0.974,1199.1,305.2,0.921,1409.5,193.1,0.945,1348.9,368.6,0.0,1388.1,357.9,0.998,1254.8,328.8,0.991,1404.6,321.9,0.994,1148.2,306.5,0.972,1405.5,302.2,0.979
3645,145.8,1310.7,405.3,0.0,1312.1,408.8,0.0,1315.9,408.8,0.0,1316.0,411.0,0.0,1322.3,410.2,0.0,1326.3,388.8,0.934,1338.4,387.0,0.965,1365.6,367.9,0.0,1373.6,292.9,0.959,1407.6,349.3,0.949,1334.1,221.8,0.96,1325.3,333.9,0.996,1332.2,335.8,0.997,1255.7,340.1,0.997,1269.9,344.7,0.997,1135.8,335.1,0.99,1144.0,317.2,0.991
3648,145.92,0,0,0,0,0,0,0,0,0,0,0,0,0,0,0,0,0,0,0,0,0,0,0,0,0,0,0,0,0,0,0,0,0,0,0,0,0,0,0,0,0,0,0,0,0,0,0,0,0,0,0
3651,146.04,0,0,0,0,0,0,0,0,0,0,0,0,0,0,0,0,0,0,0,0,0,0,0,0,0,0,0,0,0,0,0,0,0,0,0,0,0,0,0,0,0,0,0,0,0,0,0,0,0,0,0
3654,146.16,0,0,0,0,0,0,0,0,0,0,0,0,0,0,0,0,0,0,0,0,0,0,0,0,0,0,0,0,0,0,0,0,0,0,0,0,0,0,0,0,0,0,0,0,0,0,0,0,0,0,0
3657,146.28,0,0,0,0,0,0,0,0,0,0,0,0,0,0,0,0,0,0,0,0,0,0,0,0,0,0,0,0,0,0,0,0,0,0,0,0,0,0,0,0,0,0,0,0,0,0,0,0,0,0,0
3660,146.4,0,0,0,0,0,0,0,0,0,0,0,0,0,0,0,0,0,0,0,0,0,0,0,0,0,0,0,0,0,0,0,0,0,0,0,0,0,0,0,0,0,0,0,0,0,0,0,0,0,0,0
3663,146.52,1306.0,410.6,0.0,1305.2,416.6,0.0,1312.8,416.1,0.0,1307.1,420.8,0.0,1325.5,413.5,0.0,1311.3,397.8,0.919,1348.0,384.9,0.961,1328.5,390.1,0.894,1393.1,281.2,0.947,1381.5,382.3,0.916,1403.1,192.3,0.944,1331.7,359.0,0.0,1348.5,350.2,0.0,1272.9,346.4,0.989,1300.8,322.9,0.991,1237.8,351.8,0.972,1266.9,297.1,0.977
3666,146.64,1332.8,409.2,0.0,1338.5,410.3,0.0,1338.7,411.1,0.0,1342.1,420.8,0.0,1340.0,427.4,0.0,1321.3,421.0,0.967,1324.2,422.9,0.766,1289.6,385.7,0.959,1295.6,371.3,0.492,1303.1,329.5,0.918,1309.6,323.5,0.514,1266.5,376.4,0.993,1271.6,378.3,0.977,1178.8,362.7,0.992,1182.3,371.1,0.975,1095.8,359.9,0.971,1097.5,356.5,0.941
3669,146.76,1310.1,304.8,0.0,1312.8,305.0,0.0,1316.4,310.1,0.0,1322.4,323.5,0.0,1329.8,332.6,0.0,1324.9,351.6,0.987,1338.3,331.1,0.968,1342.3,277.9,0.986,1365.7,251.9,0.931,1365.2,198.5,0.982,1359.0,193.9,0.943,1330.6,390.5,0.999,1336.9,376.6,0.998,1213.0,356.6,0.998,1224.8,349.9,0.997,1094.0,334.7,0.989,1107.7,345.1,0.986
3672,146.88,1388.9,371.7,0.0,1393.0,380.3,0.0,1398.1,374.1,0.0,1384.0,397.9,0.0,1398.3,376.5,0.0,1346.2,416.6,0.948,1388.1,350.6,0.96,1286.6,410.5,0.956,1395.4,257.6,0.96,1303.3,364.4,0.972,1405.5,185.4,0.97,1293.9,400.8,0.995,1312.9,361.4,0.995,1267.3,374.2,0.994,1296.3,341.6,0.994,1169.2,347.3,0.977,1197.6,331.6,0.979
3675,147.0,0,0,0,0,0,0,0,0,0,0,0,0,0,0,0,0,0,0,0,0,0,0,0,0,0,0,0,0,0,0,0,0,0,0,0,0,0,0,0,0,0,0,0,0,0,0,0,0,0,0,0
3678,147.12,0,0,0,0,0,0,0,0,0,0,0,0,0,0,0,0,0,0,0,0,0,0,0,0,0,0,0,0,0,0,0,0,0,0,0,0,0,0,0,0,0,0,0,0,0,0,0,0,0,0,0
3681,147.24,0,0,0,0,0,0,0,0,0,0,0,0,0,0,0,0,0,0,0,0,0,0,0,0,0,0,0,0,0,0,0,0,0,0,0,0,0,0,0,0,0,0,0,0,0,0,0,0,0,0,0
3684,147.36,1314.3,433.0,0.0,1315.4,437.0,0.0,1323.1,440.5,0.0,1312.2,446.0,0.0,1331.4,450.9,0.0,1281.3,433.9,0.924,1337.5,434.7,0.899,1254.0,379.6,0.905,1384.7,318.9,0.847,1307.5,307.6,0.91,1397.7,199.1,0.866,1289.1,382.0,0.983,1316.6,383.0,0.978,1319.5,366.6,0.0,1359.7,357.0,0.973,1342.0,303.8,0.971,1375.6,278.5,0.968
3687,147.48,0,0,0,0,0,0,0,0,0,0,0,0,0,0,0,0,0,0,0,0,0,0,0,0,0,0,0,0,0,0,0,0,0,0,0,0,0,0,0,0,0,0,0,0,0,0,0,0,0,0,0
3690,147.6,1306.2,422.6,0.0,1304.4,435.5,0.0,1324.5,431.5,0.0,1305.8,455.0,0.0,1356.7,427.7,0.0,1268.4,433.0,0.967,1385.4,402.9,0.979,1168.6,416.7,0.953,1424.1,307.2,0.981,1087.1,364.5,0.955,1428.5,188.7,0.982,1298.9,363.3,0.996,1357.4,343.3,0.997,1250.9,343.7,0.995,1331.0,308.2,0.996,1268.2,279.7,0.985,1358.9,228.2,0.988
3693,147.72,1311.4,427.5,0.0,1307.9,442.4,0.0,1328.2,432.0,0.0,1302.4,457.8,0.0,1349.0,422.0,0.0,1284.8,428.0,0.893,1370.2,392.0,0.953,1257.8,384.7,0.821,1416.4,300.2,0.0,1285.5,297.3,0.874,1425.1,180.2,0.953,1306.2,350.7,0.973,1350.9,330.1,0.983,1333.6,336.0,0.973,1402.9,319.0,0.983,1343.1,232.1,0.956,1424.6,236.7,0.969
3696,147.84,1306.7,426.0,0.0,1304.4,441.3,0.0,1327.4,434.0,0.0,1298.0,457.2,0.0,1354.4,427.0,0.0,1255.0,423.5,0.94,1374.7,395.7,0.979,1175.0,403.7,0.86,1412.4,287.8,0.978,1137.1,371.2,0.882,1411.8,179.7,0.976,1281.1,338.2,0.957,1340.4,322.7,0.0,1317.2,313.7,0.915,1399.3,294.2,0.957,1325.9,229.4,0.84,1414.2,209.6,0.894
3699,147.96,1321.6,422.1,0.0,1315.2,437.6,0.0,1339.9,427.3,0.0,1298.7,449.2,0.0,1356.2,413.2,0.0,1258.1,423.0,0.961,1378.5,378.2,0.957,1185.2,417.2,0.917,1427.7,294.4,0.936,1141.7,363.8,0.912,1442.8,187.8,0.944,1277.7,333.3,0.968,1338.5,309.5,0.0,1317.0,305.3,0.947,1403.7,287.3,0.951,1320.9,218.2,0.893,1420.9,226.4,0.9
3702,148.08,1310.1,419.7,0.0,1309.5,435.5,0.0,1328.8,421.2,0.0,1312.6,450.7,0.0,1358.0,401.7,0.0,1298.8,442.6,0.944,1395.9,351.7,0.0,1226.2,433.3,0.907,1434.6,263.7,0.961,1164.1,385.1,0.919,1452.0,171.8,0.966,1311.5,352.8,0.98,1359.2,298.9,0.985,1250.0,331.5,0.959,1312.0,292.1,0.97,1171.7,251.7,0.848,1240.9,264.0,0.874
3705,148.2,1309.7,422.3,0.0,1306.5,437.8,0.0,1328.2,426.0,0.0,1305.7,453.7,0.0,1356.7,411.2,0.0,1292.2,433.4,0.951,1391.2,378.6,0.964,1253.6,430.5,0.924,1447.6,292.2,0.963,1248.7,369.0,0.938,1455.8,175.6,0.968,1307.9,354.0,0.989,1358.2,321.7,0.992,1303.5,331.8,0.985,1378.9,305.0,0.988,1295.9,250.4,0.961,1384.0,247.0,0.967
3708,148.32,1303.6,422.9,0.0,1300.8,438.9,0.0,1320.8,430.1,0.0,1298.5,460.7,0.0,1347.3,428.8,0.0,1272.9,418.4,0.989,1386.2,414.0,0.985,1180.2,395.8,0.982,1423.0,334.8,0.981,1090.9,360.8,0.978,1426.9,235.9,0.981,1314.5,330.8,0.998,1370.4,328.0,0.998,1277.9,330.6,0.997,1350.3,316.0,0.0,1238.5,287.0,0.991,1318.4,244.7,0.991
3711,148.44,1295.7,418.6,0.0,1291.6,434.8,0.0,1315.8,429.7,0.0,1289.0,458.1,0.0,1348.1,430.7,0.0,1260.9,424.9,0.981,1384.5,404.0,0.98,1163.3,408.6,0.968,1411.5,308.4,0.0,1073.8,359.0,0.964,1393.5,181.2,0.978,1313.2,344.6,0.994,1375.5,332.0,0.995,1291.6,333.9,0.991,1377.7,304.9,0.992,1267.3,275.1,0.972,1368.5,234.7,0.975
3714,148.56,1298.7,424.0,0.0,1295.8,440.1,0.0,1316.7,432.6,0.0,1296.3,462.9,0.0,1346.3,431.9,0.0,1279.4,426.1,0.977,1386.4,404.2,0.983,1198.2,408.3,0.969,1419.1,304.9,0.0,1101.1,373.1,0.971,1396.4,180.3,0.985,1335.9,337.3,0.997,1389.2,323.4,0.997,1257.2,347.4,0.995,1328.4,315.8,0.996,1182.6,313.5,0.979,1264.7,256.2,0.983
3717,148.68,1304.9,421.0,0.0,1298.0,430.7,0.0,1319.3,437.8,0.0,1284.2,448.3,0.0,1339.0,451.3,0.0,1254.3,407.5,0.97,1374.7,436.4,0.926,1160.6,407.3,0.979,1426.5,361.3,0.944,1090.1,371.9,0.977,1452.2,238.6,0.961,1333.7,361.1,0.999,1391.4,376.5,0.998,1311.8,367.2,0.999,1397.3,326.4,0.998,1327.4,317.8,0.998,1441.4,220.2,0.998
3720,148.8,1318.0,430.0,0.0,1313.2,435.4,0.0,1325.0,439.3,0.0,1293.9,446.7,0.0,1322.9,443.4,0.0,1241.2,412.9,0.96,1337.8,434.9,0.934,1134.7,400.8,0.955,1399.1,403.6,0.939,1033.6,366.8,0.952,1496.9,395.2,0.947,1333.6,334.0,0.0,1378.7,347.1,0.993,1352.2,349.5,0.995,1400.9,348.3,0.994,1374.6,311.6,0.993,1431.6,278.0,0.993
3723,148.92,1307.9,420.8,0.0,1306.9,431.8,0.0,1324.2,430.7,0.0,1299.0,445.8,0.0,1343.2,439.7,0.0,1263.4,418.8,0.971,1377.1,428.1,0.955,1170.6,393.1,0.963,1439.0,298.7,0.938,1077.1,382.1,0.958,1458.5,148.2,0.952,1308.5,354.2,0.986,1362.0,362.0,0.982,1322.3,332.1,0.985,1391.0,305.2,0.98,1271.0,269.4,0.969,1346.6,202.9,0.966
3726,149.04,1320.3,422.7,0.0,1317.9,434.6,0.0,1335.8,431.8,0.0,1305.9,446.8,0.0,1351.2,437.6,0.0,1275.5,417.5,0.969,1387.1,421.0,0.961,1184.6,400.9,0.959,1441.2,294.7,0.95,1089.6,388.6,0.957,1451.1,160.8,0.961,1320.4,350.4,0.985,1372.3,355.3,0.983,1318.8,340.8,0.983,1388.0,316.2,0.981,1243.6,272.8,0.962,1322.5,210.8,0.961
3729,149.16,1303.2,436.4,0.0,1301.1,446.3,0.0,1318.4,447.4,0.0,1298.4,463.1,0.0,1342.2,454.5,0.0,1268.5,424.9,0.949,1382.0,432.3,0.932,1173.0,398.4,0.943,1436.3,313.9,0.933,1093.3,358.2,0.944,1449.7,182.8,0.95,1348.3,335.5,0.0,1401.2,336.4,0.981,1297.6,378.4,0.979,1366.7,331.3,0.977,1268.6,332.3,0.95,1343.7,216.8,0.948
3732,149.28,1302.5,424.6,0.0,1297.2,437.5,0.0,1318.9,437.6,0.0,1284.8,456.2,0.0,1339.4,441.9,0.0,1250.9,420.5,0.932,1373.6,417.6,0.906,1137.7,409.6,0.936,1415.2,314.3,0.919,1023.6,358.5,0.931,1432.1,173.5,0.94,1343.6,354.7,0.983,1402.7,349.5,0.98,1292.3,373.8,0.978,1374.0,320.4,0.975,1283.7,334.7,0.953,1388.2,228.7,0.951
3735,149.4,1340.0,449.9,0.0,1341.2,454.7,0.0,1338.8,444.7,0.0,1348.1,464.9,0.0,1344.3,430.8,0.0,1337.3,448.9,0.996,1355.0,418.1,0.998,1215.4,378.8,0.983,1284.6,342.5,0.994,1079.4,344.9,0.962,1178.4,279.4,0.981,1349.5,354.4,0.999,1363.7,340.3,0.999,1344.9,279.1,0.997,1349.9,279.6,0.998,1362.3,157.8,0.986,1354.4,151.7,0.991
3738,149.52,1342.2,448.0,0.0,1336.7,453.7,0.0,1344.7,450.1,0.0,1332.6,457.7,0.0,1353.7,444.7,0.0,1319.4,445.7,0.983,1381.4,407.5,0.99,1253.7,400.0,0.949,1383.5,332.8,0.966,1169.4,364.3,0.928,1311.8,264.7,0.935,1340.1,342.7,0.0,1372.8,319.7,0.993,1265.1,315.3,0.985,1299.9,289.5,0.987,1241.3,237.7,0.969,1265.2,216.6,0.974
3741,149.64,1304.1,385.6,0.0,1307.5,393.5,0.0,1312.9,385.0,0.0,1311.9,402.3,0.0,1330.6,387.2,0.0,1286.8,405.1,0.959,1321.9,374.3,0.968,1118.8,385.3,0.958,1174.3,367.2,0.957,1018.1,355.1,0.964,1048.0,344.9,0.96,1307.9,351.7,0.993,1327.0,336.4,0.993,1253.3,328.3,0.986,1276.8,321.3,0.985,1249.1,251.1,0.96,1269.6,245.0,0.963
3744,149.76,1331.8,438.6,0.0,1327.8,442.8,0.0,1332.4,440.3,0.0,1334.4,449.3,0.0,1348.7,436.2,0.0,1332.4,431.9,0.982,1400.7,414.9,0.998,1269.7,356.1,0.924,1440.2,365.5,0.993,1247.1,302.0,0.893,1410.0,282.4,0.978,1362.2,324.2,0.996,1397.1,313.7,0.998,1350.5,298.8,0.0,1386.2,280.8,0.994,1367.4,206.9,0.956,1378.2,199.9,0.978
3747,149.88,1238.7,253.2,0.0,1240.5,256.8,0.0,1233.0,256.2,0.0,1257.9,293.5,0.0,1242.8,293.2,0.0,1306.3,329.0,0.995,1238.2,351.0,0.997,1335.5,308.6,0.986,1123.2,381.0,0.995,1324.0,264.0,0.976,1030.8,346.6,0.987,1370.2,387.2,0.999,1352.9,410.6,0.999,1371.1,300.5,0.997,1356.5,372.7,0.997,1420.2,191.2,0.979,1423.4,308.7,0.979
3750,150.0,1347.8,426.8,0.0,1349.0,434.3,0.0,1350.7,426.3,0.0,1355.0,454.5,0.0,1362.7,426.5,0.0,1342.0,444.0,0.993,1361.3,415.3,0.997,1230.8,364.1,0.975,1250.9,366.8,0.991,1152.9,312.5,0.957,1126.6,318.9,0.975,1337.4,381.6,0.999,1352.0,365.8,0.999,1310.6,335.0,0.996,1326.4,331.8,0.997,1315.3,221.1,0.987,1323.8,225.3,0.991
3753,150.12,1352.2,449.4,0.0,1351.7,455.0,0.0,1352.7,449.0,0.0,1351.8,457.5,0.0,1355.4,438.0,0.0,1347.5,447.2,0.99,1356.4,388.4,0.995,1272.9,386.7,0.959,1297.6,311.6,0.984,1162.4,345.5,0.944,1231.1,255.0,0.966,1359.4,353.4,0.996,1367.2,316.9,0.997,1294.1,344.4,0.99,1292.1,301.8,0.993,1250.9,258.5,0.977,1248.5,228.5,0.984
3756,150.24,1334.2,436.4,0.0,1334.6,445.2,0.0,1339.1,441.4,0.0,1347.3,458.1,0.0,1363.0,441.1,0.0,1345.3,446.1,0.988,1384.5,389.2,0.994,1248.9,379.9,0.963,1322.6,316.6,0.981,1156.3,334.7,0.951,1235.1,259.3,0.963,1376.9,357.0,0.995,1397.1,319.8,0.996,1280.5,362.7,0.988,1299.7,312.8,0.99,1262.1,301.6,0.97,1274.7,266.9,0.976
3759,150.36,1347.4,411.3,0.0,1346.1,415.7,0.0,1353.0,412.3,0.0,1348.1,423.3,0.0,1367.9,413.5,0.0,1332.2,421.2,0.989,1371.6,403.1,0.989,1231.5,379.7,0.982,1299.8,382.3,0.974,1185.7,338.6,0.971,1219.3,340.1,0.956,1333.5,383.6,0.999,1353.7,380.0,0.998,1340.6,345.0,0.997,1368.5,380.2,0.996,1343.3,223.0,0.988,1371.3,303.3,0.988
3762,150.48,1349.8,438.3,0.0,1343.0,442.8,0.0,1352.4,443.2,0.0,1340.5,447.2,0.0,1366.7,444.3,0.0,1316.7,435.3,0.986,1411.1,411.7,0.995,1217.2,378.2,0.958,1453.0,335.0,0.983,1162.6,357.3,0.929,1404.1,252.4,0.961,1352.4,326.5,0.995,1396.0,316.9,0.996,1348.4,295.1,0.982,1395.3,289.8,0.987,1365.3,211.4,0.949,1387.2,224.2,0.961
3765,150.6,1344.6,436.4,0.0,1339.6,441.8,0.0,1347.6,441.2,0.0,1340.0,451.1,0.0,1364.2,443.1,0.0,1317.6,439.5,0.991,1404.8,414.3,0.995,1190.7,377.2,0.964,1415.4,344.4,0.973,1116.8,352.5,0.922,1356.5,275.2,0.932,1348.9,341.0,0.996,1388.7,328.3,0.996,1337.1,319.7,0.989,1379.9,306.6,0.99,1368.9,221.8,0.971,1390.1,215.6,0.974
3768,150.72,1344.4,440.8,0.0,1336.4,445.4,0.0,1351.2,448.3,0.0,1334.6,444.8,0.0,1372.1,448.4,0.0,1313.3,428.7,0.985,1392.4,401.3,0.977,1213.0,395.6,0.975,1343.6,351.8,0.936,1128.5,358.8,0.965,1208.3,323.1,0.92,1352.7,339.7,0.0,1390.3,322.8,0.99,1318.4,347.7,0.982,1371.8,327.6,0.0,1333.1,280.7,0.933,1381.9,266.6,0.923
3771,150.84,1337.7,438.9,0.0,1328.5,445.5,0.0,1345.0,445.1,0.0,1330.4,446.3,0.0,1373.9,441.2,0.0,1320.0,437.4,0.967,1437.8,390.3,0.98,1229.3,389.6,0.941,1489.9,316.0,0.947,1160.6,375.9,0.938,1481.6,263.3,0.916,1382.8,346.9,0.984,1433.8,317.4,0.985,1293.9,347.5,0.974,1350.6,306.7,0.975,1274.5,290.0,0.948,1315.7,263.9,0.954
3774,150.96,1278.0,379.3,0.0,1275.2,378.2,0.0,1280.6,379.9,0.0,1291.3,372.2,0.0,1306.9,377.7,0.0,1303.3,380.9,0.969,1364.2,376.1,0.977,1221.7,375.2,0.966,1355.4,369.8,0.96,1153.8,370.5,0.967,1262.4,325.9,0.958,1388.0,349.3,0.992,1417.4,354.3,0.991,1294.5,294.9,0.985,1331.1,327.2,0.984,1317.1,224.9,0.96,1334.6,294.6,0.962
3777,151.08,1321.5,370.2,0.0,1323.1,377.5,0.0,1324.1,370.5,0.0,1325.4,403.8,0.0,1334.1,389.7,0.0,1317.2,420.2,0.978,1334.8,409.3,0.988,1253.3,388.6,0.967,1269.7,418.4,0.981,1181.2,332.1,0.963,1181.7,372.8,0.971,1331.9,387.7,0.998,1348.1,383.1,0.998,1289.5,345.4,0.995,1307.5,359.7,0.996,1278.3,249.9,0.985,1294.6,279.6,0.987
3780,151.2,1339.3,434.5,0.0,1331.4,438.9,0.0,1342.6,438.0,0.0,1328.6,445.9,0.0,1358.9,434.0,0.0,1310.5,443.9,0.993,1406.7,404.3,0.997,1208.7,388.9,0.976,1445.9,336.9,0.985,1155.7,360.4,0.957,1454.2,287.6,0.959,1351.5,368.7,0.998,1395.7,344.5,0.998,1298.3,315.5,0.995,1345.6,291.7,0.996,1297.5,229.5,0.99,1331.7,214.7,0.992
3783,151.32,1353.1,450.8,0.0,1346.0,455.5,0.0,1353.3,451.3,0.0,1339.9,459.8,0.0,1358.9,437.9,0.0,1321.5,441.8,0.994,1389.9,403.1,0.998,1227.0,389.0,0.972,1407.3,337.7,0.99,1163.8,346.5,0.944,1396.7,286.4,0.968,1350.8,345.0,0.0,1383.4,321.3,0.999,1302.9,316.3,0.994,1336.4,291.5,0.996,1292.1,239.3,0.986,1317.4,211.0,0.99
3786,151.44,1335.3,432.7,0.0,1324.4,439.0,0.0,1337.7,437.0,0.0,1314.3,442.0,0.0,1349.0,433.0,0.0,1285.3,420.5,0.986,1393.7,405.7,0.991,1194.0,374.4,0.973,1442.0,352.3,0.976,1147.6,324.7,0.955,1453.8,264.7,0.942,1359.3,318.2,0.995,1411.5,312.4,0.995,1313.1,310.7,0.986,1375.5,315.6,0.985,1362.9,258.8,0.947,1410.1,276.1,0.95
3789,151.56,1320.8,412.3,0.0,1312.2,417.8,0.0,1325.4,416.8,0.0,1307.3,422.3,0.0,1342.6,420.7,0.0,1294.2,422.2,0.973,1392.0,394.9,0.985,1222.7,384.4,0.954,1431.8,336.1,0.964,1159.4,354.6,0.955,1389.6,265.4,0.949,1334.7,349.7,0.993,1380.7,333.4,0.993,1248.3,330.6,0.991,1303.0,309.2,0.991,1244.7,264.2,0.981,1284.7,252.1,0.982
3792,151.68,1321.2,414.1,0.0,1313.6,419.4,0.0,1324.5,415.8,0.0,1306.0,432.2,0.0,1337.4,420.5,0.0,1285.2,442.6,0.986,1388.0,416.6,0.992,1207.5,398.3,0.973,1440.3,392.2,0.973,1159.7,361.7,0.962,1430.9,321.0,0.947,1333.0,376.1,0.997,1383.4,358.5,0.997,1289.9,335.2,0.994,1345.5,312.0,0.994,1290.2,244.8,0.984,1324.4,234.4,0.985
3795,151.8,1249.1,244.9,0.0,1251.1,242.6,0.0,1241.4,246.2,0.0,1263.6,267.0,0.0,1244.3,280.2,0.0,1306.7,309.6,0.982,1247.0,342.5,0.995,1338.4,294.4,0.958,1181.9,382.7,0.991,1347.6,239.4,0.951,1127.4,352.7,0.983,1369.4,375.3,0.997,1350.2,402.1,0.998,1385.3,354.3,0.992,1363.4,396.0,0.995,1417.5,258.9,0.962,1403.9,314.4,0.972
3798,151.92,1329.4,433.5,0.0,1324.1,436.2,0.0,1332.2,433.6,0.0,1326.9,440.5,0.0,1349.2,425.6,0.0,1311.8,437.1,0.99,1398.7,406.2,0.996,1219.6,387.1,0.961,1439.2,340.0,0.982,1143.9,357.1,0.934,1390.4,252.2,0.953,1341.3,355.9,0.995,1381.2,338.7,0.997,1298.7,328.7,0.989,1341.5,307.1,0.992,1303.2,222.4,0.973,1326.1,209.0,0.98
3801,152.04,1336.3,425.3,0.0,1332.1,427.2,0.0,1343.0,429.8,0.0,1335.9,428.7,0.0,1364.4,430.4,0.0,1328.7,431.7,0.989,1384.6,407.0,0.994,1260.2,393.9,0.971,1374.8,369.9,0.98,1200.4,349.8,0.962,1342.3,336.8,0.0,1320.3,387.3,0.997,1347.3,374.1,0.998,1300.3,356.0,0.995,1332.9,357.2,0.996,1283.6,232.0,0.988,1322.6,262.3,0.99
3804,152.16,1336.1,429.4,0.0,1331.8,436.0,0.0,1343.6,431.3,0.0,1335.3,441.8,0.0,1365.4,427.6,0.0,1330.5,439.6,0.973,1398.0,387.3,0.987,1257.3,401.5,0.941,1364.8,325.2,0.964,1178.8,360.0,0.932,1246.8,271.4,0.938,1357.5,356.7,0.993,1390.5,323.3,0.994,1282.7,361.4,0.988,1325.1,318.3,0.989,1238.1,265.0,0.972,1272.1,237.1,0.976
3807,152.28,1359.8,440.6,0.0,1357.2,449.1,0.0,1366.9,439.8,0.0,1352.6,454.0,0.0,1380.2,430.5,0.0,1318.1,437.9,0.979,1394.9,406.6,0.976,1218.6,389.5,0.972,1382.3,366.7,0.946,1150.4,365.2,0.961,1347.6,321.9,0.916,1343.2,348.6,0.995,1380.3,332.5,0.994,1320.3,327.3,0.99,1360.1,327.6,0.988,1329.0,239.6,0.967,1354.5,255.5,0.965
3810,152.4,1315.9,430.2,0.0,1309.1,433.3,0.0,1321.8,438.5,0.0,1319.0,435.0,0.0,1354.6,438.4,0.0,1306.6,429.0,0.985,1416.8,410.3,0.996,1188.2,375.8,0.949,1473.4,366.1,0.98,1116.0,369.0,0.927,1520.4,328.5,0.946,1344.3,349.3,0.987,1393.4,337.0,0.992,1316.8,321.7,0.97,1366.3,304.8,0.98,1350.9,219.6,0.929,1388.8,213.2,0.949
3813,152.52,1303.0,404.6,0.0,1301.2,409.9,0.0,1309.3,406.1,0.0,1311.8,419.7,0.0,1337.5,410.9,0.0,1303.0,426.4,0.967,1401.0,403.8,0.989,1213.9,388.7,0.922,1445.6,372.3,0.964,1136.4,352.7,0.921,1409.3,297.9,0.938,1343.5,353.3,0.979,1389.3,337.0,0.984,1228.5,349.4,0.962,1278.1,321.1,0.969,1204.5,277.6,0.938,1228.5,251.0,0.949
3816,152.64,1329.8,418.4,0.0,1327.8,427.3,0.0,1337.6,418.8,0.0,1339.9,433.8,0.0,1367.6,403.6,0.0,1332.0,419.2,0.969,1414.4,370.3,0.986,1225.9,379.0,0.897,1435.6,315.2,0.945,1122.2,332.9,0.871,1432.6,253.4,0.888,1358.0,341.1,0.959,1396.3,309.0,0.969,1238.2,321.3,0.913,1278.8,281.9,0.936,1211.6,291.1,0.867,1246.7,247.1,0.896
3819,152.76,1338.6,419.8,0.0,1336.3,423.8,0.0,1339.8,419.9,0.0,1340.3,430.8,0.0,1353.3,410.9,0.0,1323.9,418.7,0.995,1392.5,395.4,0.999,1198.1,365.0,0.966,1410.7,330.8,0.992,1088.6,332.1,0.93,1406.1,243.8,0.97,1331.0,341.4,0.997,1363.4,329.5,0.998,1274.5,294.3,0.992,1302.4,287.0,0.996,1272.4,206.1,0.984,1289.6,196.0,0.99
3822,152.88,1330.6,418.3,0.0,1328.4,423.6,0.0,1332.1,420.0,0.0,1337.8,433.6,0.0,1349.8,408.2,0.0,1328.8,415.6,0.995,1387.4,383.4,0.998,1210.4,362.8,0.965,1400.8,325.8,0.986,1121.3,329.3,0.919,1409.1,247.4,0.951,1342.9,336.0,0.996,1372.8,317.6,0.997,1289.8,265.1,0.984,1316.7,253.3,0.99,1283.4,206.5,0.964,1305.9,194.8,0.975
3825,153.0,1343.6,420.7,0.0,1339.9,426.4,0.0,1348.6,425.1,0.0,1344.8,432.8,0.0,1369.6,416.6,0.0,1315.8,423.2,0.99,1404.2,376.8,0.995,1163.6,350.9,0.958,1429.8,339.9,0.977,1057.2,315.2,0.926,1471.0,338.5,0.94,1327.3,345.8,0.988,1365.7,316.3,0.0,1233.2,290.1,0.973,1266.5,273.6,0.981,1221.1,228.9,0.963,1248.4,238.4,0.972
3828,153.12,1335.9,415.0,0.0,1334.5,423.5,0.0,1344.5,415.2,0.0,1335.9,428.8,0.0,1363.3,404.9,0.0,1307.9,418.9,0.985,1378.7,387.5,0.967,1163.4,368.4,0.974,1329.2,351.6,0.896,1061.0,323.1,0.955,1280.9,335.2,0.856,1349.0,355.8,0.99,1384.5,340.7,0.982,1283.7,286.7,0.975,1324.5,296.2,0.96,1282.3,210.5,0.935,1318.6,234.9,0.915
3831,153.24,1301.8,366.2,0.0,1304.3,373.5,0.0,1307.2,365.5,0.0,1316.2,387.9,0.0,1326.7,361.1,0.0,1312.2,392.2,0.983,1325.6,357.6,0.981,1188.8,365.6,0.969,1205.2,353.8,0.956,1073.7,320.5,0.953,1065.4,317.0,0.937,1347.8,369.5,0.993,1359.4,356.0,0.992,1270.2,298.8,0.979,1287.0,331.5,0.977,1272.3,223.5,0.944,1294.9,296.0,0.943
3834,153.36,1260.4,332.0,0.0,1262.3,332.2,0.0,1260.7,332.7,0.0,1276.7,341.7,0.0,1277.3,343.4,0.0,1292.6,366.4,0.985,1293.6,363.3,0.991,1221.4,365.8,0.971,1196.9,365.2,0.98,1125.2,337.2,0.963,1073.4,306.4,0.967,1352.8,363.1,0.996,1361.3,366.6,0.996,1297.8,323.3,0.989,1309.2,335.3,0.989,1299.3,239.7,0.966,1309.8,261.5,0.969
3837,153.48,1343.6,419.5,0.0,1337.9,422.0,0.0,1345.8,423.6,0.0,1336.9,422.5,0.0,1359.0,417.9,0.0,1320.5,405.5,0.997,1394.6,396.5,0.998,1209.0,363.4,0.985,1405.3,360.8,0.986,1143.7,332.1,0.965,1403.6,328.7,0.959,1357.5,333.2,0.999,1392.1,330.9,0.999,1315.0,291.0,0.995,1352.9,310.2,0.0,1316.1,220.3,0.987,1347.3,250.4,0.989
3840,153.6,1349.5,418.1,0.0,1343.2,421.4,0.0,1352.8,421.2,0.0,1336.2,421.2,0.0,1362.4,421.2,0.0,1308.8,415.7,0.989,1399.9,398.5,0.992,1192.7,373.8,0.975,1449.7,368.5,0.973,1121.6,333.7,0.959,1476.4,357.2,0.949,1323.0,337.9,0.996,1363.4,328.9,0.996,1298.1,313.3,0.991,1340.4,319.0,0.99,1302.9,237.2,0.981,1333.3,257.5,0.981
3843,153.72,1323.8,384.8,0.0,1321.8,390.7,0.0,1331.7,388.0,0.0,1330.5,397.3,0.0,1357.6,388.6,0.0,1321.3,391.2,0.979,1385.2,367.2,0.985,1211.3,368.7,0.947,1328.6,343.9,0.953,1111.8,314.7,0.933,1201.7,296.5,0.928,1354.7,331.2,0.985,1386.1,314.4,0.985,1246.2,340.7,0.963,1291.0,314.3,0.962,1223.3,298.8,0.922,1263.8,267.7,0.926
3846,153.84,1246.7,237.1,0.0,1251.1,229.9,0.0,1237.8,238.5,0.0,1274.4,244.2,0.0,1247.8,270.7,0.0,1319.4,292.8,0.959,1262.9,324.9,0.99,1337.5,285.6,0.911,1198.9,356.2,0.982,1310.3,281.6,0.92,1120.6,339.0,0.972,1396.1,362.4,0.988,1375.2,393.7,0.993,1370.2,328.4,0.972,1339.4,395.3,0.982,1408.7,259.7,0.922,1370.1,358.1,0.942
3849,153.96,1341.0,370.7,0.0,1343.8,374.4,0.0,1344.6,368.2,0.0,1352.6,384.1,0.0,1358.0,367.2,0.0,1342.4,391.5,0.988,1361.7,373.7,0.992,1227.2,379.9,0.975,1262.3,378.6,0.98,1144.0,340.5,0.96,1155.0,331.4,0.963,1363.1,349.6,0.997,1377.9,344.9,0.997,1301.9,309.6,0.992,1320.4,335.0,0.992,1299.9,219.8,0.979,1313.9,265.9,0.981
3852,154.08,1334.4,388.2,0.0,1332.8,392.2,0.0,1337.1,384.0,0.0,1339.2,398.8,0.0,1351.9,367.9,0.0,1330.1,389.7,0.995,1376.5,355.0,0.992,1221.8,370.6,0.986,1329.7,324.3,0.966,1163.5,338.0,0.965,1252.8,291.5,0.927,1362.2,352.1,0.999,1383.4,325.2,0.998,1295.5,356.6,0.997,1325.9,296.3,0.996,1303.5,320.0,0.992,1326.0,222.3,0.99
3855,154.2,1353.7,411.1,0.0,1348.4,415.8,0.0,1357.7,413.5,0.0,1345.3,422.0,0.0,1370.4,409.3,0.0,1327.5,407.7,0.995,1387.7,386.1,0.996,1225.6,369.4,0.986,1340.3,353.2,0.983,1204.1,330.2,0.971,1277.5,326.4,0.963,1359.0,332.8,0.999,1388.8,322.9,0.999,1331.1,303.0,0.997,1371.5,313.7,0.997,1338.5,202.1,0.989,1373.6,228.5,0.99
3858,154.32,1339.3,410.8,0.0,1333.5,417.0,0.0,1345.4,413.2,0.0,1334.8,423.5,0.0,1365.8,408.7,0.0,1327.5,412.3,0.972,1395.3,379.3,0.982,1254.4,368.8,0.947,1367.4,325.6,0.96,1216.2,314.8,0.936,1309.4,266.5,0.932,1375.1,338.7,0.991,1409.2,317.2,0.991,1327.1,326.9,0.974,1371.6,294.7,0.977,1319.4,252.9,0.918,1360.3,217.7,0.929
3861,154.44,1324.7,392.1,0.0,1320.6,399.1,0.0,1330.3,391.2,0.0,1324.5,412.5,0.0,1351.8,387.1,0.0,1320.1,412.9,0.97,1396.5,369.5,0.988,1250.4,372.8,0.932,1409.3,318.2,0.97,1203.5,319.7,0.924,1382.7,249.2,0.941,1358.8,356.4,0.99,1395.1,327.2,0.993,1260.8,335.3,0.981,1303.2,297.8,0.986,1236.9,272.8,0.963,1269.7,235.8,0.971
3864,154.56,1333.3,403.9,0.0,1331.4,408.9,0.0,1336.7,403.8,0.0,1337.5,418.5,0.0,1354.0,397.4,0.0,1330.5,409.8,0.989,1384.0,380.9,0.997,1240.5,373.8,0.958,1366.1,325.9,0.988,1201.0,329.1,0.935,1333.1,270.0,0.969,1351.5,346.7,0.997,1377.7,329.5,0.998,1273.3,317.7,0.991,1304.6,302.4,0.994,1267.2,238.0,0.98,1292.0,214.3,0.987
3867,154.68,1338.7,404.6,0.0,1338.2,410.2,0.0,1342.6,405.6,0.0,1345.5,422.4,0.0,1360.2,403.4,0.0,1341.6,416.2,0.988,1377.9,389.7,0.997,1254.2,376.2,0.961,1322.4,348.1,0.99,1208.6,324.0,0.946,1251.7,300.4,0.976,1345.9,360.9,0.998,1366.5,345.4,0.999,1281.8,321.9,0.994,1308.3,314.1,0.997,1276.6,232.3,0.988,1301.4,225.1,0.992
3870,154.8,1333.3,417.6,0.0,1327.8,420.5,0.0,1332.6,418.3,0.0,1331.5,430.8,0.0,1345.3,418.1,0.0,1343.7,428.8,0.956,1379.4,404.0,0.99,1329.4,360.0,0.857,1397.3,319.7,0.972,1315.1,293.9,0.814,1365.8,237.5,0.926,1366.9,371.6,0.994,1386.5,358.1,0.997,1360.8,346.0,0.991,1382.0,336.1,0.995,1378.6,212.3,0.982,1394.9,207.8,0.989
3873,154.92,1315.5,399.1,0.0,1309.4,405.8,0.0,1320.9,404.2,0.0,1313.2,416.4,0.0,1345.7,409.7,0.0,1314.4,408.5,0.954,1385.7,384.3,0.985,1234.7,368.3,0.928,1352.5,321.5,0.0,1177.5,344.7,0.939,1243.7,284.0,0.965,1363.7,348.8,0.99,1396.8,337.6,0.993,1333.9,328.7,0.977,1378.6,325.3,0.985,1360.7,244.5,0.919,1397.4,245.4,0.941
3876,155.04,1325.3,400.4,0.0,1324.6,405.9,0.0,1326.3,402.3,0.0,1335.8,418.1,0.0,1346.4,399.5,0.0,1340.8,404.1,0.991,1385.7,388.2,0.997,1247.2,365.0,0.962,1387.8,340.1,0.989,1163.0,326.7,0.932,1398.0,270.1,0.965,1357.8,340.7,0.998,1379.9,331.3,0.999,1316.0,331.5,0.993,1335.0,318.7,0.996,1310.4,246.8,0.981,1329.2,221.1,0.987
3879,155.16,1314.4,394.1,0.0,1313.6,398.4,0.0,1317.0,396.6,0.0,1326.4,407.2,0.0,1341.6,395.4,0.0,1328.9,401.5,0.991,1391.4,384.0,0.997,1211.8,356.5,0.96,1386.9,331.1,0.989,1131.6,322.1,0.939,1353.3,256.8,0.969,1369.3,348.6,0.997,1396.6,338.7,0.998,1319.2,341.6,0.991,1347.2,324.4,0.0,1333.5,253.1,0.977,1350.3,228.0,0.984
3882,155.28,1281.4,358.8,0.0,1282.5,362.4,0.0,1283.9,362.7,0.0,1301.2,371.5,0.0,1315.1,367.8,0.0,1308.1,383.4,0.992,1381.9,361.9,0.993,1184.9,348.0,0.973,1393.0,321.3,0.969,1122.1,315.9,0.958,1370.9,249.7,0.945,1384.9,356.8,0.994,1416.5,345.7,0.994,1301.5,337.2,0.986,1335.2,323.3,0.985,1335.9,274.9,0.969,1347.4,270.1,0.968
3885,155.4,1295.7,387.6,0.0,1299.5,394.5,0.0,1301.3,392.2,0.0,1321.9,407.1,0.0,1335.6,399.1,0.0,1324.3,404.2,0.971,1385.0,383.0,0.991,1193.9,358.5,0.936,1364.1,329.1,0.979,1110.3,330.9,0.923,1303.5,274.5,0.962,1367.2,346.4,0.988,1394.4,335.2,0.992,1309.5,326.1,0.966,1337.2,305.4,0.977,1333.1,253.7,0.928,1343.8,231.3,0.947
3888,155.52,1326.7,386.4,0.0,1326.2,392.4,0.0,1331.6,387.5,0.0,1333.6,401.4,0.0,1350.4,389.0,0.0,1324.3,400.5,0.959,1378.7,374.6,0.981,1232.5,362.0,0.918,1347.8,341.1,0.959,1149.2,311.5,0.916,1299.1,295.1,0.931,1348.6,347.2,0.98,1376.1,328.5,0.983,1269.3,351.6,0.955,1300.3,318.6,0.963,1247.0,319.6,0.906,1268.3,278.4,0.922
3891,155.64,1316.4,401.2,0.0,1314.2,405.0,0.0,1319.7,402.2,0.0,1323.7,409.6,0.0,1341.2,396.1,0.0,1324.1,401.5,0.991,1385.7,376.3,0.996,1229.9,357.3,0.966,1381.6,318.4,0.985,1187.8,321.9,0.946,1350.9,264.8,0.962,1356.5,346.8,0.998,1383.6,331.7,0.998,1308.6,337.6,0.994,1340.2,316.7,0.996,1308.5,256.5,0.986,1328.5,232.8,0.989
3894,155.76,1252.2,270.7,0.0,1250.0,268.0,0.0,1247.4,276.4,0.0,1258.6,277.0,0.0,1255.3,302.1,0.0,1286.9,290.8,0.966,1268.7,339.5,0.982,1270.1,263.9,0.943,1209.7,350.6,0.969,1261.3,249.4,0.939,1165.9,326.3,0.958,1380.6,338.0,0.991,1377.5,375.7,0.992,1362.3,293.7,0.97,1360.7,343.3,0.974,1408.2,254.9,0.893,1411.1,304.6,0.905
3897,155.88,1183.7,297.9,0.0,1178.3,298.7,0.0,1181.7,303.7,0.0,1191.2,304.5,0.0,1202.9,319.0,0.0,1235.8,299.8,0.955,1251.9,338.4,0.941,1245.9,264.6,0.944,1256.0,347.6,0.896,1235.9,278.1,0.93,1195.3,321.8,0.885,1369.9,319.1,0.0,1378.8,346.6,0.982,1360.3,296.2,0.959,1373.2,329.1,0.946,1407.0,262.2,0.853,1416.3,305.5,0.829
3900,156.0,1236.1,231.2,0.0,1234.4,227.5,0.0,1226.2,233.2,0.0,1242.5,244.3,0.0,1224.0,264.4,0.0,1285.2,280.1,0.956,1237.0,320.9,0.991,1323.1,273.7,0.87,1209.8,360.2,0.984,1334.2,257.2,0.863,1187.2,337.5,0.972,1377.5,342.4,0.99,1362.0,374.0,0.995,1370.5,280.6,0.978,1350.5,331.7,0.989,1417.3,238.6,0.937,1402.6,306.3,0.956
3903,156.12,1342.6,360.4,0.0,1343.6,368.3,0.0,1345.5,361.9,0.0,1344.2,376.3,0.0,1349.8,368.5,0.0,1342.3,355.6,0.936,1329.1,364.5,0.947,1277.2,299.8,0.933,1208.2,348.0,0.947,1276.8,247.5,0.923,1153.2,329.6,0.934,1373.2,323.9,0.99,1374.1,335.0,0.99,1353.5,289.1,0.965,1358.7,319.4,0.0,1358.2,243.9,0.886,1371.6,277.0,0.897
3906,156.24,1335.8,393.1,0.0,1333.2,395.8,0.0,1339.0,396.1,0.0,1339.9,400.8,0.0,1357.9,393.8,0.0,1339.6,401.1,0.989,1395.1,370.5,0.997,1273.9,373.3,0.963,1404.9,311.0,0.992,1225.2,349.4,0.949,1388.6,257.6,0.978,1355.9,338.7,0.998,1383.2,321.9,0.999,1347.0,300.3,0.996,1375.6,281.9,0.998,1335.9,210.5,0.987,1358.6,202.6,0.992
3909,156.36,0,0,0,0,0,0,0,0,0,0,0,0,0,0,0,0,0,0,0,0,0,0,0,0,0,0,0,0,0,0,0,0,0,0,0,0,0,0,0,0,0,0,0,0,0,0,0,0,0,0,0
3912,156.48,1334.7,389.8,0.0,1331.3,392.1,0.0,1336.2,392.6,0.0,1333.6,399.3,0.0,1350.2,403.0,0.0,1330.1,414.8,0.974,1390.0,400.9,0.988,1261.5,397.6,0.953,1435.4,390.3,0.972,1177.4,376.0,0.94,1447.2,332.8,0.952,1347.1,351.6,0.996,1379.3,343.9,0.997,1339.5,294.7,0.994,1367.4,278.1,0.995,1337.8,191.5,0.988,1360.1,189.1,0.99
3915,156.6,1402.3,342.8,0.0,1398.3,344.2,0.0,1405.5,345.0,0.0,1397.1,340.6,0.0,1409.0,345.6,0.0,1398.6,322.4,0.986,1413.7,340.0,0.976,1404.1,243.2,0.972,1430.7,289.5,0.945,1399.5,203.1,0.964,1477.2,272.8,0.931,1400.3,284.4,0.999,1412.3,290.3,0.998,1372.6,280.8,0.999,1415.4,286.5,0.998,1333.7,253.1,0.997,1402.4,253.6,0.997
3918,156.72,1398.1,338.9,0.0,1395.2,339.4,0.0,1403.7,340.2,0.0,1401.5,339.9,0.0,1416.7,341.8,0.0,1412.6,338.1,0.959,1417.6,328.5,0.93,1387.8,291.6,0.965,1380.0,264.7,0.92,1363.3,251.9,0.963,1357.5,256.7,0.924,1400.7,351.6,0.996,1405.5,344.4,0.995,1355.2,267.0,0.995,1370.8,259.1,0.993,1321.4,247.8,0.992,1354.3,249.6,0.99
3921,156.84,1399.7,313.4,0.0,1396.1,310.6,0.0,1407.6,312.1,0.0,1399.7,310.0,0.0,1427.6,313.7,0.0,1408.8,317.2,0.945,1424.5,323.5,0.941,1381.2,282.4,0.946,1412.0,307.0,0.931,1365.8,251.5,0.942,1412.3,323.5,0.916,1385.5,360.2,0.0,1394.7,359.1,0.991,1352.8,255.7,0.988,1358.3,257.4,0.986,1316.3,260.1,0.979,1338.1,268.6,0.978
3924,156.96,1383.1,267.2,0.0,1381.8,265.4,0.0,1390.3,262.9,0.0,1393.3,275.5,0.0,1415.1,269.1,0.0,1414.4,300.2,0.97,1432.4,276.9,0.91,1412.8,270.4,0.979,1393.4,235.0,0.929,1409.7,219.0,0.968,1387.6,217.4,0.914,1378.5,388.7,0.998,1388.9,368.8,0.996,1280.2,325.3,0.994,1288.6,302.2,0.99,1188.4,331.4,0.98,1183.9,315.0,0.975
3927,157.08,1362.3,302.1,0.0,1359.9,297.5,0.0,1366.0,299.3,0.0,1370.0,297.1,0.0,1387.5,300.7,0.0,1389.0,311.4,0.983,1415.4,299.6,0.951,1323.5,276.4,0.985,1393.7,243.6,0.95,1236.5,269.9,0.975,1385.5,222.6,0.936,1352.7,372.8,0.999,1368.4,357.8,0.998,1263.6,310.1,0.997,1302.9,300.2,0.996,1140.6,313.3,0.991,1200.1,314.4,0.989
3930,157.2,1350.7,292.6,0.0,1349.9,289.1,0.0,1357.2,288.1,0.0,1360.7,292.3,0.0,1382.3,287.4,0.0,1376.8,321.2,0.968,1403.4,289.8,0.937,1289.4,304.6,0.966,1375.4,227.6,0.917,1166.6,296.7,0.95,1352.2,208.7,0.906,1371.2,376.4,0.995,1394.5,356.3,0.994,1277.7,302.0,0.989,1370.8,280.7,0.987,1178.0,300.8,0.971,1344.9,289.5,0.97
3933,157.32,1402.9,315.8,0.0,1399.9,314.0,0.0,1409.4,317.2,0.0,1402.4,311.9,0.0,1424.1,320.2,0.0,1396.9,309.8,0.953,1425.5,324.3,0.921,1294.1,263.1,0.963,1407.1,282.8,0.907,1159.2,277.6,0.953,1418.9,246.7,0.905,1361.1,335.7,0.996,1384.9,334.3,0.995,1270.2,277.4,0.994,1374.6,283.8,0.992,1159.4,266.1,0.986,1343.9,267.5,0.985
3936,157.44,1371.9,298.7,0.0,1370.6,299.5,0.0,1377.9,297.3,0.0,1369.2,313.0,0.0,1387.8,305.5,0.0,1354.2,342.7,0.937,1398.8,308.3,0.932,1253.6,333.1,0.947,1412.7,227.8,0.913,1138.3,300.1,0.935,1416.3,186.2,0.899,1373.6,347.1,0.993,1398.2,334.2,0.992,1337.8,276.8,0.0,1393.5,259.4,0.986,1329.6,242.2,0.981,1421.6,230.1,0.981
3939,157.56,1421.6,340.4,0.0,1420.8,343.6,0.0,1426.7,340.6,0.0,1413.0,348.9,0.0,1425.5,342.5,0.0,1387.0,350.6,0.964,1415.1,327.3,0.952,1283.8,319.5,0.951,1392.0,244.7,0.908,1186.0,303.9,0.935,1380.9,205.1,0.895,1368.0,326.2,0.993,1385.9,317.4,0.991,1329.1,276.2,0.988,1395.3,270.2,0.984,1275.8,240.0,0.977,1391.4,238.0,0.974
3942,157.68,1352.6,297.3,0.0,1351.9,294.9,0.0,1358.6,293.1,0.0,1358.5,302.4,0.0,1377.2,294.6,0.0,1358.6,336.2,0.943,1407.9,296.4,0.941,1282.1,336.4,0.925,1414.6,221.8,0.914,1165.4,306.3,0.906,1416.3,178.9,0.891,1379.4,341.8,0.986,1410.2,323.0,0.986,1316.7,290.1,0.968,1386.5,266.6,0.966,1274.5,248.5,0.932,1372.5,232.4,0.938
3945,157.8,1374.6,306.8,0.0,1373.6,305.1,0.0,1381.3,305.5,0.0,1378.1,308.4,0.0,1403.4,307.1,0.0,1385.4,316.7,0.963,1419.4,301.1,0.945,1317.7,290.2,0.952,1418.9,237.9,0.917,1233.3,267.2,0.926,1405.3,208.0,0.879,1363.0,338.7,0.995,1391.6,327.1,0.994,1266.2,302.7,0.986,1369.4,294.8,0.983,1162.8,282.9,0.962,1342.9,281.9,0.96
3948,157.92,1332.0,281.3,0.0,1332.4,279.9,0.0,1339.9,277.6,0.0,1340.7,291.0,0.0,1360.4,281.5,0.0,1335.0,331.3,0.975,1381.9,294.3,0.976,1255.3,353.6,0.959,1422.1,240.1,0.948,1151.0,315.4,0.933,1443.7,170.8,0.917,1382.4,337.3,0.995,1405.2,324.4,0.995,1377.2,282.1,0.99,1403.8,265.0,0.989,1399.2,245.8,0.979,1438.3,229.9,0.98
3951,158.04,1357.2,287.7,0.0,1357.0,288.3,0.0,1365.5,288.4,0.0,1366.2,297.1,0.0,1386.8,294.6,0.0,1368.4,311.3,0.972,1398.9,298.3,0.955,1304.0,294.3,0.966,1391.3,247.3,0.91,1199.0,285.0,0.949,1393.5,200.2,0.893,1397.3,313.7,0.996,1414.8,306.6,0.994,1362.9,252.2,0.992,1398.0,243.3,0.989,1372.6,219.4,0.985,1425.0,205.6,0.984
3954,158.16,1412.8,331.6,0.0,1410.7,333.7,0.0,1417.1,332.5,0.0,1407.6,335.0,0.0,1421.5,333.5,0.0,1394.9,333.9,0.983,1421.1,324.3,0.979,1307.5,301.2,0.969,1407.2,271.7,0.954,1187.8,287.7,0.956,1423.1,232.4,0.94,1376.9,303.2,0.998,1399.3,295.5,0.998,1311.8,271.1,0.997,1408.3,263.5,0.997,1234.3,230.7,0.994,1398.4,221.9,0.994
3957,158.28,1412.5,319.0,0.0,1409.5,319.7,0.0,1414.8,316.5,0.0,1407.4,321.8,0.0,1417.0,317.5,0.0,1406.7,327.7,0.983,1420.3,310.8,0.974,1361.6,322.5,0.969,1376.0,305.0,0.956,1308.6,245.6,0.953,1373.2,280.1,0.937,1368.5,320.9,0.998,1376.7,306.6,0.997,1296.6,282.9,0.995,1314.5,263.5,0.994,1208.6,243.3,0.989,1223.7,232.7,0.988
3960,158.4,1321.1,373.7,0.0,1316.6,380.5,0.0,1324.4,377.8,0.0,1322.9,389.8,0.0,1347.0,378.5,0.0,1319.1,381.4,0.972,1393.0,346.4,0.981,1208.0,351.5,0.949,1373.2,304.2,0.957,1122.2,322.1,0.94,1282.3,252.7,0.942,1389.1,299.9,0.985,1423.8,280.0,0.986,1317.5,287.5,0.96,1359.5,266.4,0.962,1337.3,238.5,0.883,1366.0,228.5,0.893
3963,158.52,1317.5,377.7,0.0,1316.6,383.3,0.0,1317.7,379.7,0.0,1326.2,394.0,0.0,1334.4,376.6,0.0,1325.1,386.5,0.978,1375.7,352.7,0.0,1230.1,361.8,0.935,1399.8,327.9,0.985,1135.4,344.8,0.903,1438.7,285.8,0.958,1347.1,302.3,0.0,1372.6,281.5,0.996,1300.5,272.1,0.974,1317.2,247.2,0.986,1279.3,219.9,0.945,1290.8,204.0,0.965
3966,158.64,1501.0,2.9,0.0,1488.6,3.4,0.0,1489.5,7.7,0.0,1487.8,2.6,0.0,1491.9,7.6,0.0,1517.2,0.0,0.039,1516.1,0.0,0.025,1511.9,0.0,0.401,1503.3,0.0,0.29,1515.6,60.4,0.598,1512.9,60.6,0.521,1650.4,18.4,0.2,1645.9,22.6,0.17,1613.9,32.1,0.088,1610.5,28.8,0.069,1614.3,67.2,0.039,1609.3,64.0,0.033
3969,158.76,0,0,0,0,0,0,0,0,0,0,0,0,0,0,0,0,0,0,0,0,0,0,0,0,0,0,0,0,0,0,0,0,0,0,0,0,0,0,0,0,0,0,0,0,0,0,0,0,0,0,0
3972,158.88,1302.4,379.1,0.0,1295.7,381.4,0.0,1303.3,383.8,0.0,1295.9,383.6,0.0,1317.9,386.6,0.0,1289.0,375.9,0.99,1356.8,373.6,0.987,1188.3,342.9,0.983,1379.9,363.7,0.962,1130.0,303.2,0.966,1377.5,349.6,0.939,1334.7,318.6,0.997,1366.6,319.1,0.996,1320.9,268.7,0.992,1357.2,278.2,0.989,1336.0,205.1,0.976,1368.9,225.3,0.973
3975,159.0,0,0,0,0,0,0,0,0,0,0,0,0,0,0,0,0,0,0,0,0,0,0,0,0,0,0,0,0,0,0,0,0,0,0,0,0,0,0,0,0,0,0,0,0,0,0,0,0,0,0,0
3978,159.12,1303.8,361.2,0.0,1302.0,363.6,0.0,1307.6,363.8,0.0,1304.4,369.9,0.0,1320.5,373.1,0.0,1297.0,386.0,0.927,1331.6,364.5,0.963,1211.1,362.6,0.909,1260.7,316.6,0.949,1147.5,311.8,0.919,1167.7,268.0,0.937,1319.2,358.7,0.987,1339.6,348.1,0.989,1315.3,325.9,0.972,1343.6,309.2,0.976,1310.9,263.3,0.922,1336.8,247.4,0.933
3981,159.24,0,0,0,0,0,0,0,0,0,0,0,0,0,0,0,0,0,0,0,0,0,0,0,0,0,0,0,0,0,0,0,0,0,0,0,0,0,0,0,0,0,0,0,0,0,0,0,0,0,0,0
3984,159.36,1491.5,6.2,0.0,1480.3,7.9,0.0,1480.9,10.3,0.0,1477.0,9.1,0.0,1479.3,13.1,0.0,1494.2,0.0,0.013,1493.3,1.5,0.009,1485.9,0.0,0.23,1480.7,1.8,0.175,1502.5,48.8,0.413,1502.1,47.6,0.365,1607.3,16.3,0.126,1603.8,24.6,0.111,1592.4,35.7,0.065,1589.5,36.5,0.053,1605.7,66.6,0.033,1602.2,67.1,0.029
3987,159.48,0,0,0,0,0,0,0,0,0,0,0,0,0,0,0,0,0,0,0,0,0,0,0,0,0,0,0,0,0,0,0,0,0,0,0,0,0,0,0,0,0,0,0,0,0,0,0,0,0,0,0
3990,159.6,1230.9,250.3,0.0,1240.6,255.2,0.0,1231.9,251.2,0.0,1271.4,283.2,0.0,1263.5,273.0,0.0,1309.2,321.1,0.979,1301.5,303.7,0.984,1270.1,353.0,0.939,1246.8,329.4,0.944,1168.9,326.3,0.936,1129.6,315.0,0.927,1314.1,353.5,0.987,1312.9,342.9,0.986,1258.7,368.1,0.977,1257.9,362.9,0.973,1236.8,357.6,0.959,1229.8,348.5,0.954
3993,159.72,1456.0,21.3,0.0,1443.1,21.3,0.0,1443.2,24.9,0.0,1440.7,19.8,0.0,1441.4,24.5,0.0,1468.5,5.8,0.04,1464.8,4.5,0.017,1471.0,0.0,0.445,1462.3,0.0,0.196,1504.2,56.0,0.604,1503.3,55.2,0.401,1617.4,26.8,0.169,1611.7,30.5,0.117,1596.0,47.3,0.064,1591.5,46.2,0.04,1612.1,68.0,0.025,1606.2,69.9,0.017
3996,159.84,1469.5,16.2,0.0,1457.0,16.5,0.0,1457.3,19.6,0.0,1454.3,15.4,0.0,1455.7,18.9,0.0,1479.2,1.2,0.049,1476.2,0.0,0.02,1475.3,0.0,0.478,1466.8,0.0,0.215,1505.2,57.2,0.636,1504.0,56.4,0.431,1617.9,26.0,0.199,1612.3,29.2,0.139,1595.1,46.2,0.076,1590.6,45.0,0.047,1610.2,71.0,0.029,1604.6,73.0,0.02
3999,159.96,1464.9,15.8,0.0,1451.9,16.6,0.0,1452.5,19.8,0.0,1449.0,16.0,0.0,1451.4,19.9,0.0,1475.0,1.1,0.04,1473.1,0.2,0.018,1472.8,0.0,0.441,1466.1,0.0,0.208,1504.9,57.3,0.613,1504.8,57.2,0.427,1614.2,24.9,0.178,1609.2,28.7,0.126,1583.7,41.3,0.077,1579.9,41.3,0.049,1601.5,68.8,0.034,1596.7,70.9,0.024
4002,160.08,0,0,0,0,0,0,0,0,0,0,0,0,0,0,0,0,0,0,0,0,0,0,0,0,0,0,0,0,0,0,0,0,0,0,0,0,0,0,0,0,0,0,0,0,0,0,0,0,0,0,0
4005,160.2,1313.7,370.9,0.0,1317.9,378.8,0.0,1311.2,378.5,0.0,1348.4,393.7,0.0,1324.8,389.7,0.0,1377.8,384.7,0.876,1357.7,370.0,0.987,1393.1,334.7,0.531,1367.8,304.0,0.965,1377.4,299.7,0.431,1343.4,254.1,0.873,1404.8,299.0,0.981,1390.7,290.4,0.994,1377.4,216.7,0.962,1367.7,206.1,0.987,1378.1,135.1,0.908,1369.0,123.6,0.95
4008,160.32,1311.5,370.6,0.0,1314.7,379.0,0.0,1309.7,378.6,0.0,1342.9,394.2,0.0,1323.2,390.7,0.0,1372.8,384.1,0.876,1355.3,370.6,0.986,1382.5,332.6,0.487,1372.3,303.1,0.954,1357.6,295.6,0.38,1354.4,252.8,0.841,1406.5,296.2,0.973,1392.6,288.2,0.991,1375.9,215.1,0.951,1363.4,205.1,0.982,1383.5,133.7,0.893,1373.3,122.4,0.939
4011,160.44,1303.9,372.5,0.0,1307.0,380.1,0.0,1303.1,379.7,0.0,1327.8,392.6,0.0,1316.1,389.7,0.0,1350.4,380.1,0.877,1351.4,369.9,0.989,1346.2,332.4,0.601,1368.2,301.0,0.978,1326.5,313.5,0.0,1346.4,258.9,0.937,1400.0,313.2,0.985,1400.0,308.6,0.995,1378.0,218.7,0.975,1378.7,212.1,0.992,1382.5,145.1,0.927,1389.7,135.5,0.961
4014,160.56,1302.9,388.7,0.0,1304.3,396.6,0.0,1303.8,395.6,0.0,1325.2,402.6,0.0,1316.3,397.7,0.0,1348.9,378.3,0.916,1346.3,366.8,0.991,1360.3,329.3,0.64,1372.2,300.1,0.971,1341.1,305.2,0.579,1364.0,256.2,0.912,1394.0,310.3,0.981,1390.1,305.1,0.993,1384.5,227.7,0.961,1378.1,218.5,0.985,1397.5,168.1,0.89,1390.9,153.3,0.936
4017,160.68,1298.2,384.5,0.0,1300.3,393.0,0.0,1299.9,390.8,0.0,1327.5,400.8,0.0,1312.0,394.9,0.0,1351.6,382.2,0.956,1339.2,371.6,0.993,1348.0,327.2,0.649,1341.8,312.2,0.974,1319.5,297.6,0.596,1323.9,286.3,0.915,1399.1,301.5,0.968,1391.9,296.8,0.985,1381.6,218.4,0.831,1371.7,214.2,0.926,1386.2,162.9,0.0,1381.8,152.4,0.668
4020,160.8,1303.0,371.0,0.0,1306.6,380.0,0.0,1303.9,379.5,0.0,1331.5,396.3,0.0,1316.3,392.0,0.0,1359.8,383.8,0.855,1340.7,373.4,0.988,1350.1,332.4,0.433,1348.1,301.5,0.963,1312.4,317.4,0.388,1318.6,272.7,0.0,1405.8,291.6,0.918,1391.9,287.6,0.975,1396.4,212.9,0.794,1375.8,206.6,0.928,1396.0,160.7,0.0,1382.7,149.5,0.728
4023,160.92,1295.9,387.8,0.0,1298.5,396.7,0.0,1297.5,396.4,0.0,1323.8,405.0,0.0,1314.8,403.3,0.0,1353.6,381.6,0.851,1341.8,379.1,0.989,1343.6,324.5,0.458,1350.6,310.0,0.973,1314.1,321.1,0.432,1320.8,291.6,0.916,1394.2,287.9,0.951,1387.4,286.5,0.987,1376.1,206.4,0.887,1372.7,204.1,0.965,1372.7,149.4,0.727,1390.2,141.2,0.845
4026,161.04,1301.5,371.8,0.0,1305.1,380.6,0.0,1301.7,380.6,0.0,1327.1,398.4,0.0,1312.5,395.4,0.0,1352.8,386.5,0.82,1340.5,377.5,0.983,1351.6,321.6,0.428,1361.1,291.2,0.957,1320.3,267.9,0.376,1349.7,212.8,0.866,1398.1,286.9,0.886,1389.5,283.1,0.964,1378.4,195.0,0.686,1373.2,189.3,0.876,1378.0,141.1,0.409,1384.9,130.5,0.574
4029,161.16,1304.0,372.1,0.0,1307.9,379.5,0.0,1302.5,379.9,0.0,1326.4,397.4,0.0,1310.7,395.3,0.0,1344.6,388.0,0.829,1341.0,380.9,0.985,1350.6,326.0,0.527,1362.3,306.6,0.975,1325.2,272.3,0.499,1346.9,234.0,0.921,1383.4,297.8,0.939,1381.7,294.3,0.983,1355.1,209.9,0.798,1366.9,204.2,0.934,1363.8,156.5,0.53,1385.2,146.5,0.708
4032,161.28,1299.0,379.7,0.0,1304.8,389.8,0.0,1298.1,388.3,0.0,1335.4,407.7,0.0,1308.5,400.7,0.0,1354.5,393.7,0.0,1336.6,379.3,0.983,1353.0,329.0,0.485,1344.8,299.6,0.966,1315.3,299.3,0.394,1318.5,261.4,0.878,1396.3,272.0,0.903,1383.6,265.6,0.97,1373.2,184.3,0.549,1362.5,173.1,0.806,1391.0,141.8,0.212,1381.3,123.2,0.351
4035,161.4,1294.6,380.7,0.0,1299.0,390.1,0.0,1295.7,388.9,0.0,1325.0,404.3,0.0,1309.8,399.1,0.0,1348.5,386.2,0.832,1333.8,375.3,0.985,1337.5,332.0,0.428,1339.5,306.0,0.965,1305.4,308.1,0.385,1316.1,270.9,0.89,1389.1,277.6,0.923,1378.6,273.5,0.978,1374.6,198.0,0.785,1365.0,191.5,0.93,1376.2,143.9,0.544,1375.9,131.9,0.714
4038,161.52,1293.6,379.2,0.0,1296.7,387.9,0.0,1293.1,388.0,0.0,1321.3,399.3,0.0,1305.9,399.4,0.0,1344.6,379.9,0.848,1335.4,381.7,0.986,1333.2,321.7,0.488,1341.6,318.9,0.97,1287.7,286.9,0.414,1317.0,274.7,0.0,1384.1,274.1,0.93,1379.3,274.2,0.979,1368.5,182.2,0.717,1372.7,180.5,0.894,1371.6,134.5,0.395,1390.1,126.2,0.562
4041,161.64,1295.5,366.8,0.0,1298.5,374.9,0.0,1295.2,375.2,0.0,1320.9,389.8,0.0,1306.5,389.3,0.0,1347.0,376.6,0.83,1333.4,373.7,0.989,1336.4,327.1,0.385,1341.0,312.3,0.969,1306.2,287.9,0.343,1326.9,263.0,0.894,1387.9,280.1,0.945,1378.5,279.3,0.986,1375.4,189.0,0.879,1368.2,187.2,0.966,1370.6,125.2,0.731,1372.3,120.6,0.857
4044,161.76,1295.5,367.6,0.0,1298.3,375.8,0.0,1296.1,375.6,0.0,1317.2,391.4,0.0,1305.5,388.9,0.0,1340.0,379.6,0.877,1332.7,371.0,0.993,1324.5,338.8,0.48,1348.2,301.4,0.978,1289.3,315.9,0.442,1339.2,243.5,0.919,1389.6,293.2,0.966,1383.5,290.3,0.991,1373.3,203.2,0.926,1368.0,199.0,0.98,1368.8,140.9,0.818,1373.0,131.2,0.909
4047,161.88,1293.5,371.0,0.0,1294.9,377.0,0.0,1293.0,378.3,0.0,1307.0,390.3,0.0,1302.3,391.3,0.0,1327.8,379.8,0.908,1335.5,379.8,0.992,1333.4,327.1,0.756,1344.7,320.8,0.988,1313.3,279.0,0.779,1327.3,270.7,0.971,1376.2,310.4,0.987,1383.0,310.5,0.996,1362.5,221.1,0.966,1375.4,218.3,0.989,1360.8,162.3,0.881,1376.9,156.9,0.0
4050,162.0,1314.0,298.0,0.0,1311.5,296.3,0.0,1323.3,293.9,0.0,1312.7,304.5,0.0,1345.2,295.9,0.0,1302.7,339.2,0.944,1373.3,305.9,0.939,1230.4,347.5,0.927,1387.8,243.7,0.899,1153.9,333.8,0.907,1373.7,201.4,0.88,1340.1,368.1,0.0,1387.1,355.2,0.974,1288.7,284.4,0.946,1377.0,269.9,0.937,1268.8,259.9,0.887,1398.5,246.9,0.888
4053,162.12,1313.1,298.0,0.0,1312.6,295.7,0.0,1321.6,292.8,0.0,1315.7,306.9,0.0,1347.3,297.3,0.0,1300.4,347.5,0.958,1380.5,310.8,0.94,1221.2,348.4,0.927,1376.2,249.1,0.879,1157.2,331.9,0.895,1360.0,214.5,0.848,1305.1,377.1,0.979,1361.9,360.0,0.975,1234.2,323.0,0.949,1350.0,306.1,0.938,1163.9,305.6,0.875,1320.8,295.2,0.87
4056,162.24,1317.5,293.1,0.0,1316.6,290.4,0.0,1322.4,289.9,0.0,1319.6,301.5,0.0,1345.1,298.1,0.0,1328.3,336.0,0.964,1376.5,313.4,0.965,1303.2,320.4,0.909,1385.8,255.6,0.912,1269.4,267.1,0.867,1368.2,204.6,0.856,1317.9,373.9,0.986,1359.4,360.3,0.987,1229.7,309.7,0.97,1344.2,296.3,0.97,1140.0,287.8,0.936,1320.0,282.8,0.942
4059,162.36,1318.0,296.4,0.0,1317.8,295.9,0.0,1322.3,295.1,0.0,1324.1,310.6,0.0,1336.8,306.0,0.0,1332.1,350.7,0.961,1362.5,312.7,0.958,1265.4,361.9,0.941,1374.1,244.2,0.928,1171.5,322.3,0.924,1365.5,198.5,0.904,1339.9,360.8,0.993,1363.6,342.9,0.992,1268.4,288.4,0.987,1352.2,268.5,0.985,1214.3,244.5,0.973,1358.3,238.1,0.975
4062,162.48,1329.7,294.2,0.0,1330.8,293.4,0.0,1337.3,292.5,0.0,1345.4,308.4,0.0,1359.6,302.8,0.0,1361.9,337.9,0.931,1378.0,313.0,0.854,1342.8,327.1,0.932,1364.4,261.2,0.821,1293.8,265.7,0.912,1361.2,216.8,0.794,1354.6,372.9,0.987,1367.3,356.6,0.98,1250.9,343.8,0.966,1303.9,323.8,0.947,1189.4,302.7,0.919,1271.8,285.8,0.902
4065,162.6,1331.2,276.2,0.0,1331.7,274.9,0.0,1339.9,274.2,0.0,1344.6,290.1,0.0,1364.0,285.0,0.0,1356.7,331.7,0.948,1382.6,301.4,0.937,1280.4,344.6,0.937,1378.1,251.6,0.902,1158.6,322.2,0.92,1370.6,223.0,0.882,1364.1,374.3,0.988,1384.7,356.5,0.986,1253.5,318.6,0.968,1342.8,298.7,0.962,1201.7,297.5,0.911,1361.2,282.7,0.911
4068,162.72,1318.8,288.7,0.0,1320.7,288.3,0.0,1327.8,286.1,0.0,1329.1,302.6,0.0,1354.5,293.0,0.0,1327.5,333.5,0.976,1368.7,302.8,0.965,1245.7,345.5,0.97,1378.5,260.8,0.929,1145.4,320.2,0.951,1371.4,232.2,0.902,1351.3,377.3,0.995,1382.6,364.3,0.994,1302.3,308.1,0.989,1391.6,288.5,0.986,1273.6,294.1,0.978,1435.8,274.9,0.977
4071,162.84,1223.0,298.4,0.0,1221.4,293.1,0.0,1229.5,291.5,0.0,1228.0,294.2,0.0,1251.5,284.3,0.0,1252.8,323.5,0.99,1285.8,289.5,0.939,1218.7,369.0,0.989,1337.6,273.7,0.841,1124.3,324.9,0.973,1338.3,229.7,0.827,1364.1,377.2,0.996,1379.9,369.0,0.989,1377.2,318.9,0.988,1392.3,297.4,0.971,1451.4,312.7,0.97,1491.3,289.6,0.952
4074,162.96,1220.0,290.2,0.0,1218.6,284.8,0.0,1226.8,283.2,0.0,1226.3,285.4,0.0,1252.4,277.3,0.0,1245.9,315.6,0.991,1299.1,292.1,0.958,1201.1,342.2,0.986,1348.5,280.2,0.861,1114.8,316.8,0.96,1337.5,225.2,0.823,1371.3,379.2,0.995,1399.8,372.2,0.989,1354.6,294.1,0.984,1383.7,278.7,0.967,1426.4,268.4,0.958,1472.7,248.4,0.941
4077,163.08,1316.7,307.9,0.0,1315.1,307.5,0.0,1325.9,304.2,0.0,1318.3,318.3,0.0,1346.6,307.5,0.0,1311.8,352.1,0.951,1374.6,316.5,0.944,1226.8,355.3,0.932,1394.2,256.0,0.893,1110.7,327.8,0.908,1377.7,219.9,0.87,1354.0,358.2,0.0,1395.2,342.2,0.979,1275.8,305.5,0.956,1366.1,284.4,0.947,1262.5,275.0,0.893,1402.6,254.6,0.891
4080,163.2,1319.1,307.5,0.0,1323.4,306.1,0.0,1325.7,304.3,0.0,1340.6,316.6,0.0,1344.8,309.0,0.0,1358.3,345.7,0.976,1356.1,329.7,0.979,1331.2,329.3,0.947,1328.9,278.3,0.941,1238.3,271.7,0.938,1267.1,216.3,0.925,1366.6,358.8,0.99,1368.4,347.0,0.99,1302.7,320.7,0.974,1329.9,302.7,0.974,1266.0,272.6,0.935,1331.8,246.7,0.941
4083,163.32,1324.5,303.8,0.0,1322.0,303.6,0.0,1330.4,299.5,0.0,1318.8,315.9,0.0,1346.3,305.9,0.0,1311.8,351.5,0.98,1378.4,326.6,0.974,1220.6,342.1,0.958,1401.0,274.1,0.936,1078.9,310.7,0.929,1390.9,222.0,0.908,1333.3,358.6,0.994,1385.4,345.7,0.993,1245.4,330.2,0.982,1407.9,313.1,0.98,1142.0,285.2,0.94,1400.6,263.2,0.941
4086,163.44,1260.3,264.3,0.0,1253.3,264.8,0.0,1271.7,259.8,0.0,1244.5,287.8,0.0,1303.9,275.2,0.0,1252.7,336.4,0.971,1339.5,308.9,0.959,1179.3,350.4,0.953,1385.3,279.3,0.912,1078.2,316.2,0.897,1369.5,218.2,0.852,1324.6,373.9,0.0,1387.5,361.8,0.987,1243.3,295.8,0.957,1379.4,279.3,0.951,1203.4,291.0,0.861,1428.1,266.6,0.864
4089,163.56,1316.1,294.9,0.0,1312.7,294.8,0.0,1320.5,289.1,0.0,1307.3,308.2,0.0,1339.6,296.3,0.0,1314.4,349.8,0.99,1368.0,313.1,0.989,1253.6,343.7,0.97,1372.1,266.0,0.971,1161.5,288.5,0.947,1357.1,217.4,0.949,1304.6,379.9,0.998,1356.1,359.0,0.998,1206.5,298.7,0.995,1380.2,272.2,0.995,1072.7,276.4,0.985,1361.1,257.0,0.988
4092,163.68,1316.1,298.4,0.0,1315.2,296.3,0.0,1321.5,293.4,0.0,1317.8,310.3,0.0,1346.7,301.7,0.0,1324.0,351.5,0.979,1391.2,317.4,0.972,1268.4,366.3,0.942,1405.2,275.2,0.925,1185.1,331.8,0.898,1371.6,216.7,0.877,1312.2,379.3,0.993,1367.7,358.0,0.993,1199.1,320.6,0.986,1345.0,297.8,0.985,1057.8,302.5,0.966,1281.0,283.6,0.968
4095,163.8,1304.4,325.6,0.0,1307.2,322.0,0.0,1303.8,331.4,0.0,1310.1,328.2,0.0,1298.8,349.8,0.0,1319.2,324.6,0.969,1289.8,367.1,0.957,1363.8,260.3,0.959,1291.7,342.2,0.904,1378.4,228.6,0.96,1251.6,302.5,0.908,1371.8,355.8,0.992,1361.0,382.8,0.99,1320.3,328.1,0.992,1307.0,345.2,0.989,1252.0,318.2,0.972,1240.2,334.1,0.969
4098,163.92,0,0,0,0,0,0,0,0,0,0,0,0,0,0,0,0,0,0,0,0,0,0,0,0,0,0,0,0,0,0,0,0,0,0,0,0,0,0,0,0,0,0,0,0,0,0,0,0,0,0,0
4101,164.04,0,0,0,0,0,0,0,0,0,0,0,0,0,0,0,0,0,0,0,0,0,0,0,0,0,0,0,0,0,0,0,0,0,0,0,0,0,0,0,0,0,0,0,0,0,0,0,0,0,0,0
4104,164.16,0,0,0,0,0,0,0,0,0,0,0,0,0,0,0,0,0,0,0,0,0,0,0,0,0,0,0,0,0,0,0,0,0,0,0,0,0,0,0,0,0,0,0,0,0,0,0,0,0,0,0
4107,164.28,0,0,0,0,0,0,0,0,0,0,0,0,0,0,0,0,0,0,0,0,0,0,0,0,0,0,0,0,0,0,0,0,0,0,0,0,0,0,0,0,0,0,0,0,0,0,0,0,0,0,0
4110,164.4,0,0,0,0,0,0,0,0,0,0,0,0,0,0,0,0,0,0,0,0,0,0,0,0,0,0,0,0,0,0,0,0,0,0,0,0,0,0,0,0,0,0,0,0,0,0,0,0,0,0,0
4113,164.52,1478.2,317.9,0.0,1484.8,325.4,0.0,1486.4,317.2,0.0,1472.3,346.1,0.0,1475.2,322.8,0.0,1425.6,367.6,0.976,1423.7,307.4,0.839,1394.0,387.2,0.984,1353.7,267.9,0.778,1459.4,380.4,0.981,1346.2,254.9,0.851,1318.0,358.1,0.998,1319.0,323.2,0.0,1218.6,350.0,0.998,1226.5,343.4,0.995,1117.9,337.0,0.989,1127.1,349.9,0.98
4116,164.64,1297.1,282.4,0.0,1300.9,277.8,0.0,1301.9,287.5,0.0,1315.6,296.6,0.0,1317.8,309.6,0.0,1323.7,350.2,0.954,1330.9,331.0,0.871,1309.1,405.5,0.957,1331.4,345.5,0.848,1343.6,392.2,0.965,1396.0,316.2,0.907,1337.7,382.0,0.0,1344.3,371.9,0.989,1204.4,358.3,0.992,1214.6,358.1,0.987,1092.8,329.3,0.948,1112.9,344.4,0.936
4119,164.76,1268.0,341.1,0.0,1273.7,338.5,0.0,1272.6,342.7,0.0,1293.7,352.4,0.0,1288.9,353.1,0.0,1312.0,373.1,0.928,1304.1,367.9,0.913,1347.3,399.8,0.918,1340.1,377.7,0.0,1421.5,399.0,0.951,1436.7,369.0,0.927,1364.8,370.1,0.0,1364.2,369.5,0.0,1235.5,348.2,0.992,1231.9,361.9,0.991,1145.5,335.0,0.964,1145.1,358.9,0.964
4122,164.88,0,0,0,0,0,0,0,0,0,0,0,0,0,0,0,0,0,0,0,0,0,0,0,0,0,0,0,0,0,0,0,0,0,0,0,0,0,0,0,0,0,0,0,0,0,0,0,0,0,0,0
4125,165.0,0,0,0,0,0,0,0,0,0,0,0,0,0,0,0,0,0,0,0,0,0,0,0,0,0,0,0,0,0,0,0,0,0,0,0,0,0,0,0,0,0,0,0,0,0,0,0,0,0,0,0
4128,165.12,0,0,0,0,0,0,0,0,0,0,0,0,0,0,0,0,0,0,0,0,0,0,0,0,0,0,0,0,0,0,0,0,0,0,0,0,0,0,0,0,0,0,0,0,0,0,0,0,0,0,0
4131,165.24,1432.3,345.3,0.0,1437.5,352.0,0.0,1440.7,347.3,0.0,1429.4,373.1,0.0,1436.4,358.7,0.0,1375.7,396.4,0.988,1401.9,343.0,0.972,1325.5,413.8,0.969,1399.7,259.1,0.891,1295.1,393.1,0.953,1390.5,189.8,0.88,1296.8,379.0,0.998,1312.9,347.4,0.997,1221.6,346.4,0.998,1245.9,301.2,0.996,1132.5,346.3,0.992,1162.0,289.7,0.99
4134,165.36,1213.6,252.8,0.0,1213.6,253.7,0.0,1220.3,257.8,0.0,1218.6,275.4,0.0,1238.2,270.3,0.0,1201.2,312.8,0.941,1269.2,318.1,0.932,1150.2,343.9,0.885,1333.3,298.3,0.897,1107.3,307.6,0.904,1387.1,192.2,0.927,1339.3,371.1,0.959,1372.9,375.4,0.964,1288.9,360.2,0.951,1334.9,351.1,0.957,1331.8,333.1,0.904,1379.9,302.5,0.92
4137,165.48,1212.8,255.0,0.0,1216.7,256.0,0.0,1217.5,256.3,0.0,1235.5,282.8,0.0,1238.0,269.0,0.0,1248.6,325.3,0.958,1268.1,302.9,0.847,1190.8,359.0,0.932,1256.6,328.9,0.692,1093.7,335.5,0.915,1260.4,311.9,0.762,1350.9,367.3,0.94,1362.6,350.3,0.892,1318.4,363.1,0.915,1329.6,324.3,0.857,1322.1,368.3,0.845,1338.6,326.8,0.799
4140,165.6,1361.1,224.7,0.0,1361.0,222.5,0.0,1366.4,221.2,0.0,1366.4,238.8,0.0,1387.2,236.4,0.0,1376.8,275.7,0.967,1393.4,275.3,0.944,1372.4,255.1,0.946,1380.6,269.3,0.894,1358.0,196.3,0.924,1365.5,229.0,0.864,1358.0,374.7,0.0,1380.4,368.9,0.987,1285.0,287.7,0.979,1377.7,280.2,0.974,1211.4,299.5,0.961,1376.6,289.1,0.958
4143,165.72,1346.4,301.1,0.0,1346.5,299.7,0.0,1354.5,298.9,0.0,1359.6,313.3,0.0,1375.1,306.8,0.0,1364.1,347.1,0.893,1399.0,323.3,0.861,1373.6,340.7,0.893,1381.9,288.5,0.82,1360.6,274.5,0.894,1341.2,243.2,0.821,1375.9,377.2,0.972,1390.5,363.4,0.964,1339.8,322.1,0.954,1308.5,301.2,0.94,1348.9,287.4,0.931,1259.6,264.8,0.924
4146,165.84,1367.1,294.3,0.0,1370.9,291.1,0.0,1373.4,290.3,0.0,1390.3,297.5,0.0,1394.4,292.2,0.0,1391.8,310.9,0.879,1414.6,297.2,0.837,1362.4,301.5,0.863,1388.8,277.9,0.794,1341.5,260.5,0.828,1366.3,254.1,0.747,1369.5,357.8,0.0,1378.9,344.8,0.968,1286.0,348.3,0.946,1283.9,335.5,0.933,1222.6,339.7,0.895,1200.4,327.2,0.886
4149,165.96,1560.7,9.8,0.0,1568.1,4.0,0.0,1558.1,3.1,0.0,1580.1,2.8,0.0,1539.1,0.0,0.0,1588.7,0.0,0.065,1507.9,0.0,0.225,1607.7,20.3,0.258,1484.2,25.1,0.0,1614.4,94.1,0.478,1511.7,71.2,0.756,1586.1,38.3,0.739,1526.4,40.5,0.848,1602.9,22.5,0.823,1504.4,24.1,0.896,1624.4,102.5,0.857,1509.3,96.7,0.903
4152,166.08,1563.4,8.0,0.0,1568.0,1.4,0.0,1561.2,1.6,0.0,1576.5,0.0,0.0,1544.4,0.0,0.0,1589.5,0.0,0.122,1511.6,0.0,0.306,1609.7,22.0,0.525,1483.7,20.9,0.0,1619.6,100.3,0.741,1510.6,72.0,0.879,1587.1,59.9,0.777,1527.5,62.5,0.855,1613.0,42.7,0.671,1508.6,46.3,0.764,1634.9,105.5,0.559,1505.5,106.1,0.639
4155,166.2,1560.1,7.7,0.0,1564.4,0.0,0.0,1557.7,0.0,0.0,1573.6,0.0,0.0,1543.8,0.0,0.0,1591.8,0.0,0.056,1505.2,0.0,0.126,1612.2,25.6,0.609,1483.6,10.8,0.905,1619.6,96.8,0.668,1513.8,62.7,0.886,1579.9,78.7,0.796,1516.2,78.7,0.863,1615.7,77.3,0.434,1510.1,76.2,0.56,1629.1,109.9,0.184,1519.0,107.8,0.245
4158,166.32,1338.7,294.0,0.0,1341.1,290.7,0.0,1342.5,286.0,0.0,1356.5,301.0,0.0,1361.1,287.2,0.0,1378.9,342.1,0.969,1394.5,302.0,0.923,1358.7,351.2,0.936,1378.6,276.2,0.849,1308.0,273.3,0.892,1351.7,239.7,0.801,1367.3,373.1,0.993,1382.6,347.9,0.99,1252.6,381.3,0.983,1319.3,347.9,0.977,1127.6,341.3,0.946,1233.5,314.6,0.939
4161,166.44,1561.8,8.7,0.0,1566.3,2.0,0.0,1559.6,2.1,0.0,1574.8,0.0,0.0,1543.1,0.0,0.0,1589.3,0.0,0.147,1510.1,0.0,0.367,1610.4,22.9,0.556,1482.4,21.6,0.0,1619.5,100.5,0.762,1509.1,71.4,0.896,1587.7,61.8,0.805,1527.2,64.2,0.878,1612.3,38.2,0.708,1505.8,41.6,0.799,1634.8,104.8,0.6,1504.2,104.9,0.682
4164,166.56,1379.0,305.8,0.0,1381.6,308.4,0.0,1385.9,303.7,0.0,1392.5,326.6,0.0,1398.0,315.7,0.0,1386.1,346.1,0.95,1405.5,324.5,0.834,1370.2,327.0,0.961,1369.6,293.6,0.835,1370.8,252.0,0.945,1376.6,231.8,0.821,1346.6,376.9,0.993,1353.9,359.6,0.987,1257.5,358.7,0.983,1252.6,337.6,0.967,1187.6,311.9,0.967,1148.0,287.6,0.951
4167,166.68,1329.1,250.1,0.0,1332.8,246.9,0.0,1337.0,246.0,0.0,1353.3,266.7,0.0,1365.0,260.1,0.0,1368.1,328.5,0.971,1385.7,294.9,0.886,1259.8,370.2,0.972,1354.1,279.1,0.77,1108.4,333.7,0.953,1294.3,242.9,0.775,1371.9,389.4,0.988,1381.5,366.4,0.975,1253.6,345.4,0.966,1284.3,317.3,0.927,1210.3,306.0,0.917,1276.1,282.4,0.878
4170,166.8,1347.7,266.9,0.0,1350.1,265.7,0.0,1359.4,264.5,0.0,1356.9,281.4,0.0,1386.5,275.0,0.0,1338.9,316.3,0.963,1391.2,304.8,0.933,1247.5,332.7,0.962,1381.3,280.6,0.873,1160.6,331.6,0.939,1366.5,223.2,0.846,1349.2,384.1,0.993,1393.8,377.5,0.989,1248.8,346.7,0.981,1391.0,340.8,0.971,1209.3,329.7,0.952,1448.0,312.0,0.943
4173,166.92,1561.9,9.1,0.0,1566.9,2.9,0.0,1559.9,2.8,0.0,1576.1,0.0,0.0,1543.1,0.0,0.0,1589.1,0.0,0.148,1510.3,0.0,0.359,1609.6,21.8,0.551,1484.8,21.6,0.0,1617.9,99.4,0.761,1511.5,71.5,0.89,1585.4,53.1,0.824,1525.3,55.3,0.888,1608.0,35.1,0.766,1502.2,38.1,0.839,1632.3,107.4,0.683,1502.5,106.4,0.752
4176,167.04,1561.0,10.7,0.0,1567.3,4.8,0.0,1558.9,3.8,0.0,1578.0,2.3,0.0,1541.7,0.0,0.0,1587.7,0.0,0.11,1509.5,0.0,0.302,1608.9,21.1,0.421,1484.3,22.7,0.0,1616.1,99.3,0.656,1511.7,72.2,0.842,1582.0,47.1,0.775,1523.4,49.0,0.859,1606.5,26.3,0.776,1506.6,28.0,0.853,1627.0,104.2,0.755,1506.3,99.4,0.818
4179,167.16,1340.5,295.8,0.0,1339.2,294.7,0.0,1345.8,291.8,0.0,1346.0,309.9,0.0,1367.8,302.2,0.0,1379.5,347.2,0.974,1397.2,317.4,0.954,1340.2,347.9,0.929,1378.2,281.8,0.884,1234.1,282.5,0.845,1327.7,230.4,0.78,1345.9,368.9,0.994,1355.8,342.7,0.992,1218.4,348.1,0.98,1232.8,318.2,0.976,1082.7,302.5,0.947,1110.3,277.1,0.944
4182,167.28,1345.9,337.0,0.0,1347.2,337.3,0.0,1349.7,334.0,0.0,1354.8,346.3,0.0,1354.8,337.4,0.0,1368.6,362.6,0.926,1369.0,335.9,0.921,1334.1,378.2,0.0,1388.7,296.6,0.894,1255.8,336.8,0.867,1410.7,246.1,0.851,1367.1,334.7,0.99,1368.7,318.9,0.99,1261.5,334.0,0.978,1322.0,314.2,0.0,1183.3,264.7,0.953,1303.1,244.0,0.954
4185,167.4,1277.1,399.2,0.0,1276.9,404.3,0.0,1286.2,405.9,0.0,1279.0,409.2,0.0,1301.4,402.0,0.0,1250.3,373.8,0.961,1316.4,386.3,0.955,1170.0,353.5,0.934,1353.0,365.7,0.926,1065.4,320.9,0.936,1410.7,334.1,0.937,1317.4,304.1,0.0,1348.7,310.3,0.983,1250.2,319.6,0.981,1281.0,314.4,0.98,1222.0,313.2,0.947,1261.8,291.0,0.945
4188,167.52,1365.3,369.4,0.0,1367.8,370.4,0.0,1371.3,376.9,0.0,1368.6,382.1,0.0,1375.5,396.1,0.0,1348.0,383.6,0.955,1358.7,376.7,0.941,1301.2,401.0,0.953,1332.0,348.8,0.908,1272.8,374.7,0.951,1339.2,292.1,0.906,1302.4,342.3,0.996,1311.1,339.1,0.994,1206.6,339.3,0.994,1218.8,327.1,0.992,1126.0,344.5,0.975,1154.6,330.6,0.972
4191,167.64,1313.1,378.5,0.0,1315.1,378.8,0.0,1320.9,386.3,0.0,1315.5,389.3,0.0,1327.2,398.9,0.0,1304.0,387.5,0.837,1312.3,386.4,0.768,1316.3,398.7,0.856,1309.7,370.4,0.767,1384.8,348.7,0.887,1370.5,336.6,0.828,1297.4,345.7,0.985,1308.0,342.3,0.981,1201.1,340.0,0.99,1220.8,326.6,0.988,1103.8,315.9,0.968,1142.4,292.8,0.964
4194,167.76,0,0,0,0,0,0,0,0,0,0,0,0,0,0,0,0,0,0,0,0,0,0,0,0,0,0,0,0,0,0,0,0,0,0,0,0,0,0,0,0,0,0,0,0,0,0,0,0,0,0,0
4197,167.88,0,0,0,0,0,0,0,0,0,0,0,0,0,0,0,0,0,0,0,0,0,0,0,0,0,0,0,0,0,0,0,0,0,0,0,0,0,0,0,0,0,0,0,0,0,0,0,0,0,0,0
4200,168.0,1521.4,80.5,0.0,1527.1,84.2,0.0,1528.8,78.5,0.0,1523.8,82.5,0.0,1529.4,65.1,0.0,1499.9,71.0,0.66,1504.7,35.3,0.732,1475.4,66.8,0.682,1477.1,27.7,0.0,1513.3,79.8,0.664,1512.0,76.4,0.755,1418.7,48.5,0.878,1418.8,23.0,0.89,1337.1,46.0,0.539,1336.6,32.4,0.581,1283.1,43.7,0.166,1281.4,37.7,0.183
4203,168.12,1427.4,314.4,0.0,1434.2,319.4,0.0,1434.5,317.0,0.0,1430.4,345.0,0.0,1430.5,338.5,0.0,1384.1,372.3,0.99,1387.9,338.0,0.919,1333.2,374.9,0.0,1351.7,284.4,0.773,1308.0,314.7,0.0,1333.0,243.1,0.819,1276.8,362.4,0.998,1282.7,341.7,0.992,1169.1,340.0,0.995,1179.7,328.3,0.984,1097.4,325.4,0.967,1117.5,308.4,0.937
4206,168.24,1276.1,380.3,0.0,1279.0,379.7,0.0,1281.2,381.5,0.0,1285.2,380.8,0.0,1289.9,374.8,0.0,1281.9,380.9,0.934,1292.5,361.2,0.863,1360.3,384.1,0.94,1366.4,333.7,0.845,1439.7,373.3,0.95,1410.0,331.9,0.889,1303.5,345.8,0.989,1309.3,331.5,0.981,1193.6,343.1,0.984,1199.9,340.1,0.975,1148.1,319.3,0.943,1148.5,316.7,0.922
4209,168.36,1526.5,86.7,0.0,1532.0,91.4,0.0,1534.1,84.0,0.0,1528.5,90.6,0.0,1535.2,67.5,0.0,1503.2,78.9,0.718,1509.1,35.1,0.759,1475.0,76.0,0.734,1478.7,28.0,0.0,1511.7,84.6,0.718,1511.5,76.4,0.764,1421.4,52.0,0.91,1422.1,21.5,0.912,1343.9,45.1,0.657,1344.0,30.5,0.671,1293.5,44.0,0.255,1292.8,40.4,0.262
4212,168.48,1288.0,408.1,0.0,1286.0,408.1,0.0,1293.3,414.5,0.0,1290.9,413.2,0.0,1308.2,418.3,0.0,1290.3,413.5,0.958,1345.0,401.2,0.951,1263.5,413.3,0.963,1406.5,364.1,0.96,1244.1,391.0,0.971,1461.2,324.0,0.969,1308.4,359.4,0.998,1334.9,352.6,0.998,1205.3,346.7,0.998,1235.1,343.1,0.998,1106.1,309.2,0.989,1136.9,305.4,0.989
4215,168.6,1318.7,411.3,0.0,1321.2,412.2,0.0,1324.0,413.0,0.0,1319.5,413.7,0.0,1324.2,411.3,0.0,1308.8,406.5,0.894,1328.8,396.9,0.855,1326.8,396.8,0.886,1375.3,351.6,0.824,1407.3,384.2,0.912,1451.5,327.9,0.868,1304.3,359.9,0.995,1314.2,354.6,0.993,1218.8,351.7,0.997,1229.7,349.8,0.996,1097.1,330.9,0.992,1102.8,316.1,0.991
4218,168.72,0,0,0,0,0,0,0,0,0,0,0,0,0,0,0,0,0,0,0,0,0,0,0,0,0,0,0,0,0,0,0,0,0,0,0,0,0,0,0,0,0,0,0,0,0,0,0,0,0,0,0
4221,168.84,1304.3,404.6,0.0,1309.6,401.9,0.0,1310.6,408.3,0.0,1312.0,399.6,0.0,1311.0,414.4,0.0,1287.6,393.2,0.913,1288.8,406.2,0.883,1282.1,372.9,0.88,1276.9,376.0,0.816,1349.7,327.9,0.891,1328.0,308.7,0.844,1288.8,337.8,0.988,1294.0,346.5,0.986,1183.2,355.4,0.991,1188.4,363.5,0.989,1073.9,325.1,0.963,1077.2,323.9,0.959
4224,168.96,0,0,0,0,0,0,0,0,0,0,0,0,0,0,0,0,0,0,0,0,0,0,0,0,0,0,0,0,0,0,0,0,0,0,0,0,0,0,0,0,0,0,0,0,0,0,0,0,0,0,0
4227,169.08,1525.9,89.3,0.0,1531.8,93.4,0.0,1534.0,86.7,0.0,1528.3,91.4,0.0,1535.2,70.5,0.0,1501.7,76.5,0.657,1508.0,37.0,0.787,1469.1,67.8,0.641,1472.9,25.2,0.858,1512.0,81.0,0.632,1510.9,75.7,0.797,1417.6,51.4,0.876,1418.0,23.5,0.902,1332.1,49.6,0.506,1331.7,35.8,0.592,1275.3,43.8,0.141,1273.8,38.8,0.174
4230,169.2,1265.6,366.8,0.0,1262.8,366.4,0.0,1272.2,374.3,0.0,1262.3,374.5,0.0,1281.0,379.7,0.0,1261.0,372.0,0.881,1295.9,364.6,0.829,1257.2,377.7,0.89,1304.7,320.6,0.0,1290.1,339.7,0.919,1281.4,275.0,0.878,1303.9,354.9,0.981,1321.9,348.4,0.977,1237.6,352.8,0.983,1272.3,331.8,0.98,1171.0,325.4,0.949,1215.8,299.3,0.944
4233,169.32,1427.8,338.1,0.0,1433.7,347.2,0.0,1436.6,334.1,0.0,1426.9,365.1,0.0,1434.0,328.0,0.0,1381.3,386.5,0.978,1403.2,316.2,0.976,1317.5,401.1,0.944,1386.3,257.2,0.932,1281.0,383.6,0.938,1377.4,209.5,0.927,1305.8,381.9,0.997,1317.5,341.2,0.996,1235.0,349.5,0.997,1252.7,323.3,0.996,1141.7,328.9,0.989,1163.4,318.2,0.989
4236,169.44,1344.6,374.2,0.0,1346.0,378.5,0.0,1350.7,377.2,0.0,1343.6,387.0,0.0,1355.5,375.9,0.0,1328.5,393.6,0.947,1357.2,337.5,0.912,1296.8,406.5,0.964,1374.6,283.4,0.918,1287.9,395.4,0.97,1378.0,242.3,0.936,1287.3,351.2,0.997,1299.0,317.9,0.0,1211.5,353.1,0.996,1226.4,329.0,0.995,1126.0,337.9,0.987,1143.8,330.4,0.984
4239,169.56,0,0,0,0,0,0,0,0,0,0,0,0,0,0,0,0,0,0,0,0,0,0,0,0,0,0,0,0,0,0,0,0,0,0,0,0,0,0,0,0,0,0,0,0,0,0,0,0,0,0,0
4242,169.68,1272.7,417.3,0.0,1277.0,421.0,0.0,1284.5,417.6,0.0,1287.0,417.3,0.0,1307.8,396.3,0.0,1255.3,388.0,0.973,1319.7,362.8,0.991,1187.3,362.5,0.89,1348.4,293.8,0.979,1134.8,348.3,0.919,1318.0,250.0,0.976,1283.9,319.1,0.984,1309.9,304.2,0.0,1191.9,327.3,0.968,1220.0,323.2,0.979,1159.3,314.4,0.885,1173.1,300.3,0.904
4245,169.8,1525.3,94.1,0.0,1531.2,99.3,0.0,1534.0,90.5,0.0,1526.1,98.6,0.0,1534.6,71.4,0.0,1497.7,89.2,0.678,1507.2,34.5,0.749,1464.4,82.9,0.715,1472.5,19.4,0.837,1505.5,87.9,0.718,1507.8,72.6,0.8,1402.8,60.1,0.889,1404.9,21.2,0.899,1322.2,56.8,0.523,1323.3,30.5,0.56,1266.1,47.0,0.154,1266.7,32.6,0.166
4248,169.92,0,0,0,0,0,0,0,0,0,0,0,0,0,0,0,0,0,0,0,0,0,0,0,0,0,0,0,0,0,0,0,0,0,0,0,0,0,0,0,0,0,0,0,0,0,0,0,0,0,0,0
4251,170.04,1361.0,370.6,0.0,1363.0,369.7,0.0,1367.0,376.2,0.0,1360.8,375.5,0.0,1371.4,380.6,0.0,1334.7,383.8,0.853,1373.8,367.0,0.825,1291.9,407.0,0.929,1418.3,360.0,0.915,1268.7,397.3,0.954,1483.9,344.5,0.944,1309.6,354.5,0.992,1326.6,342.2,0.991,1207.1,355.8,0.99,1223.5,342.4,0.989,1104.1,350.9,0.948,1125.3,340.0,0.947
4254,170.16,1528.9,90.0,0.0,1534.6,95.5,0.0,1537.3,86.9,0.0,1531.3,95.6,0.0,1539.7,68.3,0.0,1504.4,84.0,0.654,1512.8,34.2,0.706,1467.0,80.9,0.687,1474.1,26.9,0.786,1508.0,86.3,0.665,1509.6,76.8,0.731,1419.1,52.5,0.884,1421.1,17.9,0.888,1332.1,45.0,0.547,1333.0,26.8,0.571,1272.1,40.3,0.163,1272.7,33.6,0.172
4257,170.28,1628.4,131.7,0.0,1635.8,134.4,0.0,1640.4,129.6,0.0,1622.0,122.6,0.0,1630.1,115.8,0.0,1551.7,99.3,0.624,1568.8,62.6,0.944,1457.7,79.9,0.369,1479.7,16.4,0.923,1496.9,96.9,0.457,1506.7,72.2,0.88,1410.2,47.5,0.714,1415.2,24.2,0.889,1313.9,47.9,0.315,1319.8,32.5,0.569,1239.8,38.3,0.09,1239.6,29.2,0.157
4260,170.4,1528.9,94.5,0.0,1534.6,100.0,0.0,1537.9,90.3,0.0,1530.0,99.6,0.0,1539.7,68.5,0.0,1500.8,91.2,0.727,1512.0,30.9,0.736,1462.8,90.5,0.765,1474.4,19.4,0.801,1503.7,90.6,0.755,1510.9,69.8,0.769,1406.8,59.1,0.913,1409.8,16.6,0.908,1320.7,53.7,0.609,1322.4,24.2,0.601,1263.9,43.1,0.207,1265.8,25.3,0.199
4263,170.52,1235.8,297.2,0.0,1246.5,302.9,0.0,1240.8,288.1,0.0,1254.2,328.3,0.0,1240.9,289.6,0.0,1240.4,349.6,0.972,1234.5,332.6,0.851,1171.8,343.8,0.938,1174.2,342.4,0.565,1077.1,335.5,0.91,1092.3,332.9,0.615,1283.6,367.7,0.855,1282.9,357.4,0.705,1233.3,339.7,0.734,1224.9,328.0,0.535,1180.8,338.6,0.503,1157.8,318.7,0.373
4266,170.64,0,0,0,0,0,0,0,0,0,0,0,0,0,0,0,0,0,0,0,0,0,0,0,0,0,0,0,0,0,0,0,0,0,0,0,0,0,0,0,0,0,0,0,0,0,0,0,0,0,0,0
4269,170.76,1313.3,386.9,0.0,1319.8,388.8,0.0,1320.4,385.2,0.0,1323.6,390.8,0.0,1325.2,384.9,0.0,1317.7,389.1,0.497,1321.2,363.1,0.0,1294.9,355.7,0.621,1294.5,312.3,0.845,1278.0,328.8,0.716,1253.6,285.8,0.855,1283.0,353.9,0.971,1285.0,333.1,0.979,1182.7,354.3,0.967,1182.9,352.2,0.976,1091.9,338.3,0.892,1092.3,339.1,0.913
4272,170.88,0,0,0,0,0,0,0,0,0,0,0,0,0,0,0,0,0,0,0,0,0,0,0,0,0,0,0,0,0,0,0,0,0,0,0,0,0,0,0,0,0,0,0,0,0,0,0,0,0,0,0
4275,171.0,1289.2,305.7,0.0,1286.5,307.7,0.0,1294.7,304.8,0.0,1285.3,323.3,0.0,1301.0,316.1,0.0,1271.0,355.5,0.936,1323.0,338.6,0.961,1196.7,353.8,0.918,1342.0,289.1,0.932,1108.7,318.8,0.917,1340.4,204.2,0.93,1344.3,335.8,0.979,1371.7,333.3,0.982,1344.6,261.9,0.962,1375.9,256.7,0.964,1387.0,212.5,0.934,1418.5,198.4,0.944
4278,171.12,1554.8,9.8,0.0,1558.8,1.9,0.0,1550.8,2.4,0.0,1568.3,0.0,0.0,1536.4,0.0,0.0,1587.2,0.0,0.068,1505.6,0.0,0.105,1612.1,19.8,0.474,1489.4,13.7,0.735,1615.7,87.3,0.533,1512.6,65.1,0.727,1575.4,49.1,0.756,1514.1,50.4,0.804,1615.5,40.8,0.655,1507.0,41.5,0.718,1626.2,101.9,0.544,1510.2,102.5,0.593
4281,171.24,1312.6,286.1,0.0,1308.1,284.7,0.0,1319.8,282.4,0.0,1295.1,298.1,0.0,1335.0,293.5,0.0,1272.5,328.0,0.956,1365.0,322.8,0.926,1187.5,343.0,0.933,1402.5,319.9,0.831,1100.0,312.0,0.896,1408.8,248.0,0.805,1312.0,352.3,0.971,1375.1,349.8,0.959,1241.1,284.7,0.933,1368.0,282.9,0.902,1198.4,282.3,0.839,1374.6,269.8,0.81
4284,171.36,1327.0,289.5,0.0,1323.6,289.1,0.0,1332.8,287.8,0.0,1319.6,301.1,0.0,1344.7,296.6,0.0,1314.6,330.9,0.906,1368.1,306.5,0.927,1251.8,340.1,0.891,1388.8,252.7,0.901,1145.8,313.2,0.878,1385.6,194.3,0.88,1342.0,335.5,0.972,1375.2,325.2,0.973,1296.3,276.6,0.936,1363.4,263.6,0.935,1271.9,241.0,0.873,1366.5,227.3,0.883
4287,171.48,1306.5,281.5,0.0,1304.9,278.3,0.0,1310.8,278.9,0.0,1308.0,291.2,0.0,1324.2,290.2,0.0,1310.6,338.1,0.941,1349.8,317.1,0.961,1256.4,359.3,0.911,1382.9,262.3,0.932,1174.2,314.9,0.899,1399.2,178.3,0.904,1340.7,345.8,0.985,1363.0,338.4,0.0,1300.0,300.2,0.963,1346.4,292.7,0.963,1289.1,241.6,0.927,1360.8,236.2,0.936
4290,171.6,1307.2,271.6,0.0,1304.4,269.2,0.0,1313.7,269.3,0.0,1307.4,285.1,0.0,1332.5,282.0,0.0,1322.6,335.0,0.949,1354.5,308.8,0.956,1307.2,355.2,0.921,1394.1,258.4,0.918,1266.2,300.8,0.904,1407.4,200.1,0.88,1359.7,365.0,0.986,1379.4,355.2,0.985,1313.7,288.5,0.0,1350.3,275.0,0.962,1321.7,240.3,0.939,1389.3,231.4,0.941
4293,171.72,1554.3,9.7,0.0,1558.5,1.8,0.0,1551.3,2.2,0.0,1567.6,0.0,0.0,1537.8,0.0,0.0,1585.8,0.0,0.056,1504.8,0.0,0.088,1611.1,19.7,0.522,1488.0,13.6,0.785,1616.6,86.5,0.597,1510.8,64.6,0.787,1575.6,60.9,0.745,1517.1,62.7,0.795,1612.4,53.1,0.532,1525.5,53.9,0.613,1624.9,100.9,0.342,1542.1,101.2,0.394
4296,171.84,1555.0,9.9,0.0,1559.1,2.0,0.0,1552.0,2.4,0.0,1568.1,0.0,0.0,1538.7,0.0,0.0,1586.5,0.0,0.057,1505.1,0.0,0.094,1611.2,19.6,0.547,1487.8,13.5,0.813,1616.9,86.5,0.619,1510.9,64.4,0.81,1576.6,64.1,0.754,1517.8,65.9,0.806,1612.2,57.9,0.502,1523.8,58.6,0.589,1625.0,100.5,0.294,1540.0,100.8,0.346
4299,171.96,1554.4,9.6,0.0,1558.5,1.6,0.0,1551.4,2.0,0.0,1567.5,0.0,0.0,1537.9,0.0,0.0,1586.0,0.0,0.056,1504.5,0.0,0.089,1611.5,19.4,0.533,1487.6,13.3,0.794,1616.5,86.4,0.606,1511.1,64.2,0.795,1576.0,62.0,0.742,1517.4,63.9,0.792,1612.8,53.8,0.508,1526.3,54.5,0.591,1625.4,101.5,0.309,1543.9,101.8,0.359
4302,172.08,1560.6,11.0,0.0,1565.6,4.7,0.0,1558.8,3.8,0.0,1572.9,1.4,0.0,1541.1,0.0,0.0,1582.8,0.0,0.166,1509.9,0.0,0.402,1609.0,22.3,0.558,1486.2,24.3,0.834,1619.0,99.4,0.769,1509.0,73.1,0.897,1585.2,59.3,0.803,1530.2,61.7,0.876,1603.8,34.2,0.729,1509.8,35.8,0.813,1631.0,104.1,0.636,1517.2,98.4,0.712
4305,172.2,1560.5,11.0,0.0,1565.4,4.8,0.0,1558.6,4.0,0.0,1572.3,1.4,0.0,1540.9,0.0,0.0,1582.4,0.0,0.179,1509.2,0.0,0.434,1609.4,22.6,0.569,1485.2,24.5,0.848,1618.7,98.9,0.773,1508.5,72.7,0.903,1584.3,57.8,0.814,1528.9,60.1,0.886,1603.9,35.2,0.733,1507.6,36.7,0.819,1632.1,104.3,0.634,1513.6,98.6,0.712
4308,172.32,1312.6,305.3,0.0,1316.1,305.4,0.0,1317.3,303.5,0.0,1331.4,321.7,0.0,1331.5,313.8,0.0,1343.7,354.5,0.0,1353.0,321.1,0.96,1339.5,347.6,0.0,1386.2,242.3,0.937,1326.2,262.9,0.916,1419.2,152.5,0.896,1327.3,332.0,0.991,1332.4,314.2,0.99,1249.3,318.7,0.97,1282.7,298.9,0.968,1186.3,234.1,0.935,1247.0,220.3,0.938
4311,172.44,1332.1,342.2,0.0,1332.6,341.5,0.0,1338.7,342.1,0.0,1345.5,347.8,0.0,1358.9,346.7,0.0,1354.5,356.6,0.918,1382.3,339.4,0.904,1292.5,349.9,0.892,1388.6,288.3,0.877,1221.4,284.3,0.856,1390.6,215.4,0.816,1323.1,326.8,0.985,1338.5,311.8,0.983,1215.7,336.1,0.957,1262.5,324.9,0.951,1117.2,271.4,0.905,1189.0,267.2,0.905
4314,172.56,1324.5,276.8,0.0,1328.1,275.1,0.0,1327.1,271.6,0.0,1342.1,293.0,0.0,1341.0,283.3,0.0,1358.2,331.2,0.971,1366.7,303.8,0.906,1357.4,352.9,0.954,1357.6,304.0,0.828,1357.2,277.2,0.917,1346.9,250.9,0.771,1338.6,344.7,0.0,1340.5,325.7,0.982,1253.6,357.3,0.964,1244.8,335.4,0.936,1175.8,304.9,0.895,1146.5,287.7,0.86
4317,172.68,1311.7,241.3,0.0,1316.5,238.5,0.0,1313.0,235.2,0.0,1330.8,259.6,0.0,1329.5,251.1,0.0,1346.1,311.7,0.988,1355.6,285.4,0.962,1338.0,342.4,0.0,1342.6,296.5,0.88,1331.0,280.3,0.935,1329.3,260.9,0.814,1320.9,351.3,0.994,1327.6,332.8,0.99,1238.6,351.9,0.979,1250.8,330.7,0.964,1155.2,319.9,0.936,1164.7,305.6,0.916
4320,172.8,1500.2,330.9,0.0,1509.8,331.8,0.0,1509.2,328.6,0.0,1503.0,332.7,0.0,1501.2,332.0,0.0,1447.4,346.4,0.932,1446.6,334.7,0.875,1369.3,370.5,0.841,1367.1,321.7,0.69,1308.9,369.0,0.732,1312.0,277.1,0.603,1318.0,340.1,0.995,1319.4,336.3,0.992,1198.6,340.8,0.995,1199.9,344.0,0.994,1073.3,321.6,0.986,1076.7,319.2,0.983
4323,172.92,1227.3,271.0,0.0,1226.5,269.8,0.0,1231.3,278.3,0.0,1244.1,292.8,0.0,1253.7,296.2,0.0,1259.1,315.1,0.945,1281.6,318.3,0.903,1227.3,332.2,0.948,1270.9,336.0,0.887,1169.3,309.6,0.951,1249.8,312.9,0.911,1315.4,349.3,0.99,1329.8,352.0,0.0,1241.4,316.4,0.99,1264.0,323.2,0.988,1224.6,304.3,0.968,1259.8,335.8,0.966
4326,173.04,1268.9,319.6,0.0,1268.0,322.1,0.0,1276.3,326.7,0.0,1269.2,337.5,0.0,1290.2,333.6,0.0,1251.3,340.0,0.93,1309.3,335.2,0.879,1172.6,337.9,0.935,1326.5,341.9,0.885,1070.9,320.7,0.936,1373.2,348.0,0.916,1300.9,342.6,0.984,1327.6,337.3,0.981,1222.0,330.7,0.982,1250.1,318.5,0.978,1168.8,321.8,0.94,1208.9,311.6,0.936
4329,173.16,1251.5,312.2,0.0,1248.2,311.2,0.0,1253.2,321.4,0.0,1254.3,326.0,0.0,1263.9,336.8,0.0,1262.1,328.2,0.908,1280.1,339.3,0.0,1245.7,326.8,0.914,1282.7,333.1,0.878,1244.5,301.5,0.935,1313.3,310.2,0.91,1297.2,336.5,0.979,1308.8,344.9,0.977,1252.5,315.7,0.976,1271.4,332.0,0.974,1250.0,297.5,0.93,1283.6,331.0,0.931
4332,173.28,1201.8,224.3,0.0,1203.1,222.7,0.0,1208.2,231.3,0.0,1213.8,241.0,0.0,1226.3,249.6,0.0,1222.2,293.9,0.989,1244.2,273.3,0.802,1172.9,345.2,0.977,1223.9,294.1,0.457,1130.5,320.8,0.956,1211.4,297.7,0.56,1316.0,361.9,0.982,1326.5,347.4,0.922,1265.6,346.5,0.966,1284.7,318.2,0.87,1265.6,348.6,0.924,1300.3,322.4,0.828
4335,173.4,1218.2,243.7,0.0,1212.3,246.2,0.0,1222.9,253.7,0.0,1218.5,280.4,0.0,1244.0,276.4,0.0,1228.8,305.8,0.905,1278.8,308.3,0.822,1200.2,349.8,0.922,1300.2,340.2,0.833,1150.0,312.1,0.938,1330.9,328.5,0.898,1297.9,358.5,0.981,1324.9,353.3,0.0,1257.3,350.1,0.981,1301.4,317.2,0.976,1288.2,349.9,0.957,1359.2,306.0,0.956
4338,173.52,1424.0,351.9,0.0,1427.7,355.7,0.0,1430.9,348.3,0.0,1419.3,359.6,0.0,1425.8,337.0,0.0,1384.4,363.9,0.94,1393.7,320.0,0.967,1368.9,353.4,0.829,1384.6,306.3,0.919,1398.4,328.4,0.812,1408.0,324.4,0.887,1293.1,358.0,0.992,1298.4,325.4,0.994,1211.9,335.2,0.989,1220.4,290.3,0.991,1127.7,325.5,0.967,1139.3,276.5,0.972
4341,173.64,1431.9,348.4,0.0,1436.8,353.0,0.0,1437.8,345.7,0.0,1432.3,365.1,0.0,1433.6,342.4,0.0,1403.6,372.4,0.916,1403.5,325.6,0.946,1390.8,357.9,0.867,1391.9,298.2,0.918,1422.1,343.1,0.874,1433.0,327.3,0.907,1316.3,362.5,0.993,1316.2,329.1,0.994,1219.8,355.7,0.988,1218.7,320.8,0.99,1140.7,336.2,0.959,1141.9,298.7,0.965
4344,173.76,0,0,0,0,0,0,0,0,0,0,0,0,0,0,0,0,0,0,0,0,0,0,0,0,0,0,0,0,0,0,0,0,0,0,0,0,0,0,0,0,0,0,0,0,0,0,0,0,0,0,0
4347,173.88,1447.4,322.6,0.0,1454.9,329.3,0.0,1454.6,321.8,0.0,1451.2,350.2,0.0,1449.8,334.7,0.0,1409.1,366.7,0.98,1406.8,333.5,0.863,1358.6,359.8,0.929,1357.9,297.9,0.425,1319.2,319.6,0.826,1312.1,263.2,0.36,1300.9,359.7,0.991,1302.6,340.3,0.974,1222.6,342.7,0.988,1225.7,325.6,0.968,1132.6,343.8,0.971,1140.1,330.1,0.946
4350,174.0,1251.0,383.4,0.0,1255.7,380.7,0.0,1258.5,385.4,0.0,1276.5,376.0,0.0,1280.1,377.0,0.0,1279.3,365.0,0.952,1295.2,361.4,0.969,1291.6,315.4,0.929,1310.3,302.0,0.959,1321.2,298.2,0.949,1284.4,246.9,0.965,1303.5,328.4,0.993,1312.6,326.0,0.994,1157.3,312.8,0.989,1166.8,314.0,0.991,1058.5,280.9,0.936,1052.8,280.1,0.939
4353,174.12,1306.1,389.9,0.0,1306.3,389.9,0.0,1312.3,393.4,0.0,1305.3,386.6,0.0,1319.1,388.6,0.0,1289.4,380.1,0.935,1336.8,364.0,0.919,1274.2,371.0,0.93,1387.6,340.3,0.92,1337.6,358.7,0.942,1462.2,347.3,0.934,1277.8,334.0,0.998,1297.4,324.3,0.997,1178.3,337.7,0.998,1202.1,337.5,0.998,1071.9,315.5,0.992,1086.4,321.1,0.992
4356,174.24,1523.9,84.3,0.0,1529.2,88.2,0.0,1530.9,82.4,0.0,1525.7,86.2,0.0,1531.1,69.5,0.0,1499.9,75.8,0.747,1504.8,38.8,0.787,1469.6,73.8,0.741,1472.2,31.6,0.818,1511.4,85.2,0.709,1510.5,78.6,0.758,1422.2,47.4,0.916,1422.9,21.5,0.918,1343.2,41.7,0.667,1343.1,28.6,0.683,1296.5,39.6,0.261,1295.5,34.8,0.27
4359,174.36,1264.8,353.1,0.0,1262.3,356.4,0.0,1266.8,356.2,0.0,1253.0,365.5,0.0,1262.9,358.8,0.0,1246.4,356.9,0.941,1263.4,356.5,0.945,1302.5,354.6,0.0,1319.4,319.4,0.919,1396.8,337.9,0.936,1373.0,305.7,0.929,1287.4,336.9,0.99,1297.9,337.0,0.99,1281.1,323.8,0.991,1301.4,325.8,0.99,1290.1,300.3,0.985,1313.1,290.8,0.986
4362,174.48,1260.4,315.4,0.0,1266.6,315.7,0.0,1265.4,314.1,0.0,1275.1,321.2,0.0,1270.4,309.0,0.0,1278.7,322.8,0.797,1261.5,315.6,0.851,1277.9,295.4,0.0,1241.4,284.2,0.884,1297.9,272.8,0.916,1277.7,267.6,0.926,1288.9,350.4,0.975,1282.1,344.8,0.978,1191.0,324.2,0.979,1182.4,329.7,0.98,1100.4,319.5,0.926,1097.9,317.7,0.931
4365,174.6,1314.6,305.6,0.0,1312.0,303.9,0.0,1320.9,304.8,0.0,1316.5,306.3,0.0,1337.5,309.7,0.0,1308.5,318.4,0.963,1335.1,325.8,0.939,1286.0,312.2,0.955,1330.3,339.5,0.904,1256.7,273.6,0.946,1376.5,307.0,0.896,1281.4,333.4,0.993,1302.6,334.5,0.991,1263.0,290.0,0.988,1329.2,292.0,0.985,1229.7,270.7,0.972,1326.0,272.0,0.97
4368,174.72,1344.5,329.5,0.0,1341.5,327.7,0.0,1349.8,329.9,0.0,1336.6,326.7,0.0,1357.6,334.5,0.0,1329.9,325.6,0.938,1352.0,345.9,0.942,1324.1,319.3,0.917,1362.5,367.1,0.92,1336.1,280.8,0.904,1412.3,330.7,0.885,1280.1,336.2,0.991,1301.6,339.8,0.99,1198.6,306.2,0.979,1289.4,315.8,0.978,1119.8,263.2,0.951,1257.4,271.7,0.95
4371,174.84,1266.0,295.4,0.0,1261.8,294.1,0.0,1275.6,292.2,0.0,1253.1,305.0,0.0,1296.5,299.8,0.0,1234.1,333.7,0.937,1317.1,319.9,0.965,1174.7,343.1,0.905,1369.6,287.5,0.945,1116.8,311.4,0.87,1405.1,213.0,0.907,1277.7,370.6,0.976,1329.5,367.8,0.981,1271.1,266.0,0.932,1350.7,261.5,0.945,1281.2,244.4,0.87,1389.5,233.5,0.895
4374,174.96,1213.5,278.4,0.0,1212.3,275.5,0.0,1223.5,273.9,0.0,1220.4,285.0,0.0,1251.1,275.9,0.0,1224.1,318.8,0.953,1278.5,290.2,0.958,1189.4,346.5,0.937,1342.4,251.2,0.937,1130.4,321.3,0.903,1390.1,181.2,0.899,1302.6,358.3,0.0,1330.1,351.2,0.986,1319.2,284.8,0.958,1344.6,272.7,0.96,1367.7,268.0,0.908,1399.4,250.3,0.92
4377,175.08,1319.8,320.2,0.0,1315.6,319.9,0.0,1325.1,320.7,0.0,1306.7,320.8,0.0,1327.6,324.4,0.0,1299.3,324.8,0.949,1320.4,328.0,0.0,1275.5,309.3,0.933,1362.1,283.7,0.973,1233.9,280.3,0.925,1420.8,224.6,0.954,1302.6,341.0,0.995,1317.1,344.9,0.996,1295.1,279.2,0.988,1358.1,284.0,0.991,1289.6,244.1,0.972,1408.4,245.6,0.979
4380,175.2,1315.6,297.6,0.0,1313.8,296.5,0.0,1323.3,295.6,0.0,1310.1,304.3,0.0,1335.7,302.6,0.0,1300.9,326.4,0.931,1331.2,319.0,0.956,1260.2,339.0,0.911,1350.2,293.9,0.942,1198.9,314.1,0.891,1394.6,222.3,0.913,1295.9,360.5,0.0,1321.3,358.0,0.987,1256.4,299.5,0.959,1359.7,297.8,0.964,1226.7,267.7,0.901,1401.4,260.6,0.916
4383,175.32,1322.1,301.9,0.0,1319.8,300.7,0.0,1329.0,301.2,0.0,1315.6,309.1,0.0,1345.8,310.6,0.0,1311.6,329.3,0.0,1349.6,328.8,0.964,1302.1,320.6,0.926,1355.6,307.3,0.928,1307.9,260.9,0.897,1380.6,233.6,0.883,1288.9,348.5,0.0,1326.9,347.1,0.99,1220.2,307.1,0.973,1355.2,309.3,0.972,1160.9,262.7,0.927,1372.6,266.9,0.931
4386,175.44,1296.8,277.6,0.0,1296.3,274.0,0.0,1303.1,274.2,0.0,1297.5,281.1,0.0,1324.0,281.1,0.0,1296.4,306.7,0.977,1337.9,310.7,0.978,1263.5,306.8,0.95,1347.2,315.6,0.943,1230.0,257.3,0.921,1356.9,272.5,0.904,1296.2,346.0,0.0,1335.0,346.0,0.994,1228.0,303.8,0.986,1358.4,305.0,0.985,1172.8,283.3,0.958,1381.7,283.3,0.961
4389,175.56,1264.6,304.7,0.0,1262.2,304.8,0.0,1270.4,302.4,0.0,1258.4,310.6,0.0,1277.3,304.0,0.0,1239.1,324.4,0.929,1298.8,306.8,0.942,1181.0,335.4,0.938,1311.3,285.9,0.933,1103.7,324.0,0.929,1315.8,249.9,0.93,1307.5,318.4,0.988,1342.7,315.2,0.988,1318.4,285.0,0.974,1369.0,274.7,0.974,1363.2,254.5,0.94,1408.9,238.6,0.946
4392,175.68,1290.9,276.4,0.0,1292.5,275.1,0.0,1295.7,272.3,0.0,1295.7,288.2,0.0,1316.2,280.8,0.0,1287.0,319.1,0.99,1343.0,303.5,0.988,1243.6,315.6,0.953,1367.6,270.9,0.932,1197.3,270.8,0.897,1389.1,220.3,0.863,1309.2,340.9,0.0,1354.0,335.7,0.993,1265.9,297.5,0.984,1388.8,289.5,0.981,1230.2,277.1,0.96,1416.5,267.0,0.96
4395,175.8,1290.7,293.8,0.0,1290.4,291.2,0.0,1295.3,292.1,0.0,1294.8,302.1,0.0,1309.2,302.4,0.0,1296.4,327.9,0.925,1336.0,323.2,0.904,1297.4,313.6,0.861,1351.8,294.8,0.794,1308.0,274.6,0.808,1353.5,261.4,0.723,1316.0,349.3,0.978,1346.9,345.7,0.973,1240.5,312.1,0.961,1313.4,307.8,0.951,1211.0,277.9,0.939,1316.2,273.3,0.934
4398,175.92,1288.8,310.5,0.0,1285.3,310.5,0.0,1292.5,311.1,0.0,1281.7,315.1,0.0,1298.1,317.5,0.0,1276.7,318.7,0.932,1304.4,327.7,0.962,1277.1,317.1,0.915,1346.3,332.6,0.95,1259.2,281.4,0.917,1402.2,292.4,0.937,1310.5,313.0,0.989,1325.6,320.3,0.0,1343.9,264.3,0.981,1366.5,268.4,0.985,1382.1,240.1,0.965,1405.1,238.5,0.972
4401,176.04,1244.4,299.0,0.0,1242.3,294.8,0.0,1249.3,295.7,0.0,1245.1,303.5,0.0,1266.8,302.5,0.0,1238.2,333.3,0.955,1313.2,327.1,0.959,1158.2,335.4,0.925,1369.8,296.9,0.905,1051.9,299.3,0.895,1407.4,239.8,0.878,1321.1,340.9,0.973,1365.0,341.8,0.97,1284.1,286.5,0.0,1366.1,285.8,0.917,1299.4,265.1,0.824,1404.4,260.0,0.828
4404,176.16,1292.1,288.2,0.0,1295.2,285.9,0.0,1296.6,286.2,0.0,1310.8,301.5,0.0,1316.5,299.4,0.0,1327.3,330.7,0.0,1342.9,314.5,0.915,1324.1,337.7,0.933,1344.3,308.2,0.845,1335.9,279.0,0.884,1346.5,274.6,0.758,1297.8,350.0,0.0,1304.6,334.5,0.982,1194.2,338.3,0.96,1195.3,324.4,0.94,1118.1,291.6,0.906,1105.6,286.6,0.885
4407,176.28,1303.0,276.5,0.0,1303.6,272.7,0.0,1306.3,274.4,0.0,1312.0,283.9,0.0,1323.9,287.3,0.0,1322.1,311.0,0.971,1347.3,309.8,0.949,1288.3,322.8,0.943,1351.9,313.8,0.885,1254.3,281.5,0.9,1361.4,272.3,0.81,1289.3,349.3,0.99,1302.1,340.1,0.986,1182.6,333.5,0.968,1200.3,329.7,0.952,1088.7,306.0,0.915,1106.2,305.9,0.897
4410,176.4,1314.5,263.5,0.0,1313.3,260.0,0.0,1318.0,261.0,0.0,1306.0,268.6,0.0,1330.5,273.0,0.0,1299.5,292.0,0.978,1342.2,307.8,0.98,1233.2,297.1,0.939,1367.7,312.8,0.938,1155.9,265.0,0.883,1405.9,231.3,0.873,1286.2,343.1,0.995,1327.1,345.8,0.994,1173.3,295.9,0.985,1338.0,305.4,0.984,1065.4,271.4,0.959,1342.2,272.8,0.961
4413,176.52,1312.8,247.4,0.0,1311.0,244.2,0.0,1311.3,243.6,0.0,1300.5,257.5,0.0,1314.4,260.3,0.0,1298.2,293.4,0.985,1331.7,302.3,0.985,1237.7,306.6,0.947,1346.1,306.8,0.946,1149.3,269.4,0.892,1374.3,215.2,0.888,1288.9,344.7,0.995,1323.2,344.6,0.995,1182.1,315.4,0.985,1332.5,320.3,0.985,1071.6,286.8,0.954,1317.6,285.3,0.956
4416,176.64,1284.5,313.9,0.0,1283.9,312.9,0.0,1294.3,312.0,0.0,1288.2,320.3,0.0,1316.6,316.1,0.0,1276.9,334.2,0.937,1333.5,323.5,0.938,1184.2,343.9,0.906,1350.3,294.1,0.886,1076.2,294.7,0.87,1385.4,218.2,0.84,1295.7,354.5,0.0,1334.5,348.4,0.962,1192.9,313.4,0.885,1311.6,308.1,0.868,1151.0,286.8,0.7,1336.5,275.9,0.7
4419,176.76,1289.9,294.6,0.0,1289.9,291.6,0.0,1296.2,292.7,0.0,1295.3,301.0,0.0,1319.3,302.1,0.0,1303.2,322.9,0.964,1341.5,323.5,0.966,1254.9,332.7,0.909,1339.8,326.6,0.893,1173.1,276.7,0.855,1315.7,272.2,0.826,1302.0,353.0,0.0,1334.0,347.7,0.975,1201.8,313.2,0.928,1299.0,309.0,0.923,1141.4,296.9,0.809,1297.8,291.2,0.814
4422,176.88,1243.0,287.8,0.0,1239.8,283.6,0.0,1250.8,283.2,0.0,1239.2,289.2,0.0,1273.2,285.9,0.0,1233.5,312.7,0.956,1304.5,306.5,0.951,1164.3,329.2,0.947,1337.0,304.5,0.904,1064.2,283.5,0.922,1342.5,256.6,0.882,1306.7,351.1,0.0,1350.2,351.3,0.975,1274.3,297.6,0.0,1346.6,293.3,0.925,1304.8,308.2,0.821,1400.2,297.2,0.813
4425,177.0,1216.9,268.1,0.0,1217.5,263.1,0.0,1223.2,264.6,0.0,1230.0,269.6,0.0,1247.4,268.8,0.0,1234.7,301.0,0.977,1278.3,299.4,0.0,1163.7,325.4,0.972,1280.7,313.7,0.877,1058.2,284.8,0.947,1265.8,245.6,0.864,1332.0,340.9,0.99,1354.0,344.1,0.983,1346.6,282.8,0.971,1365.5,281.4,0.954,1422.3,251.2,0.922,1429.6,242.3,0.909
4428,177.12,1294.7,285.3,0.0,1294.6,279.3,0.0,1298.9,279.7,0.0,1288.2,283.4,0.0,1320.2,283.7,0.0,1284.8,305.3,0.987,1314.6,306.6,0.986,1278.8,294.6,0.0,1312.0,298.8,0.903,1304.6,233.9,0.886,1325.8,235.0,0.838,1303.1,371.5,0.988,1328.3,374.1,0.986,1309.7,342.2,0.0,1370.6,342.8,0.971,1326.0,351.3,0.967,1412.6,351.5,0.96
4431,177.24,1300.3,258.3,0.0,1303.1,255.7,0.0,1304.9,253.6,0.0,1317.3,270.8,0.0,1325.3,264.0,0.0,1331.2,308.9,0.974,1349.3,283.5,0.913,1311.7,347.5,0.0,1333.1,302.1,0.837,1305.3,298.5,0.925,1315.1,278.9,0.771,1302.3,349.3,0.0,1312.5,330.3,0.985,1197.5,342.9,0.97,1211.5,323.4,0.944,1103.4,295.0,0.913,1113.0,283.5,0.879
4434,177.36,1310.4,258.6,0.0,1310.0,257.1,0.0,1315.5,252.3,0.0,1316.7,270.3,0.0,1334.0,259.9,0.0,1328.4,305.9,0.982,1350.8,276.3,0.895,1307.6,349.8,0.0,1318.6,303.9,0.843,1277.6,292.5,0.0,1307.3,275.6,0.811,1303.6,339.1,0.996,1319.4,319.4,0.991,1233.6,335.9,0.987,1261.8,310.6,0.973,1149.3,309.8,0.953,1167.6,289.8,0.927
4437,177.48,1292.2,283.3,0.0,1289.1,281.4,0.0,1297.7,280.9,0.0,1286.1,293.3,0.0,1320.8,291.6,0.0,1288.3,319.4,0.958,1360.9,313.9,0.975,1271.4,332.1,0.0,1390.7,314.0,0.917,1233.5,293.4,0.781,1376.7,270.2,0.837,1299.9,353.2,0.0,1357.2,345.8,0.977,1197.9,317.1,0.924,1328.9,307.6,0.936,1122.2,312.5,0.818,1309.7,298.6,0.847
4440,177.6,1281.9,275.6,0.0,1280.5,273.3,0.0,1287.9,272.6,0.0,1285.8,287.7,0.0,1310.9,284.2,0.0,1298.0,325.9,0.965,1343.3,307.5,0.959,1234.4,356.9,0.932,1341.7,305.6,0.9,1125.4,306.8,0.899,1312.9,266.7,0.864,1321.2,362.6,0.977,1352.6,350.1,0.974,1231.8,320.7,0.929,1300.3,304.4,0.916,1176.8,309.5,0.795,1278.6,295.2,0.0
4443,177.72,1287.4,274.6,0.0,1287.0,271.2,0.0,1293.6,271.9,0.0,1295.5,285.1,0.0,1313.8,284.2,0.0,1304.6,322.0,0.918,1336.0,310.5,0.896,1265.8,351.3,0.919,1324.1,312.8,0.856,1217.5,306.1,0.911,1284.7,270.9,0.853,1323.9,363.9,0.967,1346.1,356.3,0.959,1252.0,319.9,0.916,1295.5,312.0,0.89,1219.6,306.7,0.798,1285.8,300.6,0.782
4446,177.84,1309.9,236.8,0.0,1310.1,232.9,0.0,1317.7,230.3,0.0,1320.6,246.5,0.0,1346.0,237.5,0.0,1331.4,293.2,0.966,1368.5,259.1,0.815,1311.8,339.4,0.0,1336.9,268.3,0.73,1290.1,302.3,0.94,1303.9,234.7,0.721,1306.9,376.3,0.987,1331.1,353.7,0.969,1209.9,334.3,0.963,1229.8,308.4,0.911,1133.1,325.9,0.891,1136.1,304.1,0.824
4449,177.96,1286.4,291.2,0.0,1284.9,287.5,0.0,1291.0,289.2,0.0,1288.6,297.5,0.0,1309.4,299.4,0.0,1286.7,328.3,0.944,1341.8,319.0,0.928,1217.4,340.0,0.917,1348.8,290.2,0.847,1139.7,317.4,0.892,1320.4,254.2,0.824,1312.1,364.4,0.961,1347.2,359.8,0.95,1254.1,307.2,0.9,1313.0,304.9,0.865,1221.7,295.6,0.792,1305.9,296.4,0.77
4452,178.08,1292.2,304.1,0.0,1290.4,300.3,0.0,1296.0,302.1,0.0,1289.6,306.7,0.0,1311.5,310.8,0.0,1292.0,334.4,0.966,1329.1,337.3,0.974,1243.0,339.5,0.925,1351.8,327.9,0.936,1178.1,301.2,0.89,1366.8,264.9,0.895,1294.6,358.1,0.0,1325.2,357.5,0.989,1242.4,309.1,0.963,1341.1,313.0,0.966,1188.4,267.5,0.907,1348.9,273.6,0.917
4455,178.2,1293.1,268.4,0.0,1291.4,264.9,0.0,1296.6,264.3,0.0,1287.7,275.8,0.0,1314.7,276.3,0.0,1290.5,306.4,0.985,1330.7,315.4,0.986,1284.0,312.8,0.957,1352.1,342.9,0.961,1271.7,283.8,0.926,1376.9,324.8,0.921,1277.3,362.3,0.996,1316.3,362.8,0.996,1208.9,317.3,0.989,1335.6,318.5,0.989,1123.1,312.0,0.965,1322.1,309.6,0.968
4458,178.32,1312.3,300.6,0.0,1311.0,299.9,0.0,1319.1,300.1,0.0,1305.1,308.9,0.0,1333.5,311.6,0.0,1298.9,317.1,0.972,1334.4,336.0,0.967,1287.3,294.4,0.945,1338.3,349.0,0.923,1284.5,261.7,0.0,1363.2,330.1,0.865,1284.8,336.6,0.994,1324.6,342.3,0.993,1208.2,308.9,0.983,1363.9,316.3,0.981,1142.2,274.0,0.959,1396.4,276.0,0.958
4461,178.44,1277.6,282.0,0.0,1277.1,281.3,0.0,1283.1,278.8,0.0,1274.6,291.5,0.0,1302.7,286.7,0.0,1265.9,316.2,0.996,1323.0,307.8,0.994,1215.4,300.5,0.988,1336.2,271.2,0.975,1161.8,282.6,0.967,1344.7,200.5,0.948,1283.8,335.0,0.999,1331.9,331.7,0.999,1245.1,307.7,0.998,1385.1,305.5,0.998,1209.3,292.6,0.991,1429.6,285.0,0.992
4464,178.56,1284.7,294.7,0.0,1283.0,292.9,0.0,1289.4,292.5,0.0,1281.5,301.1,0.0,1304.1,300.0,0.0,1284.4,329.3,0.984,1321.1,324.0,0.988,1250.3,323.6,0.956,1329.9,289.6,0.964,1201.6,299.7,0.923,1328.5,225.5,0.932,1312.0,342.4,0.996,1342.9,342.2,0.997,1290.6,294.9,0.989,1382.0,296.1,0.99,1269.9,251.8,0.973,1416.7,250.8,0.978
4467,178.68,1273.6,287.6,0.0,1273.9,283.4,0.0,1279.6,282.6,0.0,1280.1,290.8,0.0,1309.1,288.1,0.0,1283.4,320.7,0.995,1334.8,318.3,0.989,1243.7,297.8,0.981,1343.2,299.7,0.949,1197.1,271.8,0.959,1344.9,266.0,0.912,1282.1,366.9,0.998,1327.7,362.0,0.997,1218.5,302.9,0.994,1352.7,299.2,0.992,1145.3,299.9,0.981,1360.2,294.7,0.979
4470,178.8,1297.9,281.0,0.0,1296.1,276.8,0.0,1304.9,276.6,0.0,1303.5,283.9,0.0,1332.2,282.9,0.0,1315.8,315.6,0.975,1350.1,305.9,0.931,1271.0,318.5,0.967,1327.5,297.6,0.882,1223.3,278.1,0.942,1320.8,248.1,0.851,1295.8,365.9,0.993,1320.6,355.3,0.989,1223.8,306.8,0.981,1277.5,299.4,0.0,1145.7,290.5,0.944,1220.8,287.6,0.931
4473,178.92,1560.1,8.1,0.0,1569.3,2.3,0.0,1555.4,1.9,0.0,1581.9,4.9,0.0,1533.2,4.1,0.0,1585.0,0.0,0.052,1502.7,3.7,0.18,1602.7,20.8,0.125,1486.0,26.2,0.455,1609.7,94.3,0.22,1507.4,60.9,0.515,1570.6,34.7,0.506,1509.6,37.7,0.669,1608.8,19.1,0.676,1500.9,23.1,0.8,1620.1,101.1,0.772,1498.9,97.5,0.841
4476,179.04,1558.6,7.7,0.0,1568.5,2.4,0.0,1554.2,1.3,0.0,1581.8,6.4,0.0,1532.2,3.8,0.0,1583.1,0.0,0.047,1502.2,4.2,0.157,1603.4,20.9,0.111,1487.6,26.3,0.407,1610.1,96.1,0.198,1507.6,60.8,0.47,1568.4,34.9,0.465,1508.6,37.4,0.625,1608.3,17.9,0.655,1503.2,20.3,0.781,1619.0,100.1,0.769,1500.8,92.5,0.837
4479,179.16,1558.2,7.2,0.0,1568.2,1.7,0.0,1553.6,0.8,0.0,1581.5,6.0,0.0,1531.3,4.0,0.0,1582.6,0.0,0.042,1502.0,4.7,0.13,1602.9,20.2,0.101,1487.2,26.1,0.358,1610.2,95.2,0.181,1506.5,60.0,0.428,1567.7,33.8,0.43,1508.0,36.5,0.582,1608.6,17.6,0.634,1503.6,20.5,0.758,1619.1,100.3,0.76,1500.2,93.6,0.826
4482,179.28,1559.1,8.4,0.0,1568.5,2.6,0.0,1554.5,2.1,0.0,1581.4,5.4,0.0,1532.4,4.3,0.0,1584.5,0.0,0.05,1501.7,3.8,0.173,1603.6,20.8,0.133,1484.9,25.7,0.468,1611.7,97.0,0.243,1506.5,61.0,0.542,1571.1,37.5,0.467,1509.9,40.5,0.633,1607.9,17.3,0.621,1500.8,21.2,0.757,1620.8,101.5,0.715,1501.4,97.2,0.796
4485,179.4,1295.7,294.3,0.0,1292.3,293.3,0.0,1301.9,292.3,0.0,1286.3,303.2,0.0,1317.0,302.2,0.0,1281.0,326.2,0.962,1312.0,335.8,0.965,1287.6,312.7,0.919,1317.4,343.0,0.901,1290.3,264.0,0.895,1330.9,296.9,0.869,1309.0,368.4,0.984,1330.0,375.6,0.984,1337.7,303.0,0.973,1361.5,307.2,0.973,1377.1,307.7,0.947,1411.5,303.2,0.95
4488,179.52,1559.7,8.7,0.0,1568.8,2.6,0.0,1555.4,2.5,0.0,1582.2,4.5,0.0,1534.5,4.0,0.0,1587.3,0.0,0.059,1503.1,2.6,0.198,1603.5,21.2,0.167,1483.1,24.7,0.531,1610.7,97.4,0.302,1506.4,61.0,0.609,1574.4,40.2,0.519,1512.1,43.1,0.678,1608.0,18.2,0.641,1499.4,22.5,0.771,1621.0,101.5,0.707,1500.3,98.9,0.79
4491,179.64,1559.6,9.1,0.0,1569.0,3.0,0.0,1555.0,2.8,0.0,1582.3,5.2,0.0,1533.2,4.6,0.0,1586.0,0.0,0.05,1502.9,3.4,0.172,1603.2,20.2,0.136,1485.0,25.2,0.475,1610.1,96.3,0.251,1506.4,62.3,0.55,1573.0,38.0,0.474,1511.4,41.0,0.639,1607.1,17.4,0.624,1499.2,21.5,0.759,1620.4,101.7,0.714,1500.1,98.4,0.796
4494,179.76,1559.8,8.4,0.0,1568.8,2.2,0.0,1555.1,2.3,0.0,1582.0,4.2,0.0,1533.6,4.3,0.0,1587.0,0.0,0.055,1503.7,2.9,0.186,1603.5,20.4,0.155,1485.5,24.7,0.505,1610.1,96.3,0.28,1506.9,62.0,0.582,1574.2,39.0,0.508,1512.3,42.0,0.668,1607.8,17.4,0.646,1498.5,21.9,0.774,1620.4,102.5,0.722,1497.9,100.5,0.801
4497,179.88,1559.6,8.0,0.0,1568.4,1.8,0.0,1555.0,2.1,0.0,1581.2,3.4,0.0,1533.7,4.1,0.0,1586.4,0.0,0.057,1504.5,2.1,0.189,1603.4,20.0,0.169,1487.2,24.6,0.525,1610.6,96.1,0.304,1506.8,61.6,0.605,1573.8,38.1,0.531,1512.6,41.2,0.686,1607.7,19.4,0.655,1498.7,24.1,0.779,1621.6,103.4,0.718,1497.8,102.0,0.796
4500,180.0,1286.5,238.4,0.0,1298.2,239.5,0.0,1288.3,229.9,0.0,1312.0,263.6,0.0,1287.1,237.8,0.0,1321.4,307.3,0.994,1267.6,289.7,0.909,1327.1,310.1,0.989,1219.4,291.6,0.61,1329.8,276.8,0.98,1237.2,263.1,0.711,1308.7,397.9,0.993,1287.3,386.4,0.969,1247.2,349.2,0.991,1219.6,345.8,0.959,1178.4,370.9,0.965,1156.6,366.1,0.918
4503,180.12,1282.2,414.4,0.0,1282.1,417.5,0.0,1290.2,420.1,0.0,1281.0,424.0,0.0,1298.2,420.6,0.0,1275.9,401.8,0.855,1301.1,397.7,0.85,1312.2,402.4,0.873,1343.3,372.0,0.875,1427.3,393.3,0.918,1439.0,392.2,0.909,1300.9,347.9,0.984,1313.9,340.3,0.983,1268.4,361.8,0.988,1289.9,333.4,0.987,1228.6,349.0,0.974,1257.9,296.4,0.974
4506,180.24,1288.7,417.2,0.0,1287.7,416.2,0.0,1290.2,420.7,0.0,1290.5,424.9,0.0,1291.9,423.6,0.0,1287.0,411.4,0.866,1298.8,416.2,0.886,1312.7,390.1,0.834,1339.3,375.3,0.864,1439.0,386.6,0.901,1462.2,388.1,0.906,1320.2,379.1,0.0,1327.8,379.7,0.963,1329.7,375.7,0.955,1340.9,360.9,0.957,1391.9,350.5,0.906,1400.6,318.8,0.913
4509,180.36,1300.2,405.2,0.0,1296.9,409.7,0.0,1305.6,411.1,0.0,1278.0,421.0,0.0,1297.4,415.8,0.0,1257.0,401.8,0.857,1282.0,404.0,0.843,1328.7,409.5,0.879,1362.1,373.0,0.867,1464.1,390.5,0.924,1489.0,391.2,0.907,1254.2,365.2,0.971,1267.6,363.3,0.968,1318.7,368.3,0.0,1344.1,357.1,0.973,1320.0,334.8,0.973,1361.6,305.4,0.973
4512,180.48,1294.4,397.4,0.0,1288.9,398.7,0.0,1294.3,400.6,0.0,1265.7,405.6,0.0,1276.6,403.6,0.0,1244.4,400.2,0.934,1266.7,398.6,0.94,1295.3,415.7,0.901,1353.4,380.7,0.916,1421.7,399.0,0.932,1502.2,391.8,0.928,1294.5,370.8,0.988,1304.8,369.9,0.988,1359.0,386.3,0.992,1376.1,382.9,0.992,1370.2,355.7,0.992,1396.9,343.3,0.993
4515,180.6,1206.2,275.8,0.0,1212.4,270.4,0.0,1203.0,274.0,0.0,1222.7,283.8,0.0,1201.6,293.1,0.0,1251.0,338.0,0.967,1215.6,359.1,0.958,1367.9,406.2,0.902,1298.1,419.2,0.879,1501.5,406.4,0.906,1440.3,379.2,0.879,1366.7,388.8,0.943,1356.9,403.9,0.941,1338.4,375.9,0.92,1322.7,388.8,0.922,1315.2,348.6,0.851,1296.5,370.4,0.862
4518,180.72,1311.0,418.7,0.0,1306.6,419.4,0.0,1311.8,422.5,0.0,1286.8,423.9,0.0,1295.9,424.3,0.0,1267.1,410.2,0.941,1274.4,411.7,0.909,1341.6,399.2,0.925,1358.5,369.8,0.865,1456.3,371.8,0.932,1508.8,381.6,0.883,1285.9,370.3,0.987,1290.6,369.5,0.982,1357.1,376.2,0.988,1364.3,373.3,0.983,1392.1,319.5,0.988,1414.5,305.1,0.986
4521,180.84,1199.9,245.3,0.0,1197.3,238.8,0.0,1193.9,249.7,0.0,1210.4,249.0,0.0,1203.9,265.1,0.0,1247.7,287.6,0.979,1225.3,315.5,0.987,1265.2,325.1,0.924,1240.5,388.4,0.95,1267.2,250.2,0.909,1288.8,335.2,0.924,1371.0,376.5,0.989,1364.4,392.0,0.992,1378.7,388.4,0.984,1377.5,386.6,0.988,1484.3,387.2,0.982,1504.8,384.8,0.986
4524,180.96,1190.9,255.4,0.0,1196.2,249.7,0.0,1190.4,253.1,0.0,1211.8,260.1,0.0,1200.8,263.0,0.0,1230.7,314.8,0.989,1238.1,334.9,0.959,1222.2,352.5,0.963,1266.1,366.1,0.839,1169.1,294.3,0.947,1269.9,289.1,0.861,1412.7,366.9,0.986,1423.9,383.0,0.975,1398.3,326.8,0.985,1411.9,337.9,0.976,1426.8,282.8,0.98,1434.1,288.3,0.974
4527,181.08,1288.9,380.8,0.0,1278.5,386.7,0.0,1293.1,395.2,0.0,1267.5,410.4,0.0,1301.6,415.2,0.0,1285.4,384.3,0.904,1320.0,412.8,0.924,1343.7,393.0,0.922,1382.7,400.2,0.936,1438.2,360.7,0.954,1460.2,384.7,0.952,1335.5,378.1,0.0,1356.4,386.0,0.995,1302.9,365.6,0.997,1345.6,321.0,0.997,1306.4,367.4,0.994,1386.6,264.7,0.995
4530,181.2,1327.8,382.9,0.0,1327.5,396.6,0.0,1343.4,389.3,0.0,1308.5,420.3,0.0,1348.4,389.8,0.0,1273.2,414.0,0.936,1351.1,354.0,0.941,1266.9,425.4,0.91,1414.2,233.9,0.91,1346.7,377.4,0.0,1458.7,137.0,0.941,1291.6,363.9,0.963,1330.3,322.6,0.962,1322.5,317.5,0.0,1383.6,254.3,0.941,1291.1,311.3,0.854,1364.3,224.4,0.862
4533,181.32,1280.2,402.5,0.0,1275.7,415.7,0.0,1298.1,415.4,0.0,1269.0,436.0,0.0,1325.7,420.9,0.0,1236.4,399.7,0.976,1363.7,394.5,0.963,1144.8,393.8,0.965,1413.7,287.4,0.96,1087.7,356.8,0.962,1413.9,170.6,0.967,1307.7,325.7,0.0,1368.3,322.0,0.993,1264.8,340.2,0.991,1352.7,307.3,0.99,1272.5,284.9,0.975,1374.3,211.8,0.974
4536,181.44,1330.5,387.8,0.0,1330.9,389.0,0.0,1338.6,399.3,0.0,1338.7,403.1,0.0,1355.5,419.2,0.0,1323.1,397.8,0.956,1363.2,397.1,0.955,1287.0,337.4,0.956,1386.3,292.5,0.943,1253.6,280.1,0.948,1397.8,183.6,0.943,1311.8,366.9,0.995,1333.1,365.6,0.995,1244.2,350.7,0.991,1269.7,332.6,0.99,1210.4,312.8,0.962,1243.2,287.4,0.963
4539,181.56,1310.9,425.4,0.0,1319.7,419.4,0.0,1315.0,432.2,0.0,1354.1,409.2,0.0,1336.1,443.4,0.0,1376.7,376.4,0.973,1331.2,430.2,0.956,1408.9,249.9,0.969,1312.7,343.8,0.9,1410.6,183.8,0.954,1295.7,266.9,0.883,1340.5,331.0,0.997,1322.7,361.5,0.995,1233.1,353.8,0.993,1202.9,372.9,0.989,1183.1,300.3,0.959,1151.7,302.0,0.947
4542,181.68,1298.1,257.9,0.0,1299.6,260.6,0.0,1306.5,267.6,0.0,1313.6,298.5,0.0,1332.9,297.9,0.0,1312.1,368.3,0.919,1364.2,310.7,0.929,1247.1,413.0,0.936,1383.4,261.3,0.947,1210.1,360.4,0.943,1409.8,191.4,0.953,1331.0,407.2,0.992,1360.2,367.6,0.993,1213.6,384.4,0.984,1258.8,307.2,0.986,1167.7,376.2,0.917,1225.7,283.9,0.938
4545,181.8,1438.2,372.8,0.0,1440.6,381.6,0.0,1445.1,375.7,0.0,1435.3,392.4,0.0,1436.9,383.1,0.0,1385.7,370.2,0.956,1406.3,367.2,0.965,1355.5,272.3,0.95,1384.9,265.6,0.955,1381.9,191.5,0.968,1442.0,173.2,0.961,1341.0,314.5,0.996,1353.1,314.6,0.996,1340.0,237.2,0.998,1359.4,236.1,0.997,1338.2,210.1,0.997,1356.5,197.5,0.997
4548,181.92,1353.5,374.6,0.0,1349.1,377.6,0.0,1358.7,378.4,0.0,1344.1,381.6,0.0,1358.7,382.5,0.0,1331.6,385.6,0.91,1356.5,358.1,0.961,1226.6,373.8,0.915,1375.6,261.9,0.964,1134.1,337.0,0.911,1429.2,192.7,0.947,1362.0,346.6,0.994,1371.4,339.5,0.996,1342.1,274.8,0.991,1372.7,268.4,0.993,1350.4,202.1,0.988,1418.5,208.2,0.991
4551,182.04,1330.9,315.2,0.0,1328.0,314.3,0.0,1335.4,310.5,0.0,1324.2,326.2,0.0,1347.1,316.9,0.0,1309.5,375.8,0.961,1373.6,324.6,0.97,1231.6,392.9,0.933,1397.6,251.1,0.953,1153.1,373.3,0.907,1430.3,203.5,0.928,1334.5,404.1,0.991,1372.8,385.0,0.992,1327.4,317.7,0.979,1394.0,296.4,0.983,1318.8,290.0,0.956,1402.2,283.9,0.965
4554,182.16,1325.0,320.4,0.0,1321.8,320.5,0.0,1333.4,317.1,0.0,1319.6,338.2,0.0,1350.7,327.4,0.0,1304.2,382.7,0.921,1364.9,343.5,0.906,1226.6,398.9,0.943,1392.4,275.6,0.901,1136.5,354.4,0.931,1420.4,192.4,0.891,1345.8,405.0,0.991,1379.2,393.2,0.988,1345.3,329.0,0.984,1391.7,310.7,0.98,1356.2,297.5,0.973,1417.3,276.6,0.972
4557,182.28,1226.2,239.7,0.0,1218.4,241.2,0.0,1230.4,239.2,0.0,1202.5,268.0,0.0,1242.9,263.8,0.0,1200.0,327.8,0.988,1292.7,309.4,0.987,1165.0,345.8,0.961,1359.6,287.5,0.948,1136.2,361.8,0.923,1388.3,217.7,0.917,1296.2,410.2,0.991,1355.5,406.3,0.991,1309.4,277.6,0.979,1382.9,275.4,0.981,1347.2,274.9,0.96,1438.8,270.1,0.964
4560,182.4,1374.1,406.4,0.0,1371.4,407.3,0.0,1384.8,407.8,0.0,1368.0,405.7,0.0,1400.3,407.9,0.0,1343.8,392.1,0.0,1412.7,404.5,0.934,1295.3,347.7,0.844,1412.6,355.8,0.863,1258.0,278.8,0.825,1392.1,269.3,0.819,1350.4,375.9,0.976,1402.3,379.0,0.977,1274.4,359.9,0.961,1397.5,363.9,0.96,1235.8,313.9,0.933,1422.3,305.1,0.937
4563,182.52,1472.2,381.5,0.0,1473.2,388.2,0.0,1479.3,382.4,0.0,1461.6,401.1,0.0,1473.7,392.0,0.0,1429.0,388.3,0.959,1448.8,380.5,0.933,1358.9,330.9,0.957,1405.1,319.9,0.913,1315.9,277.8,0.935,1392.9,265.0,0.876,1347.7,384.0,0.996,1356.9,373.1,0.994,1251.8,368.2,0.99,1280.4,359.8,0.984,1145.7,331.5,0.979,1189.3,316.1,0.972
4566,182.64,1493.0,359.9,0.0,1497.8,369.8,0.0,1496.9,360.5,0.0,1496.0,390.3,0.0,1486.4,372.4,0.0,1447.2,403.6,0.974,1465.4,355.2,0.97,1333.7,402.4,0.953,1437.7,293.9,0.933,1200.3,360.1,0.956,1450.9,243.9,0.937,1374.8,374.4,0.991,1387.4,348.4,0.989,1305.0,274.2,0.991,1373.8,240.9,0.989,1251.7,253.5,0.988,1366.4,221.7,0.987
4569,182.76,1348.4,331.1,0.0,1344.6,330.7,0.0,1351.8,331.0,0.0,1339.3,338.6,0.0,1361.1,339.4,0.0,1338.9,361.4,0.985,1372.2,357.3,0.985,1244.9,346.1,0.974,1420.3,320.4,0.965,1133.1,341.1,0.956,1459.7,275.8,0.945,1350.5,373.7,0.998,1380.1,371.4,0.0,1292.4,300.7,0.997,1425.5,301.0,0.997,1213.9,275.1,0.993,1472.9,275.0,0.994
4572,182.88,1351.1,360.0,0.0,1347.2,359.6,0.0,1352.1,362.7,0.0,1346.8,364.2,0.0,1357.3,371.5,0.0,1360.9,368.5,0.96,1365.7,374.0,0.975,1367.9,327.5,0.94,1420.9,336.6,0.961,1362.5,279.5,0.939,1489.4,304.7,0.949,1391.8,368.4,0.994,1392.9,374.1,0.995,1421.6,294.6,0.991,1434.3,299.0,0.993,1446.9,266.0,0.987,1492.0,278.1,0.99
4575,183.0,1343.0,368.5,0.0,1336.9,367.0,0.0,1341.8,371.6,0.0,1333.0,363.1,0.0,1346.7,378.1,0.0,1339.4,359.5,0.986,1373.4,376.5,0.987,1301.6,304.5,0.962,1422.1,322.9,0.969,1252.8,264.8,0.946,1468.4,263.2,0.95,1335.4,361.9,0.998,1368.6,365.1,0.998,1258.8,324.9,0.995,1397.9,334.3,0.996,1153.0,292.2,0.985,1404.7,308.7,0.988
4578,183.12,1297.7,435.9,0.0,1293.4,442.2,0.0,1306.4,437.7,0.0,1293.7,440.5,0.0,1318.2,428.5,0.0,1291.9,426.1,0.991,1339.4,392.7,0.99,1190.3,390.5,0.977,1410.2,299.1,0.976,1060.8,350.6,0.954,1468.2,236.3,0.953,1347.3,345.9,0.999,1379.6,331.9,0.0,1283.8,313.0,0.998,1398.6,291.6,0.998,1229.1,242.4,0.995,1450.3,218.3,0.996
4581,183.24,1322.6,433.2,0.0,1313.8,438.2,0.0,1329.7,439.8,0.0,1310.5,430.8,0.0,1347.3,437.3,0.0,1305.0,417.1,0.0,1375.0,398.7,0.99,1200.5,388.6,0.979,1416.8,309.5,0.952,1107.9,366.1,0.955,1459.4,212.2,0.925,1337.8,357.4,0.998,1391.2,349.9,0.998,1285.4,298.8,0.997,1430.0,297.8,0.996,1219.6,244.5,0.993,1481.8,253.4,0.993
4584,183.36,1345.4,429.3,0.0,1337.5,433.9,0.0,1356.0,436.8,0.0,1327.0,427.9,0.0,1373.4,439.7,0.0,1296.9,413.8,0.995,1397.1,421.4,0.992,1191.8,379.5,0.979,1464.9,363.4,0.961,1143.4,355.7,0.964,1514.4,291.1,0.937,1305.6,369.0,0.999,1375.7,371.8,0.998,1279.7,287.8,0.998,1422.8,298.4,0.998,1231.0,257.4,0.997,1474.2,272.2,0.997
4587,183.48,1307.3,408.7,0.0,1307.7,413.5,0.0,1323.8,407.8,0.0,1314.3,420.5,0.0,1357.4,403.3,0.0,1296.4,410.9,0.974,1386.4,387.6,0.98,1194.6,383.9,0.953,1462.8,315.2,0.965,1104.8,368.6,0.913,1528.2,282.7,0.924,1344.6,357.4,0.997,1416.9,347.8,0.998,1217.3,362.2,0.992,1453.2,346.0,0.992,1112.1,305.6,0.976,1512.5,273.1,0.981
4590,183.6,1300.5,454.6,0.0,1300.2,456.9,0.0,1293.1,447.2,0.0,1318.1,461.7,0.0,1298.5,423.7,0.0,1363.6,438.5,0.997,1299.7,403.5,0.999,1420.1,404.9,0.98,1252.2,383.0,0.996,1465.4,410.0,0.934,1237.9,343.7,0.982,1380.0,323.3,0.999,1363.3,302.4,1.0,1408.1,247.5,0.996,1378.2,238.1,0.998,1445.7,136.9,0.974,1418.0,131.2,0.986
4593,183.72,1306.0,459.4,0.0,1305.0,461.3,0.0,1296.3,448.3,0.0,1321.9,461.7,0.0,1295.3,417.6,0.0,1373.4,435.8,0.995,1289.2,391.5,0.997,1467.5,388.9,0.979,1235.5,355.3,0.993,1475.7,377.1,0.94,1174.3,327.5,0.976,1408.7,315.3,0.999,1384.8,281.5,0.999,1434.8,262.6,0.989,1393.4,203.3,0.994,1455.5,193.0,0.931,1413.4,95.3,0.96
4596,183.84,1320.9,426.8,0.0,1317.3,430.9,0.0,1312.0,419.3,0.0,1322.0,438.3,0.0,1308.2,395.3,0.0,1355.9,422.1,0.981,1312.7,373.1,0.992,1435.1,395.0,0.927,1335.3,309.5,0.982,1432.2,353.7,0.832,1304.5,255.8,0.942,1388.4,352.4,0.995,1377.1,312.0,0.997,1382.0,326.8,0.982,1364.1,228.2,0.991,1421.7,290.1,0.927,1412.3,124.9,0.958
4599,183.96,1217.6,316.0,0.0,1222.6,323.1,0.0,1213.6,315.9,0.0,1252.2,364.4,0.0,1242.4,326.6,0.0,1288.7,399.5,0.977,1279.1,333.7,0.995,1248.7,392.9,0.928,1250.4,331.1,0.99,1140.3,370.6,0.877,1180.9,349.2,0.97,1383.2,398.9,0.997,1383.9,338.3,0.998,1378.9,377.9,0.989,1369.2,202.7,0.995,1466.3,353.1,0.942,1456.2,88.4,0.967
4602,184.08,1267.4,295.3,0.0,1267.2,288.9,0.0,1259.9,304.0,0.0,1300.2,285.8,0.0,1284.0,329.0,0.0,1370.4,263.3,0.977,1309.3,367.2,0.966,1432.2,137.2,0.963,1251.3,429.6,0.948,1503.6,39.9,0.0,1141.0,413.9,0.942,1421.4,330.7,0.969,1398.7,400.2,0.96,1325.7,266.6,0.886,1305.6,392.4,0.873,1353.4,237.5,0.76,1331.1,415.2,0.746
4605,184.2,1274.4,334.9,0.0,1268.0,328.6,0.0,1265.7,341.7,0.0,1277.6,325.2,0.0,1268.5,362.4,0.0,1311.5,307.4,0.973,1266.2,390.2,0.93,1357.6,186.8,0.971,1202.5,413.2,0.924,1464.7,64.3,0.954,1113.9,414.2,0.919,1362.7,364.7,0.987,1348.7,423.8,0.978,1356.4,274.1,0.964,1353.8,401.3,0.949,1455.0,248.5,0.881,1452.5,430.7,0.851
4608,184.32,1380.4,338.5,0.0,1366.2,334.2,0.0,1367.4,351.6,0.0,1333.2,308.7,0.0,1336.9,372.6,0.0,1313.4,237.4,0.915,1326.2,393.7,0.908,1389.2,114.7,0.907,1438.3,434.6,0.892,1461.1,38.2,0.917,1582.6,458.1,0.888,1314.5,210.8,0.906,1323.7,308.6,0.899,1411.6,195.3,0.66,1418.9,312.2,0.652,1480.8,171.3,0.264,1492.7,277.3,0.259
